captured_at,game_id,season,week,kickoff,away_team,home_team,provider,away_ml,home_ml,home_spread,market_total,consensus_home_spread,consensus_total,consensus_home_novig_probability,spread_market_std,total_market_std,consensus_probability_std,best_home_ml,best_away_ml,best_home_ml_book,best_away_ml_book,best_home_spread,best_away_spread,best_home_spread_odds,best_away_spread_odds,best_home_spread_book,best_away_spread_book,best_over_total,best_under_total,best_over_odds,best_under_odds,best_over_book,best_under_book,market_book_count,market_books,market_quote_sources,market_quotes_json,minutes_to_kickoff
2026-09-30T05:32:38.549383+00:00,401871049,2026,5,2026-10-02T00:00:00.000Z,Western Kentucky,New Mexico State,DraftKings,114.0,-135.0,-2.5,57.5,-2.5,57.5,0.5429667132378126,0.3479852726768763,1.6393596310755,0.0169861397885206,-110.0,115.0,ActionNetwork book 30,ActionNetwork book 75,-1.5,2.5,-102.0,-105.0,ActionNetwork book 30,ActionNetwork book 75,52.5,57.5,-102.0,-110.0,ActionNetwork book 30,ActionNetwork book 68,8.0,DraftKings | ActionNetwork book 15 | ActionNetwork book 30 | ActionNetwork book 49 | ActionNetwork book 68 | ActionNetwork book 69 | ActionNetwork book 71 | ActionNetwork book 75,action_network | espn_core,"[{""away_ml"":114.0,""away_spread_price"":-108.0,""home_ml"":-135.0,""home_spread"":-2.5,""home_spread_price"":-112.0,""last_update"":null,""market_total"":57.5,""over_price"":-108.0,""provider"":""ActionNetwork book 15"",""source"":""action_network"",""under_price"":-115.0},{""away_ml"":-110.0,""away_spread_price"":-120.0,""home_ml"":-110.0,""home_spread"":-1.5,""home_spread_price"":-102.0,""last_update"":null,""market_total"":52.5,""over_price"":-102.0,""provider"":""ActionNetwork book 30"",""source"":""action_network"",""under_price"":-120.0},{""away_ml"":114.0,""away_spread_price"":-112.0,""home_ml"":-134.0,""home_spread"":-2.5,""home_spread_price"":-108.0,""last_update"":null,""market_total"":57.5,""over_price"":-107.0,""provider"":""ActionNetwork book 49"",""source"":""action_network"",""under_price"":-113.0},{""away_ml"":114.0,""away_spread_price"":-108.0,""home_ml"":-135.0,""home_spread"":-2.5,""home_spread_price"":-112.0,""last_update"":null,""market_total"":57.5,""over_price"":-110.0,""provider"":""ActionNetwork book 68"",""source"":""action_network"",""under_price"":-110.0},{""away_ml"":108.0,""away_spread_price"":-110.0,""home_ml"":-130.0,""home_spread"":-2.5,""home_spread_price"":-110.0,""last_update"":null,""market_total"":57.5,""over_price"":-105.0,""provider"":""ActionNetwork book 69"",""source"":""action_network"",""under_price"":-115.0},{""away_ml"":108.0,""away_spread_price"":-112.0,""home_ml"":-132.0,""home_spread"":-2.0,""home_spread_price"":-112.0,""last_update"":null,""market_total"":56.5,""over_price"":-114.0,""provider"":""ActionNetwork book 71"",""source"":""action_network"",""under_price"":-109.0},{""away_ml"":115.0,""away_spread_price"":-105.0,""home_ml"":-140.0,""home_spread"":-2.5,""home_spread_price"":-112.0,""last_update"":null,""market_total"":57.5,""over_price"":-108.0,""provider"":""ActionNetwork book 75"",""source"":""action_network"",""under_price"":-110.0},{""away_ml"":114.0,""away_spread_price"":null,""home_ml"":-135.0,""home_spread"":-2.5,""home_spread_price"":null,""last_update"":null,""market_total"":57.5,""over_price"":null,""provider"":""DraftKings"",""source"":""espn_core"",""under_price"":null}]",2547.3575102833333
2026-09-30T05:32:38.549383+00:00,401862786,2026,5,2026-10-02T01:00:00.000Z,North Texas,Tulsa,DraftKings,-108.0,-112.0,-1.5,57.5,-1.5,57.5,0.5206158257686158,0.7680128579652817,0.3307189138830738,0.0243592012314995,-112.0,130.0,DraftKings,ActionNetwork book 30,-1.0,3.5,-108.0,-118.0,ActionNetwork book 49,ActionNetwork book 30,56.5,57.5,-110.0,-105.0,ActionNetwork book 30,ActionNetwork book 49,8.0,DraftKings | ActionNetwork book 15 | ActionNetwork book 30 | ActionNetwork book 49 | ActionNetwork book 68 | ActionNetwork book 69 | ActionNetwork book 71 | ActionNetwork book 75,action_network | espn_core,"[{""away_ml"":-105.0,""away_spread_price"":-110.0,""home_ml"":-115.0,""home_spread"":-1.5,""home_spread_price"":-110.0,""last_update"":null,""market_total"":57.5,""over_price"":-110.0,""provider"":""ActionNetwork book 15"",""source"":""action_network"",""under_price"":-110.0},{""away_ml"":130.0,""away_spread_price"":-118.0,""home_ml"":-156.0,""home_spread"":-3.5,""home_spread_price"":-104.0,""last_update"":null,""market_total"":56.5,""over_price"":-110.0,""provider"":""ActionNetwork book 30"",""source"":""action_network"",""under_price"":-110.0},{""away_ml"":100.0,""away_spread_price"":-113.0,""home_ml"":-118.0,""home_spread"":-1.0,""home_spread_price"":-108.0,""last_update"":null,""market_total"":57.5,""over_price"":-115.0,""provider"":""ActionNetwork book 49"",""source"":""action_network"",""under_price"":-105.0},{""away_ml"":-108.0,""away_spread_price"":-120.0,""home_ml"":-112.0,""home_spread"":-1.5,""home_spread_price"":100.0,""last_update"":null,""market_total"":57.5,""over_price"":-112.0,""provider"":""ActionNetwork book 68"",""source"":""action_network"",""under_price"":-108.0},{""away_ml"":-102.0,""away_spread_price"":-110.0,""home_ml"":-118.0,""home_spread"":-1.5,""home_spread_price"":-110.0,""last_update"":null,""market_total"":57.5,""over_price"":-110.0,""provider"":""ActionNetwork book 69"",""source"":""action_network"",""under_price"":-110.0},{""away_ml"":-105.0,""away_spread_price"":-112.0,""home_ml"":-118.0,""home_spread"":-1.0,""home_spread_price"":-112.0,""last_update"":null,""market_total"":57.5,""over_price"":-109.0,""provider"":""ActionNetwork book 71"",""source"":""action_network"",""under_price"":-113.0},{""away_ml"":-105.0,""away_spread_price"":-110.0,""home_ml"":-115.0,""home_spread"":-1.0,""home_spread_price"":-108.0,""last_update"":null,""market_total"":57.5,""over_price"":-108.0,""provider"":""ActionNetwork book 75"",""source"":""action_network"",""under_price"":-110.0},{""away_ml"":-108.0,""away_spread_price"":null,""home_ml"":-112.0,""home_spread"":-1.5,""home_spread_price"":null,""last_update"":null,""market_total"":57.5,""over_price"":null,""provider"":""DraftKings"",""source"":""espn_core"",""under_price"":null}]",2607.3575102833333
2026-09-30T05:32:38.549383+00:00,401858245,2026,5,2026-10-02T23:00:00.000Z,Pittsburgh,Virginia Tech,DraftKings,136.0,-162.0,-3.5,54.5,-3.5,54.5,0.6050261411761373,0.6614378277661477,0.6584783595532961,0.015522451390197,-162.0,170.0,DraftKings,ActionNetwork book 30,-3.5,5.5,-102.0,-110.0,ActionNetwork book 68,ActionNetwork book 30,54.5,56.5,-117.0,-110.0,ActionNetwork book 49,ActionNetwork book 30,8.0,DraftKings | ActionNetwork book 15 | ActionNetwork book 30 | ActionNetwork book 49 | ActionNetwork book 68 | ActionNetwork book 69 | ActionNetwork book 71 | ActionNetwork book 75,action_network | espn_core,"[{""away_ml"":140.0,""away_spread_price"":-115.0,""home_ml"":-172.0,""home_spread"":-3.5,""home_spread_price"":-106.0,""last_update"":null,""market_total"":54.5,""over_price"":-118.0,""provider"":""ActionNetwork book 15"",""source"":""action_network"",""under_price"":-104.0},{""away_ml"":170.0,""away_spread_price"":-110.0,""home_ml"":-205.0,""home_spread"":-5.5,""home_spread_price"":-110.0,""last_update"":null,""market_total"":56.5,""over_price"":-110.0,""provider"":""ActionNetwork book 30"",""source"":""action_network"",""under_price"":-110.0},{""away_ml"":139.0,""away_spread_price"":-115.0,""home_ml"":-164.0,""home_spread"":-3.5,""home_spread_price"":-105.0,""last_update"":null,""market_total"":54.5,""over_price"":-117.0,""provider"":""ActionNetwork book 49"",""source"":""action_network"",""under_price"":-104.0},{""away_ml"":136.0,""away_spread_price"":-118.0,""home_ml"":-162.0,""home_spread"":-3.5,""home_spread_price"":-102.0,""last_update"":null,""market_total"":54.5,""over_price"":-118.0,""provider"":""ActionNetwork book 68"",""source"":""action_network"",""under_price"":-102.0},{""away_ml"":140.0,""away_spread_price"":-114.0,""home_ml"":-170.0,""home_spread"":-3.5,""home_spread_price"":-106.0,""last_update"":null,""market_total"":54.5,""over_price"":-118.0,""provider"":""ActionNetwork book 69"",""source"":""action_network"",""under_price"":-104.0},{""away_ml"":138.0,""away_spread_price"":-115.0,""home_ml"":-175.0,""home_spread"":-3.5,""home_spread_price"":-106.0,""last_update"":null,""market_total"":55.0,""over_price"":-108.0,""provider"":""ActionNetwork book 71"",""source"":""action_network"",""under_price"":-115.0},{""away_ml"":140.0,""away_spread_price"":-115.0,""home_ml"":-175.0,""home_spread"":-3.5,""home_spread_price"":-105.0,""last_update"":null,""market_total"":54.5,""over_price"":-118.0,""provider"":""ActionNetwork book 75"",""source"":""action_network"",""under_price"":-102.0},{""away_ml"":136.0,""away_spread_price"":null,""home_ml"":-162.0,""home_spread"":-3.5,""home_spread_price"":null,""last_update"":null,""market_total"":54.5,""over_price"":null,""provider"":""DraftKings"",""source"":""espn_core"",""under_price"":null}]",3927.357510283333
2026-09-30T05:32:38.549383+00:00,401871050,2026,5,2026-10-02T23:00:00.000Z,Liberty,Delaware,DraftKings,-270.0,220.0,7.0,50.5,7.0,50.5,0.294716774699532,0.2165063509461096,0.4284784125250652,0.0033631219362456,230.0,-270.0,ActionNetwork book 30,DraftKings,7.5,-7.0,-120.0,-110.0,ActionNetwork book 30,ActionNetwork book 49,49.5,50.5,-114.0,-110.0,ActionNetwork book 69,ActionNetwork book 30,8.0,DraftKings | ActionNetwork book 15 | ActionNetwork book 30 | ActionNetwork book 49 | ActionNetwork book 68 | ActionNetwork book 69 | ActionNetwork book 71 | ActionNetwork book 75,action_network | espn_core,"[{""away_ml"":-280.0,""away_spread_price"":-112.0,""home_ml"":225.0,""home_spread"":7.0,""home_spread_price"":-108.0,""last_update"":null,""market_total"":50.5,""over_price"":-105.0,""provider"":""ActionNetwork book 15"",""source"":""action_network"",""under_price"":-112.0},{""away_ml"":-285.0,""away_spread_price"":-102.0,""home_ml"":230.0,""home_spread"":7.5,""home_spread_price"":-120.0,""last_update"":null,""market_total"":50.5,""over_price"":-110.0,""provider"":""ActionNetwork book 30"",""source"":""action_network"",""under_price"":-110.0},{""away_ml"":-280.0,""away_spread_price"":-110.0,""home_ml"":225.0,""home_spread"":7.0,""home_spread_price"":-110.0,""last_update"":null,""market_total"":49.5,""over_price"":-117.0,""provider"":""ActionNetwork book 49"",""source"":""action_network"",""under_price"":-104.0},{""away_ml"":-270.0,""away_spread_price"":-112.0,""home_ml"":220.0,""home_spread"":7.0,""home_spread_price"":-108.0,""last_update"":null,""market_total"":50.5,""over_price"":-105.0,""provider"":""ActionNetwork book 68"",""source"":""action_network"",""under_price"":-115.0},{""away_ml"":-280.0,""away_spread_price"":-100.0,""home_ml"":225.0,""home_spread"":7.5,""home_spread_price"":-122.0,""last_update"":null,""market_total"":49.5,""over_price"":-114.0,""provider"":""ActionNetwork book 69"",""source"":""action_network"",""under_price"":-106.0},{""away_ml"":-286.0,""away_spread_price"":-114.0,""home_ml"":225.0,""home_spread"":7.0,""home_spread_price"":-109.0,""last_update"":null,""market_total"":50.0,""over_price"":-109.0,""provider"":""ActionNetwork book 71"",""source"":""action_network"",""under_price"":-114.0},{""away_ml"":-285.0,""away_spread_price"":-112.0,""home_ml"":230.0,""home_spread"":7.0,""home_spread_price"":-105.0,""last_update"":null,""market_total"":50.5,""over_price"":-105.0,""provider"":""ActionNetwork book 75"",""source"":""action_network"",""under_price"":-112.0},{""away_ml"":-270.0,""away_spread_price"":null,""home_ml"":220.0,""home_spread"":7.0,""home_spread_price"":null,""last_update"":null,""market_total"":50.5,""over_price"":null,""provider"":""DraftKings"",""source"":""espn_core"",""under_price"":null}]",3927.357510283333
2026-09-30T05:32:38.549383+00:00,401858476,2026,5,2026-10-03T00:00:00.000Z,Penn State,Northwestern,DraftKings,-142.0,120.0,2.5,45.5,2.5,45.5,0.4226934635477128,1.4563975247163805,1.0288798520721456,0.0483548346774011,225.0,-139.0,ActionNetwork book 30,ActionNetwork book 49,7.0,-2.5,-110.0,-113.0,ActionNetwork book 30,ActionNetwork book 71,45.0,48.5,-112.0,-110.0,ActionNetwork book 71,ActionNetwork book 30,8.0,DraftKings | ActionNetwork book 15 | ActionNetwork book 30 | ActionNetwork book 49 | ActionNetwork book 68 | ActionNetwork book 69 | ActionNetwork book 71 | ActionNetwork book 75,action_network | espn_core,"[{""away_ml"":-140.0,""away_spread_price"":-108.0,""home_ml"":116.0,""home_spread"":3.0,""home_spread_price"":-115.0,""last_update"":null,""market_total"":45.5,""over_price"":-108.0,""provider"":""ActionNetwork book 15"",""source"":""action_network"",""under_price"":-112.0},{""away_ml"":-278.0,""away_spread_price"":-110.0,""home_ml"":225.0,""home_spread"":7.0,""home_spread_price"":-110.0,""last_update"":null,""market_total"":48.5,""over_price"":-110.0,""provider"":""ActionNetwork book 30"",""source"":""action_network"",""under_price"":-110.0},{""away_ml"":-139.0,""away_spread_price"":-117.0,""home_ml"":118.0,""home_spread"":2.5,""home_spread_price"":-103.0,""last_update"":null,""market_total"":45.5,""over_price"":-112.0,""provider"":""ActionNetwork book 49"",""source"":""action_network"",""under_price"":-108.0},{""away_ml"":-142.0,""away_spread_price"":-118.0,""home_ml"":120.0,""home_spread"":2.5,""home_spread_price"":-102.0,""last_update"":null,""market_total"":45.5,""over_price"":-108.0,""provider"":""ActionNetwork book 68"",""source"":""action_network"",""under_price"":-112.0},{""away_ml"":-140.0,""away_spread_price"":-115.0,""home_ml"":116.0,""home_spread"":2.5,""home_spread_price"":-105.0,""last_update"":null,""market_total"":45.5,""over_price"":-108.0,""provider"":""ActionNetwork book 69"",""source"":""action_network"",""under_price"":-112.0},{""away_ml"":-141.0,""away_spread_price"":-113.0,""home_ml"":114.0,""home_spread"":2.5,""home_spread_price"":-108.0,""last_update"":null,""market_total"":45.0,""over_price"":-112.0,""provider"":""ActionNetwork book 71"",""source"":""action_network"",""under_price"":-112.0},{""away_ml"":-140.0,""away_spread_price"":-105.0,""home_ml"":115.0,""home_spread"":3.0,""home_spread_price"":-115.0,""last_update"":null,""market_total"":45.5,""over_price"":-108.0,""provider"":""ActionNetwork book 75"",""source"":""action_network"",""under_price"":-110.0},{""away_ml"":-142.0,""away_spread_price"":null,""home_ml"":120.0,""home_spread"":2.5,""home_spread_price"":null,""last_update"":null,""market_total"":45.5,""over_price"":null,""provider"":""DraftKings"",""source"":""espn_core"",""under_price"":null}]",3987.357510283333
2026-09-30T05:32:38.549383+00:00,401858250,2026,5,2026-10-03T16:00:00.000Z,Notre Dame,North Carolina,DraftKings,-1650.0,950.0,21.0,47.5,21.0,47.5,0.0817018638356955,0.8076779989575054,2.6743866119168334,0.0079850450796978,1300.0,-1650.0,ActionNetwork book 71,DraftKings,23.5,-21.0,-110.0,-109.0,ActionNetwork book 30,ActionNetwork book 49,47.0,55.5,-115.0,-112.0,ActionNetwork book 71,ActionNetwork book 30,8.0,DraftKings | ActionNetwork book 15 | ActionNetwork book 30 | ActionNetwork book 49 | ActionNetwork book 68 | ActionNetwork book 69 | ActionNetwork book 71 | ActionNetwork book 75,action_network | espn_core,"[{""away_ml"":-2000.0,""away_spread_price"":-110.0,""home_ml"":1050.0,""home_spread"":21.0,""home_spread_price"":-110.0,""last_update"":null,""market_total"":47.5,""over_price"":-110.0,""provider"":""ActionNetwork book 15"",""source"":""action_network"",""under_price"":-110.0},{""away_ml"":-2100.0,""away_spread_price"":-110.0,""home_ml"":1100.0,""home_spread"":23.5,""home_spread_price"":-110.0,""last_update"":null,""market_total"":55.5,""over_price"":-108.0,""provider"":""ActionNetwork book 30"",""source"":""action_network"",""under_price"":-112.0},{""away_ml"":-2000.0,""away_spread_price"":-109.0,""home_ml"":1000.0,""home_spread"":21.0,""home_spread_price"":-110.0,""last_update"":null,""market_total"":47.5,""over_price"":-112.0,""provider"":""ActionNetwork book 49"",""source"":""action_network"",""under_price"":-108.0},{""away_ml"":-1650.0,""away_spread_price"":-110.0,""home_ml"":950.0,""home_spread"":21.0,""home_spread_price"":-110.0,""last_update"":null,""market_total"":47.5,""over_price"":-108.0,""provider"":""ActionNetwork book 68"",""source"":""action_network"",""under_price"":-112.0},{""away_ml"":-3000.0,""away_spread_price"":-102.0,""home_ml"":1200.0,""home_spread"":21.5,""home_spread_price"":-120.0,""last_update"":null,""market_total"":47.5,""over_price"":-110.0,""provider"":""ActionNetwork book 69"",""source"":""action_network"",""under_price"":-110.0},{""away_ml"":-5000.0,""away_spread_price"":-108.0,""home_ml"":1300.0,""home_spread"":21.5,""home_spread_price"":-113.0,""last_update"":null,""market_total"":47.0,""over_price"":-115.0,""provider"":""ActionNetwork book 71"",""source"":""action_network"",""under_price"":-108.0},{""away_ml"":-2000.0,""away_spread_price"":-110.0,""home_ml"":1150.0,""home_spread"":21.0,""home_spread_price"":-108.0,""last_update"":null,""market_total"":47.5,""over_price"":-108.0,""provider"":""ActionNetwork book 75"",""source"":""action_network"",""under_price"":-110.0},{""away_ml"":-1650.0,""away_spread_price"":null,""home_ml"":950.0,""home_spread"":21.0,""home_spread_price"":null,""last_update"":null,""market_total"":47.5,""over_price"":null,""provider"":""DraftKings"",""source"":""espn_core"",""under_price"":null}]",4947.357510283333
2026-09-30T05:32:38.549383+00:00,401858251,2026,5,2026-10-03T16:00:00.000Z,Stanford,Wake Forest,DraftKings,390.0,-520.0,-12.5,53.5,-12.5,53.5,0.8076806055278173,0.5448623679425842,0.6614378277661477,0.0079326668273085,-480.0,430.0,ActionNetwork book 30,ActionNetwork book 71,-11.5,13.5,-110.0,-114.0,ActionNetwork book 30,ActionNetwork book 49,51.5,53.5,-115.0,-108.0,ActionNetwork book 30,ActionNetwork book 75,8.0,DraftKings | ActionNetwork book 15 | ActionNetwork book 30 | ActionNetwork book 49 | ActionNetwork book 68 | ActionNetwork book 69 | ActionNetwork book 71 | ActionNetwork book 75,action_network | espn_core,"[{""away_ml"":400.0,""away_spread_price"":-108.0,""home_ml"":-550.0,""home_spread"":-12.5,""home_spread_price"":-112.0,""last_update"":null,""market_total"":53.5,""over_price"":-110.0,""provider"":""ActionNetwork book 15"",""source"":""action_network"",""under_price"":-110.0},{""away_ml"":360.0,""away_spread_price"":-110.0,""home_ml"":-480.0,""home_spread"":-11.5,""home_spread_price"":-110.0,""last_update"":null,""market_total"":51.5,""over_price"":-115.0,""provider"":""ActionNetwork book 30"",""source"":""action_network"",""under_price"":-105.0},{""away_ml"":400.0,""away_spread_price"":-114.0,""home_ml"":-530.0,""home_spread"":-13.5,""home_spread_price"":-106.0,""last_update"":null,""market_total"":53.5,""over_price"":-110.0,""provider"":""ActionNetwork book 49"",""source"":""action_network"",""under_price"":-110.0},{""away_ml"":390.0,""away_spread_price"":-108.0,""home_ml"":-520.0,""home_spread"":-12.5,""home_spread_price"":-112.0,""last_update"":null,""market_total"":53.5,""over_price"":-110.0,""provider"":""ActionNetwork book 68"",""source"":""action_network"",""under_price"":-110.0},{""away_ml"":420.0,""away_spread_price"":-105.0,""home_ml"":-580.0,""home_spread"":-12.5,""home_spread_price"":-115.0,""last_update"":null,""market_total"":53.5,""over_price"":-110.0,""provider"":""ActionNetwork book 69"",""source"":""action_network"",""under_price"":-110.0},{""away_ml"":430.0,""away_spread_price"":-109.0,""home_ml"":-625.0,""home_spread"":-13.0,""home_spread_price"":-113.0,""last_update"":null,""market_total"":53.5,""over_price"":-112.0,""provider"":""ActionNetwork book 71"",""source"":""action_network"",""under_price"":-112.0},{""away_ml"":400.0,""away_spread_price"":-110.0,""home_ml"":-525.0,""home_spread"":-13.0,""home_spread_price"":-108.0,""last_update"":null,""market_total"":53.5,""over_price"":-110.0,""provider"":""ActionNetwork book 75"",""source"":""action_network"",""under_price"":-108.0},{""away_ml"":390.0,""away_spread_price"":null,""home_ml"":-520.0,""home_spread"":-12.5,""home_spread_price"":null,""last_update"":null,""market_total"":53.5,""over_price"":null,""provider"":""DraftKings"",""source"":""espn_core"",""under_price"":null}]",4947.357510283333
2026-09-30T05:32:38.549383+00:00,401858246,2026,5,2026-10-03T16:00:00.000Z,Boston College,SMU,DraftKings,950.0,-1650.0,-21.0,55.5,-20.75,55.5,0.9073011272839226,0.25,0.6614378277661477,0.0033258353138852,-1400.0,1000.0,ActionNetwork book 75,ActionNetwork book 30,-20.5,21.0,-112.0,-110.0,ActionNetwork book 15,ActionNetwork book 49,55.5,57.5,-102.0,-115.0,ActionNetwork book 68,ActionNetwork book 30,8.0,DraftKings | ActionNetwork book 15 | ActionNetwork book 30 | ActionNetwork book 49 | ActionNetwork book 68 | ActionNetwork book 69 | ActionNetwork book 71 | ActionNetwork book 75,action_network | espn_core,"[{""away_ml"":920.0,""away_spread_price"":-110.0,""home_ml"":-1600.0,""home_spread"":-20.5,""home_spread_price"":-112.0,""last_update"":null,""market_total"":55.5,""over_price"":-105.0,""provider"":""ActionNetwork book 15"",""source"":""action_network"",""under_price"":-115.0},{""away_ml"":1000.0,""away_spread_price"":-104.0,""home_ml"":-2100.0,""home_spread"":-20.5,""home_spread_price"":-118.0,""last_update"":null,""market_total"":57.5,""over_price"":-105.0,""provider"":""ActionNetwork book 30"",""source"":""action_network"",""under_price"":-115.0},{""away_ml"":950.0,""away_spread_price"":-110.0,""home_ml"":-2000.0,""home_spread"":-21.0,""home_spread_price"":-110.0,""last_update"":null,""market_total"":55.5,""over_price"":-109.0,""provider"":""ActionNetwork book 49"",""source"":""action_network"",""under_price"":-110.0},{""away_ml"":950.0,""away_spread_price"":-112.0,""home_ml"":-1650.0,""home_spread"":-21.0,""home_spread_price"":-108.0,""last_update"":null,""market_total"":55.5,""over_price"":-102.0,""provider"":""ActionNetwork book 68"",""source"":""action_network"",""under_price"":-118.0},{""away_ml"":920.0,""away_spread_price"":-105.0,""home_ml"":-1800.0,""home_spread"":-20.5,""home_spread_price"":-115.0,""last_update"":null,""market_total"":55.5,""over_price"":-106.0,""provider"":""ActionNetwork book 69"",""source"":""action_network"",""under_price"":-114.0},{""away_ml"":850.0,""away_spread_price"":-113.0,""home_ml"":-2000.0,""home_spread"":-21.0,""home_spread_price"":-110.0,""last_update"":null,""market_total"":55.5,""over_price"":-108.0,""provider"":""ActionNetwork book 71"",""source"":""action_network"",""under_price"":-115.0},{""away_ml"":950.0,""away_spread_price"":-105.0,""home_ml"":-1400.0,""home_spread"":-20.5,""home_spread_price"":-112.0,""last_update"":null,""market_total"":55.5,""over_price"":-105.0,""provider"":""ActionNetwork book 75"",""source"":""action_network"",""under_price"":-115.0},{""away_ml"":950.0,""away_spread_price"":null,""home_ml"":-1650.0,""home_spread"":-21.0,""home_spread_price"":null,""last_update"":null,""market_total"":55.5,""over_price"":null,""provider"":""DraftKings"",""source"":""espn_core"",""under_price"":null}]",4947.357510283333
2026-09-30T05:32:38.549383+00:00,401858252,2026,5,2026-10-03T16:00:00.000Z,Syracuse,UConn,DraftKings,-245.0,200.0,6.5,50.5,6.5,50.5,0.3189245016144658,0.3903123748998999,0.6959705453537527,0.0137819630824619,235.0,-230.0,ActionNetwork book 30,ActionNetwork book 69,7.5,-6.0,-110.0,-115.0,ActionNetwork book 30,ActionNetwork book 71,50.5,52.5,-108.0,-110.0,ActionNetwork book 49,ActionNetwork book 30,8.0,DraftKings | ActionNetwork book 15 | ActionNetwork book 30 | ActionNetwork book 49 | ActionNetwork book 68 | ActionNetwork book 69 | ActionNetwork book 71 | ActionNetwork book 75,action_network | espn_core,"[{""away_ml"":-245.0,""away_spread_price"":-110.0,""home_ml"":200.0,""home_spread"":6.5,""home_spread_price"":-110.0,""last_update"":null,""market_total"":50.5,""over_price"":-110.0,""provider"":""ActionNetwork book 15"",""source"":""action_network"",""under_price"":-110.0},{""away_ml"":-295.0,""away_spread_price"":-110.0,""home_ml"":235.0,""home_spread"":7.5,""home_spread_price"":-110.0,""last_update"":null,""market_total"":52.5,""over_price"":-110.0,""provider"":""ActionNetwork book 30"",""source"":""action_network"",""under_price"":-110.0},{""away_ml"":-245.0,""away_spread_price"":-106.0,""home_ml"":200.0,""home_spread"":6.5,""home_spread_price"":-114.0,""last_update"":null,""market_total"":50.5,""over_price"":-108.0,""provider"":""ActionNetwork book 49"",""source"":""action_network"",""under_price"":-112.0},{""away_ml"":-245.0,""away_spread_price"":-110.0,""home_ml"":200.0,""home_spread"":6.5,""home_spread_price"":-110.0,""last_update"":null,""market_total"":50.5,""over_price"":-108.0,""provider"":""ActionNetwork book 68"",""source"":""action_network"",""under_price"":-112.0},{""away_ml"":-230.0,""away_spread_price"":-110.0,""home_ml"":188.0,""home_spread"":6.5,""home_spread_price"":-110.0,""last_update"":null,""market_total"":50.5,""over_price"":-114.0,""provider"":""ActionNetwork book 69"",""source"":""action_network"",""under_price"":-106.0},{""away_ml"":-235.0,""away_spread_price"":-115.0,""home_ml"":185.0,""home_spread"":6.0,""home_spread_price"":-108.0,""last_update"":null,""market_total"":51.5,""over_price"":-109.0,""provider"":""ActionNetwork book 71"",""source"":""action_network"",""under_price"":-114.0},{""away_ml"":-235.0,""away_spread_price"":-110.0,""home_ml"":200.0,""home_spread"":6.5,""home_spread_price"":-108.0,""last_update"":null,""market_total"":50.5,""over_price"":-108.0,""provider"":""ActionNetwork book 75"",""source"":""action_network"",""under_price"":-110.0},{""away_ml"":-245.0,""away_spread_price"":null,""home_ml"":200.0,""home_spread"":6.5,""home_spread_price"":null,""last_update"":null,""market_total"":50.5,""over_price"":null,""provider"":""DraftKings"",""source"":""espn_core"",""under_price"":null}]",4947.357510283333
2026-09-30T05:32:38.549383+00:00,401858474,2026,5,2026-10-03T16:00:00.000Z,Michigan,Minnesota,DraftKings,-225.0,185.0,5.5,43.5,5.5,43.5,0.3318121064258665,0.9921567416492216,0.3307189138830738,0.0279564773557497,270.0,-215.0,ActionNetwork book 30,ActionNetwork book 69,8.5,-5.5,-110.0,-108.0,ActionNetwork book 30,ActionNetwork book 75,43.5,44.5,-108.0,-110.0,ActionNetwork book 15,ActionNetwork book 30,8.0,DraftKings | ActionNetwork book 15 | ActionNetwork book 30 | ActionNetwork book 49 | ActionNetwork book 68 | ActionNetwork book 69 | ActionNetwork book 71 | ActionNetwork book 75,action_network | espn_core,"[{""away_ml"":-220.0,""away_spread_price"":-110.0,""home_ml"":176.0,""home_spread"":5.5,""home_spread_price"":-110.0,""last_update"":null,""market_total"":43.5,""over_price"":-108.0,""provider"":""ActionNetwork book 15"",""source"":""action_network"",""under_price"":-112.0},{""away_ml"":-340.0,""away_spread_price"":-110.0,""home_ml"":270.0,""home_spread"":8.5,""home_spread_price"":-110.0,""last_update"":null,""market_total"":44.5,""over_price"":-110.0,""provider"":""ActionNetwork book 30"",""source"":""action_network"",""under_price"":-110.0},{""away_ml"":-225.0,""away_spread_price"":-110.0,""home_ml"":184.0,""home_spread"":5.5,""home_spread_price"":-110.0,""last_update"":null,""market_total"":43.5,""over_price"":-112.0,""provider"":""ActionNetwork book 49"",""source"":""action_network"",""under_price"":-108.0},{""away_ml"":-225.0,""away_spread_price"":-110.0,""home_ml"":185.0,""home_spread"":5.5,""home_spread_price"":-110.0,""last_update"":null,""market_total"":43.5,""over_price"":-108.0,""provider"":""ActionNetwork book 68"",""source"":""action_network"",""under_price"":-112.0},{""away_ml"":-215.0,""away_spread_price"":-110.0,""home_ml"":176.0,""home_spread"":5.5,""home_spread_price"":-110.0,""last_update"":null,""market_total"":43.5,""over_price"":-108.0,""provider"":""ActionNetwork book 69"",""source"":""action_network"",""under_price"":-112.0},{""away_ml"":-215.0,""away_spread_price"":-112.0,""home_ml"":170.0,""home_spread"":5.5,""home_spread_price"":-112.0,""last_update"":null,""market_total"":43.5,""over_price"":-113.0,""provider"":""ActionNetwork book 71"",""source"":""action_network"",""under_price"":-110.0},{""away_ml"":-220.0,""away_spread_price"":-108.0,""home_ml"":180.0,""home_spread"":5.5,""home_spread_price"":-112.0,""last_update"":null,""market_total"":43.5,""over_price"":-108.0,""provider"":""ActionNetwork book 75"",""source"":""action_network"",""under_price"":-110.0},{""away_ml"":-225.0,""away_spread_price"":null,""home_ml"":185.0,""home_spread"":5.5,""home_spread_price"":null,""last_update"":null,""market_total"":43.5,""over_price"":null,""provider"":""DraftKings"",""source"":""espn_core"",""under_price"":null}]",4947.357510283333
2026-09-30T05:32:38.549383+00:00,401862791,2026,5,2026-10-03T16:00:00.000Z,Navy,Air Force,DraftKings,142.0,-170.0,-3.0,45.5,-3.0,45.5,0.581390539771331,1.5499495959546556,1.6393596310755,0.0345440814912014,-106.0,142.0,ActionNetwork book 30,DraftKings,1.5,3.5,-115.0,-115.0,ActionNetwork book 30,ActionNetwork book 71,45.5,50.5,-110.0,-110.0,ActionNetwork book 75,ActionNetwork book 30,8.0,DraftKings | ActionNetwork book 15 | ActionNetwork book 30 | ActionNetwork book 49 | ActionNetwork book 68 | ActionNetwork book 69 | ActionNetwork book 71 | ActionNetwork book 75,action_network | espn_core,"[{""away_ml"":135.0,""away_spread_price"":-105.0,""home_ml"":-165.0,""home_spread"":-3.0,""home_spread_price"":-115.0,""last_update"":null,""market_total"":45.5,""over_price"":-115.0,""provider"":""ActionNetwork book 15"",""source"":""action_network"",""under_price"":-110.0},{""away_ml"":-113.0,""away_spread_price"":-105.0,""home_ml"":-106.0,""home_spread"":1.5,""home_spread_price"":-115.0,""last_update"":null,""market_total"":50.5,""over_price"":-110.0,""provider"":""ActionNetwork book 30"",""source"":""action_network"",""under_price"":-110.0},{""away_ml"":137.0,""away_spread_price"":-103.0,""home_ml"":-162.0,""home_spread"":-3.0,""home_spread_price"":-118.0,""last_update"":null,""market_total"":45.5,""over_price"":-117.0,""provider"":""ActionNetwork book 49"",""source"":""action_network"",""under_price"":-103.0},{""away_ml"":142.0,""away_spread_price"":-102.0,""home_ml"":-170.0,""home_spread"":-3.0,""home_spread_price"":-118.0,""last_update"":null,""market_total"":45.5,""over_price"":-112.0,""provider"":""ActionNetwork book 68"",""source"":""action_network"",""under_price"":-108.0},{""away_ml"":126.0,""away_spread_price"":-124.0,""home_ml"":-152.0,""home_spread"":-3.5,""home_spread_price"":102.0,""last_update"":null,""market_total"":46.5,""over_price"":-106.0,""provider"":""ActionNetwork book 69"",""source"":""action_network"",""under_price"":-114.0},{""away_ml"":133.0,""away_spread_price"":-115.0,""home_ml"":-165.0,""home_spread"":-3.5,""home_spread_price"":-108.0,""last_update"":null,""market_total"":45.5,""over_price"":-114.0,""provider"":""ActionNetwork book 71"",""source"":""action_network"",""under_price"":-108.0},{""away_ml"":135.0,""away_spread_price"":-102.0,""home_ml"":-165.0,""home_spread"":-3.0,""home_spread_price"":-115.0,""last_update"":null,""market_total"":45.5,""over_price"":-110.0,""provider"":""ActionNetwork book 75"",""source"":""action_network"",""under_price"":-108.0},{""away_ml"":142.0,""away_spread_price"":null,""home_ml"":-170.0,""home_spread"":-3.0,""home_spread_price"":null,""last_update"":null,""market_total"":45.5,""over_price"":null,""provider"":""DraftKings"",""source"":""espn_core"",""under_price"":null}]",4947.357510283333
2026-09-30T05:32:38.549383+00:00,401856707,2026,5,2026-10-03T16:00:00.000Z,Alabama,Mississippi State,DraftKings,-225.0,185.0,6.0,60.5,6.0,60.5,0.3456869088905303,0.982264602843857,0.6584783595532961,0.0270000610838619,188.0,-155.0,ActionNetwork book 49,ActionNetwork book 30,6.0,-3.0,-110.0,-110.0,ActionNetwork book 15,ActionNetwork book 30,58.5,60.5,-110.0,-110.0,ActionNetwork book 30,ActionNetwork book 15,8.0,DraftKings | ActionNetwork book 15 | ActionNetwork book 30 | ActionNetwork book 49 | ActionNetwork book 68 | ActionNetwork book 69 | ActionNetwork book 71 | ActionNetwork book 75,action_network | espn_core,"[{""away_ml"":-225.0,""away_spread_price"":-112.0,""home_ml"":185.0,""home_spread"":6.0,""home_spread_price"":-110.0,""last_update"":null,""market_total"":60.5,""over_price"":-110.0,""provider"":""ActionNetwork book 15"",""source"":""action_network"",""under_price"":-110.0},{""away_ml"":-155.0,""away_spread_price"":-110.0,""home_ml"":130.0,""home_spread"":3.0,""home_spread_price"":-110.0,""last_update"":null,""market_total"":58.5,""over_price"":-110.0,""provider"":""ActionNetwork book 30"",""source"":""action_network"",""under_price"":-110.0},{""away_ml"":-230.0,""away_spread_price"":-107.0,""home_ml"":188.0,""home_spread"":6.0,""home_spread_price"":-113.0,""last_update"":null,""market_total"":60.5,""over_price"":-106.0,""provider"":""ActionNetwork book 49"",""source"":""action_network"",""under_price"":-114.0},{""away_ml"":-225.0,""away_spread_price"":-108.0,""home_ml"":185.0,""home_spread"":6.0,""home_spread_price"":-112.0,""last_update"":null,""market_total"":60.5,""over_price"":-108.0,""provider"":""ActionNetwork book 68"",""source"":""action_network"",""under_price"":-112.0},{""away_ml"":-225.0,""away_spread_price"":-120.0,""home_ml"":184.0,""home_spread"":5.5,""home_spread_price"":-102.0,""last_update"":null,""market_total"":60.5,""over_price"":-110.0,""provider"":""ActionNetwork book 69"",""source"":""action_network"",""under_price"":-110.0},{""away_ml"":-235.0,""away_spread_price"":-109.0,""home_ml"":185.0,""home_spread"":6.0,""home_spread_price"":-113.0,""last_update"":null,""market_total"":60.0,""over_price"":-112.0,""provider"":""ActionNetwork book 71"",""source"":""action_network"",""under_price"":-110.0},{""away_ml"":-225.0,""away_spread_price"":-108.0,""home_ml"":185.0,""home_spread"":6.0,""home_spread_price"":-110.0,""last_update"":null,""market_total"":60.5,""over_price"":-108.0,""provider"":""ActionNetwork book 75"",""source"":""action_network"",""under_price"":-110.0},{""away_ml"":-225.0,""away_spread_price"":null,""home_ml"":185.0,""home_spread"":6.0,""home_spread_price"":null,""last_update"":null,""market_total"":60.5,""over_price"":null,""provider"":""DraftKings"",""source"":""espn_core"",""under_price"":null}]",4947.357510283333
2026-09-30T05:32:38.549383+00:00,401856822,2026,5,2026-10-03T16:00:00.000Z,West Virginia,Iowa State,DraftKings,136.0,-162.0,-3.5,52.5,-3.5,52.5,0.5800319778928977,1.6381678027601445,0.0,0.0318042638742843,-108.0,136.0,ActionNetwork book 30,DraftKings,1.5,3.5,-118.0,-115.0,ActionNetwork book 30,ActionNetwork book 15,52.5,52.5,-108.0,-104.0,ActionNetwork book 71,ActionNetwork book 69,8.0,DraftKings | ActionNetwork book 15 | ActionNetwork book 30 | ActionNetwork book 49 | ActionNetwork book 68 | ActionNetwork book 69 | ActionNetwork book 71 | ActionNetwork book 75,action_network | espn_core,"[{""away_ml"":135.0,""away_spread_price"":-115.0,""home_ml"":-165.0,""home_spread"":-3.5,""home_spread_price"":-105.0,""last_update"":null,""market_total"":52.5,""over_price"":-110.0,""provider"":""ActionNetwork book 15"",""source"":""action_network"",""under_price"":-110.0},{""away_ml"":-111.0,""away_spread_price"":-104.0,""home_ml"":-108.0,""home_spread"":1.5,""home_spread_price"":-118.0,""last_update"":null,""market_total"":52.5,""over_price"":-110.0,""provider"":""ActionNetwork book 30"",""source"":""action_network"",""under_price"":-110.0},{""away_ml"":136.0,""away_spread_price"":-117.0,""home_ml"":-162.0,""home_spread"":-3.5,""home_spread_price"":-104.0,""last_update"":null,""market_total"":52.5,""over_price"":-114.0,""provider"":""ActionNetwork book 49"",""source"":""action_network"",""under_price"":-106.0},{""away_ml"":136.0,""away_spread_price"":-115.0,""home_ml"":-162.0,""home_spread"":-3.5,""home_spread_price"":-105.0,""last_update"":null,""market_total"":52.5,""over_price"":-110.0,""provider"":""ActionNetwork book 68"",""source"":""action_network"",""under_price"":-110.0},{""away_ml"":128.0,""away_spread_price"":-122.0,""home_ml"":-154.0,""home_spread"":-3.5,""home_spread_price"":-100.0,""last_update"":null,""market_total"":52.5,""over_price"":-118.0,""provider"":""ActionNetwork book 69"",""source"":""action_network"",""under_price"":-104.0},{""away_ml"":135.0,""away_spread_price"":-118.0,""home_ml"":-167.0,""home_spread"":-3.5,""home_spread_price"":-106.0,""last_update"":null,""market_total"":52.5,""over_price"":-108.0,""provider"":""ActionNetwork book 71"",""source"":""action_network"",""under_price"":-113.0},{""away_ml"":135.0,""away_spread_price"":-105.0,""home_ml"":-165.0,""home_spread"":-3.0,""home_spread_price"":-115.0,""last_update"":null,""market_total"":52.5,""over_price"":-110.0,""provider"":""ActionNetwork book 75"",""source"":""action_network"",""under_price"":-108.0},{""away_ml"":136.0,""away_spread_price"":null,""home_ml"":-162.0,""home_spread"":-3.5,""home_spread_price"":null,""last_update"":null,""market_total"":52.5,""over_price"":null,""provider"":""DraftKings"",""source"":""espn_core"",""under_price"":null}]",4947.357510283333
2026-09-30T05:32:38.549383+00:00,401856819,2026,5,2026-10-03T16:00:00.000Z,UCF,Houston,DraftKings,350.0,-455.0,-12.5,51.5,-12.25,51.5,0.7861745177414733,0.3479852726768763,0.3903123748998999,0.003416496056211,-440.0,360.0,ActionNetwork book 49,ActionNetwork book 30,-11.5,12.5,-110.0,-110.0,ActionNetwork book 30,ActionNetwork book 15,50.5,52.0,-110.0,-114.0,ActionNetwork book 30,ActionNetwork book 71,8.0,DraftKings | ActionNetwork book 15 | ActionNetwork book 30 | ActionNetwork book 49 | ActionNetwork book 68 | ActionNetwork book 69 | ActionNetwork book 71 | ActionNetwork book 75,action_network | espn_core,"[{""away_ml"":350.0,""away_spread_price"":-110.0,""home_ml"":-455.0,""home_spread"":-12.5,""home_spread_price"":-110.0,""last_update"":null,""market_total"":51.5,""over_price"":-105.0,""provider"":""ActionNetwork book 15"",""source"":""action_network"",""under_price"":-115.0},{""away_ml"":360.0,""away_spread_price"":-110.0,""home_ml"":-480.0,""home_spread"":-11.5,""home_spread_price"":-110.0,""last_update"":null,""market_total"":50.5,""over_price"":-110.0,""provider"":""ActionNetwork book 30"",""source"":""action_network"",""under_price"":-110.0},{""away_ml"":340.0,""away_spread_price"":-110.0,""home_ml"":-440.0,""home_spread"":-12.0,""home_spread_price"":-109.0,""last_update"":null,""market_total"":51.5,""over_price"":-108.0,""provider"":""ActionNetwork book 49"",""source"":""action_network"",""under_price"":-112.0},{""away_ml"":350.0,""away_spread_price"":-112.0,""home_ml"":-455.0,""home_spread"":-12.5,""home_spread_price"":-108.0,""last_update"":null,""market_total"":51.5,""over_price"":-102.0,""provider"":""ActionNetwork book 68"",""source"":""action_network"",""under_price"":-118.0},{""away_ml"":340.0,""away_spread_price"":-110.0,""home_ml"":-450.0,""home_spread"":-12.5,""home_spread_price"":-110.0,""last_update"":null,""market_total"":51.5,""over_price"":-110.0,""provider"":""ActionNetwork book 69"",""source"":""action_network"",""under_price"":-110.0},{""away_ml"":335.0,""away_spread_price"":-109.0,""home_ml"":-480.0,""home_spread"":-12.0,""home_spread_price"":-113.0,""last_update"":null,""market_total"":52.0,""over_price"":-109.0,""provider"":""ActionNetwork book 71"",""source"":""action_network"",""under_price"":-114.0},{""away_ml"":360.0,""away_spread_price"":-108.0,""home_ml"":-450.0,""home_spread"":-12.0,""home_spread_price"":-110.0,""last_update"":null,""market_total"":51.5,""over_price"":-105.0,""provider"":""ActionNetwork book 75"",""source"":""action_network"",""under_price"":-112.0},{""away_ml"":350.0,""away_spread_price"":null,""home_ml"":-455.0,""home_spread"":-12.5,""home_spread_price"":null,""last_update"":null,""market_total"":51.5,""over_price"":null,""provider"":""DraftKings"",""source"":""espn_core"",""under_price"":null}]",4947.357510283333
2026-09-30T05:32:38.549383+00:00,401856807,2026,5,2026-10-03T16:00:00.000Z,Middle Tennessee,Kansas,DraftKings,800.0,-1350.0,-18.5,49.5,-18.5,49.5,0.8985360699851275,0.982264602843857,0.9921567416492216,0.0134667860171938,-1200.0,1300.0,ActionNetwork book 69,ActionNetwork book 30,-18.5,21.5,-108.0,-110.0,ActionNetwork book 75,ActionNetwork book 30,49.5,52.5,-108.0,-110.0,ActionNetwork book 75,ActionNetwork book 30,8.0,DraftKings | ActionNetwork book 15 | ActionNetwork book 30 | ActionNetwork book 49 | ActionNetwork book 68 | ActionNetwork book 69 | ActionNetwork book 71 | ActionNetwork book 75,action_network | espn_core,"[{""away_ml"":800.0,""away_spread_price"":-110.0,""home_ml"":-1300.0,""home_spread"":-18.5,""home_spread_price"":-112.0,""last_update"":null,""market_total"":49.5,""over_price"":-110.0,""provider"":""ActionNetwork book 15"",""source"":""action_network"",""under_price"":-110.0},{""away_ml"":1300.0,""away_spread_price"":-110.0,""home_ml"":-2800.0,""home_spread"":-21.5,""home_spread_price"":-110.0,""last_update"":null,""market_total"":52.5,""over_price"":-110.0,""provider"":""ActionNetwork book 30"",""source"":""action_network"",""under_price"":-110.0},{""away_ml"":800.0,""away_spread_price"":-110.0,""home_ml"":-1450.0,""home_spread"":-18.5,""home_spread_price"":-110.0,""last_update"":null,""market_total"":49.5,""over_price"":-109.0,""provider"":""ActionNetwork book 49"",""source"":""action_network"",""under_price"":-110.0},{""away_ml"":800.0,""away_spread_price"":-108.0,""home_ml"":-1350.0,""home_spread"":-18.5,""home_spread_price"":-112.0,""last_update"":null,""market_total"":49.5,""over_price"":-110.0,""provider"":""ActionNetwork book 68"",""source"":""action_network"",""under_price"":-110.0},{""away_ml"":720.0,""away_spread_price"":-114.0,""home_ml"":-1200.0,""home_spread"":-19.5,""home_spread_price"":-106.0,""last_update"":null,""market_total"":49.5,""over_price"":-110.0,""provider"":""ActionNetwork book 69"",""source"":""action_network"",""under_price"":-110.0},{""away_ml"":900.0,""away_spread_price"":-113.0,""home_ml"":-2000.0,""home_spread"":-19.0,""home_spread_price"":-109.0,""last_update"":null,""market_total"":49.5,""over_price"":-114.0,""provider"":""ActionNetwork book 71"",""source"":""action_network"",""under_price"":-109.0},{""away_ml"":825.0,""away_spread_price"":-110.0,""home_ml"":-1200.0,""home_spread"":-18.5,""home_spread_price"":-108.0,""last_update"":null,""market_total"":49.5,""over_price"":-108.0,""provider"":""ActionNetwork book 75"",""source"":""action_network"",""under_price"":-110.0},{""away_ml"":800.0,""away_spread_price"":null,""home_ml"":-1350.0,""home_spread"":-18.5,""home_spread_price"":null,""last_update"":null,""market_total"":49.5,""over_price"":null,""provider"":""DraftKings"",""source"":""espn_core"",""under_price"":null}]",4947.357510283333
2026-09-30T05:32:38.549383+00:00,401858479,2026,5,2026-10-03T16:30:00.000Z,Michigan State,Wisconsin,DraftKings,320.0,-410.0,-10.0,43.5,-10.0,43.5,0.7645550795738687,0.1653594569415369,0.3307189138830738,0.0084170992284871,-360.0,320.0,ActionNetwork book 30,DraftKings,-9.5,10.0,-118.0,-102.0,ActionNetwork book 69,ActionNetwork book 49,43.5,44.5,-108.0,-110.0,ActionNetwork book 75,ActionNetwork book 30,8.0,DraftKings | ActionNetwork book 15 | ActionNetwork book 30 | ActionNetwork book 49 | ActionNetwork book 68 | ActionNetwork book 69 | ActionNetwork book 71 | ActionNetwork book 75,action_network | espn_core,"[{""away_ml"":320.0,""away_spread_price"":-108.0,""home_ml"":-400.0,""home_spread"":-10.0,""home_spread_price"":-112.0,""last_update"":null,""market_total"":43.5,""over_price"":-110.0,""provider"":""ActionNetwork book 15"",""source"":""action_network"",""under_price"":-110.0},{""away_ml"":285.0,""away_spread_price"":-110.0,""home_ml"":-360.0,""home_spread"":-10.0,""home_spread_price"":-110.0,""last_update"":null,""market_total"":44.5,""over_price"":-110.0,""provider"":""ActionNetwork book 30"",""source"":""action_network"",""under_price"":-110.0},{""away_ml"":320.0,""away_spread_price"":-102.0,""home_ml"":-400.0,""home_spread"":-10.0,""home_spread_price"":-118.0,""last_update"":null,""market_total"":43.5,""over_price"":-110.0,""provider"":""ActionNetwork book 49"",""source"":""action_network"",""under_price"":-110.0},{""away_ml"":320.0,""away_spread_price"":-108.0,""home_ml"":-410.0,""home_spread"":-10.0,""home_spread_price"":-112.0,""last_update"":null,""market_total"":43.5,""over_price"":-110.0,""provider"":""ActionNetwork book 68"",""source"":""action_network"",""under_price"":-110.0},{""away_ml"":290.0,""away_spread_price"":-104.0,""home_ml"":-375.0,""home_spread"":-9.5,""home_spread_price"":-118.0,""last_update"":null,""market_total"":43.5,""over_price"":-110.0,""provider"":""ActionNetwork book 69"",""source"":""action_network"",""under_price"":-110.0},{""away_ml"":290.0,""away_spread_price"":-110.0,""home_ml"":-385.0,""home_spread"":-10.0,""home_spread_price"":-113.0,""last_update"":null,""market_total"":43.5,""over_price"":-110.0,""provider"":""ActionNetwork book 71"",""source"":""action_network"",""under_price"":-113.0},{""away_ml"":320.0,""away_spread_price"":-108.0,""home_ml"":-400.0,""home_spread"":-10.0,""home_spread_price"":-110.0,""last_update"":null,""market_total"":43.5,""over_price"":-108.0,""provider"":""ActionNetwork book 75"",""source"":""action_network"",""under_price"":-112.0},{""away_ml"":320.0,""away_spread_price"":null,""home_ml"":-410.0,""home_spread"":-10.0,""home_spread_price"":null,""last_update"":null,""market_total"":43.5,""over_price"":null,""provider"":""DraftKings"",""source"":""espn_core"",""under_price"":null}]",4977.357510283333
2026-09-30T05:32:38.549383+00:00,401856705,2026,5,2026-10-03T16:45:00.000Z,Vanderbilt,Georgia,DraftKings,1300.0,-2800.0,-24.5,50.5,-24.5,50.5,0.9340504147166648,0.3535533905932738,2.26987747466686,0.0032219814255191,-2500.0,1500.0,ActionNetwork book 75,ActionNetwork book 71,-23.5,24.5,-110.0,-112.0,ActionNetwork book 30,ActionNetwork book 15,50.5,57.5,-110.0,-110.0,ActionNetwork book 49,ActionNetwork book 30,8.0,DraftKings | ActionNetwork book 15 | ActionNetwork book 30 | ActionNetwork book 49 | ActionNetwork book 68 | ActionNetwork book 69 | ActionNetwork book 71 | ActionNetwork book 75,action_network | espn_core,"[{""away_ml"":1300.0,""away_spread_price"":-112.0,""home_ml"":-2800.0,""home_spread"":-24.5,""home_spread_price"":-108.0,""last_update"":null,""market_total"":50.5,""over_price"":-115.0,""provider"":""ActionNetwork book 15"",""source"":""action_network"",""under_price"":-108.0},{""away_ml"":1400.0,""away_spread_price"":-110.0,""home_ml"":-3200.0,""home_spread"":-23.5,""home_spread_price"":-110.0,""last_update"":null,""market_total"":57.5,""over_price"":-110.0,""provider"":""ActionNetwork book 30"",""source"":""action_network"",""under_price"":-110.0},{""away_ml"":1300.0,""away_spread_price"":-113.0,""home_ml"":-3500.0,""home_spread"":-24.5,""home_spread_price"":-107.0,""last_update"":null,""market_total"":50.5,""over_price"":-110.0,""provider"":""ActionNetwork book 49"",""source"":""action_network"",""under_price"":-109.0},{""away_ml"":1300.0,""away_spread_price"":-112.0,""home_ml"":-2800.0,""home_spread"":-24.5,""home_spread_price"":-108.0,""last_update"":null,""market_total"":50.5,""over_price"":-115.0,""provider"":""ActionNetwork book 68"",""source"":""action_network"",""under_price"":-105.0},{""away_ml"":1400.0,""away_spread_price"":-118.0,""home_ml"":-4000.0,""home_spread"":-24.5,""home_spread_price"":-104.0,""last_update"":null,""market_total"":51.5,""over_price"":-102.0,""provider"":""ActionNetwork book 69"",""source"":""action_network"",""under_price"":-120.0},{""away_ml"":1500.0,""away_spread_price"":-114.0,""home_ml"":-10000.0,""home_spread"":-24.0,""home_spread_price"":-108.0,""last_update"":null,""market_total"":51.0,""over_price"":-112.0,""provider"":""ActionNetwork book 71"",""source"":""action_network"",""under_price"":-112.0},{""away_ml"":1400.0,""away_spread_price"":-108.0,""home_ml"":-2500.0,""home_spread"":-24.0,""home_spread_price"":-110.0,""last_update"":null,""market_total"":50.5,""over_price"":-112.0,""provider"":""ActionNetwork book 75"",""source"":""action_network"",""under_price"":-105.0},{""away_ml"":1300.0,""away_spread_price"":null,""home_ml"":-2800.0,""home_spread"":-24.5,""home_spread_price"":null,""last_update"":null,""market_total"":50.5,""over_price"":null,""provider"":""DraftKings"",""source"":""espn_core"",""under_price"":null}]",4992.357510283333
2026-09-30T05:32:38.549383+00:00,401866432,2026,5,2026-10-03T17:00:00.000Z,Western Michigan,Buffalo,DraftKings,-600.0,440.0,13.5,46.5,13.5,46.5,0.1694165740115821,1.0,1.653594569415369,0.0107079400337111,550.0,-600.0,ActionNetwork book 30,DraftKings,16.5,-13.5,-110.0,-110.0,ActionNetwork book 30,ActionNetwork book 49,46.5,51.5,-110.0,-110.0,ActionNetwork book 15,ActionNetwork book 30,8.0,DraftKings | ActionNetwork book 15 | ActionNetwork book 30 | ActionNetwork book 49 | ActionNetwork book 68 | ActionNetwork book 69 | ActionNetwork book 71 | ActionNetwork book 75,action_network | espn_core,"[{""away_ml"":-600.0,""away_spread_price"":-112.0,""home_ml"":450.0,""home_spread"":13.5,""home_spread_price"":-108.0,""last_update"":null,""market_total"":46.5,""over_price"":-110.0,""provider"":""ActionNetwork book 15"",""source"":""action_network"",""under_price"":-110.0},{""away_ml"":-800.0,""away_spread_price"":-110.0,""home_ml"":550.0,""home_spread"":16.5,""home_spread_price"":-110.0,""last_update"":null,""market_total"":51.5,""over_price"":-110.0,""provider"":""ActionNetwork book 30"",""source"":""action_network"",""under_price"":-110.0},{""away_ml"":-625.0,""away_spread_price"":-110.0,""home_ml"":450.0,""home_spread"":13.5,""home_spread_price"":-110.0,""last_update"":null,""market_total"":46.5,""over_price"":-112.0,""provider"":""ActionNetwork book 49"",""source"":""action_network"",""under_price"":-108.0},{""away_ml"":-600.0,""away_spread_price"":-112.0,""home_ml"":440.0,""home_spread"":13.5,""home_spread_price"":-108.0,""last_update"":null,""market_total"":46.5,""over_price"":-110.0,""provider"":""ActionNetwork book 68"",""source"":""action_network"",""under_price"":-110.0},{""away_ml"":-630.0,""away_spread_price"":-112.0,""home_ml"":450.0,""home_spread"":13.5,""home_spread_price"":-108.0,""last_update"":null,""market_total"":46.5,""over_price"":-112.0,""provider"":""ActionNetwork book 69"",""source"":""action_network"",""under_price"":-108.0},{""away_ml"":-835.0,""away_spread_price"":-107.0,""home_ml"":510.0,""home_spread"":14.5,""home_spread_price"":-115.0,""last_update"":null,""market_total"":46.5,""over_price"":-118.0,""provider"":""ActionNetwork book 71"",""source"":""action_network"",""under_price"":-106.0},{""away_ml"":-625.0,""away_spread_price"":-112.0,""home_ml"":450.0,""home_spread"":13.5,""home_spread_price"":-105.0,""last_update"":null,""market_total"":46.5,""over_price"":-110.0,""provider"":""ActionNetwork book 75"",""source"":""action_network"",""under_price"":-108.0},{""away_ml"":-600.0,""away_spread_price"":null,""home_ml"":440.0,""home_spread"":13.5,""home_spread_price"":null,""last_update"":null,""market_total"":46.5,""over_price"":null,""provider"":""DraftKings"",""source"":""espn_core"",""under_price"":null}]",5007.357510283333
2026-09-30T05:32:38.549383+00:00,401866431,2026,5,2026-10-03T18:00:00.000Z,Toledo,Ball State,DraftKings,-1350.0,800.0,19.5,52.5,19.5,52.25,0.1128880577718367,1.984313483298443,0.4635124054434789,0.0222154189449182,900.0,-650.0,ActionNetwork book 71,ActionNetwork book 30,19.5,-13.5,-108.0,-110.0,ActionNetwork book 69,ActionNetwork book 30,51.5,52.5,-110.0,-118.0,ActionNetwork book 30,ActionNetwork book 15,8.0,DraftKings | ActionNetwork book 15 | ActionNetwork book 30 | ActionNetwork book 49 | ActionNetwork book 68 | ActionNetwork book 69 | ActionNetwork book 71 | ActionNetwork book 75,action_network | espn_core,"[{""away_ml"":-1350.0,""away_spread_price"":-108.0,""home_ml"":800.0,""home_spread"":19.5,""home_spread_price"":-112.0,""last_update"":null,""market_total"":52.5,""over_price"":-102.0,""provider"":""ActionNetwork book 15"",""source"":""action_network"",""under_price"":-118.0},{""away_ml"":-650.0,""away_spread_price"":-110.0,""home_ml"":460.0,""home_spread"":13.5,""home_spread_price"":-110.0,""last_update"":null,""market_total"":51.5,""over_price"":-110.0,""provider"":""ActionNetwork book 30"",""source"":""action_network"",""under_price"":-110.0},{""away_ml"":-1450.0,""away_spread_price"":-110.0,""home_ml"":800.0,""home_spread"":19.5,""home_spread_price"":-109.0,""last_update"":null,""market_total"":52.0,""over_price"":-106.0,""provider"":""ActionNetwork book 49"",""source"":""action_network"",""under_price"":-114.0},{""away_ml"":-1350.0,""away_spread_price"":-108.0,""home_ml"":800.0,""home_spread"":19.5,""home_spread_price"":-112.0,""last_update"":null,""market_total"":52.5,""over_price"":-102.0,""provider"":""ActionNetwork book 68"",""source"":""action_network"",""under_price"":-118.0},{""away_ml"":-1400.0,""away_spread_price"":-112.0,""home_ml"":800.0,""home_spread"":19.5,""home_spread_price"":-108.0,""last_update"":null,""market_total"":51.5,""over_price"":-115.0,""provider"":""ActionNetwork book 69"",""source"":""action_network"",""under_price"":-105.0},{""away_ml"":-2000.0,""away_spread_price"":-113.0,""home_ml"":900.0,""home_spread"":19.5,""home_spread_price"":-110.0,""last_update"":null,""market_total"":51.5,""over_price"":-112.0,""provider"":""ActionNetwork book 71"",""source"":""action_network"",""under_price"":-112.0},{""away_ml"":-1200.0,""away_spread_price"":-108.0,""home_ml"":825.0,""home_spread"":19.5,""home_spread_price"":-110.0,""last_update"":null,""market_total"":52.5,""over_price"":-102.0,""provider"":""ActionNetwork book 75"",""source"":""action_network"",""under_price"":-118.0},{""away_ml"":-1350.0,""away_spread_price"":null,""home_ml"":800.0,""home_spread"":19.5,""home_spread_price"":null,""last_update"":null,""market_total"":52.5,""over_price"":null,""provider"":""DraftKings"",""source"":""espn_core"",""under_price"":null}]",5067.357510283333
2026-09-30T05:32:38.549383+00:00,401866433,2026,5,2026-10-03T19:30:00.000Z,Eastern Michigan,Massachusetts,DraftKings,195.0,-238.0,-6.5,48.5,-6.5,48.5,0.6574701569677466,1.3095204274848102,0.3307189138830738,0.0434075827456707,-130.0,195.0,ActionNetwork book 30,DraftKings,-2.5,6.5,-110.0,-110.0,ActionNetwork book 30,ActionNetwork book 15,48.5,49.5,-109.0,-114.0,ActionNetwork book 49,ActionNetwork book 69,8.0,DraftKings | ActionNetwork book 15 | ActionNetwork book 30 | ActionNetwork book 49 | ActionNetwork book 68 | ActionNetwork book 69 | ActionNetwork book 71 | ActionNetwork book 75,action_network | espn_core,"[{""away_ml"":195.0,""away_spread_price"":-110.0,""home_ml"":-238.0,""home_spread"":-6.5,""home_spread_price"":-110.0,""last_update"":null,""market_total"":48.5,""over_price"":-110.0,""provider"":""ActionNetwork book 15"",""source"":""action_network"",""under_price"":-110.0},{""away_ml"":110.0,""away_spread_price"":-110.0,""home_ml"":-130.0,""home_spread"":-2.5,""home_spread_price"":-110.0,""last_update"":null,""market_total"":48.5,""over_price"":-110.0,""provider"":""ActionNetwork book 30"",""source"":""action_network"",""under_price"":-110.0},{""away_ml"":190.0,""away_spread_price"":-114.0,""home_ml"":-230.0,""home_spread"":-6.5,""home_spread_price"":-106.0,""last_update"":null,""market_total"":48.5,""over_price"":-109.0,""provider"":""ActionNetwork book 49"",""source"":""action_network"",""under_price"":-110.0},{""away_ml"":195.0,""away_spread_price"":-115.0,""home_ml"":-238.0,""home_spread"":-6.5,""home_spread_price"":-105.0,""last_update"":null,""market_total"":48.5,""over_price"":-110.0,""provider"":""ActionNetwork book 68"",""source"":""action_network"",""under_price"":-110.0},{""away_ml"":195.0,""away_spread_price"":-110.0,""home_ml"":-240.0,""home_spread"":-6.5,""home_spread_price"":-110.0,""last_update"":null,""market_total"":49.5,""over_price"":-106.0,""provider"":""ActionNetwork book 69"",""source"":""action_network"",""under_price"":-114.0},{""away_ml"":190.0,""away_spread_price"":-108.0,""home_ml"":-245.0,""home_spread"":-6.0,""home_spread_price"":-115.0,""last_update"":null,""market_total"":48.5,""over_price"":-110.0,""provider"":""ActionNetwork book 71"",""source"":""action_network"",""under_price"":-113.0},{""away_ml"":195.0,""away_spread_price"":-110.0,""home_ml"":-235.0,""home_spread"":-6.5,""home_spread_price"":-108.0,""last_update"":null,""market_total"":48.5,""over_price"":-110.0,""provider"":""ActionNetwork book 75"",""source"":""action_network"",""under_price"":-108.0},{""away_ml"":195.0,""away_spread_price"":null,""home_ml"":-238.0,""home_spread"":-6.5,""home_spread_price"":null,""last_update"":null,""market_total"":48.5,""over_price"":null,""provider"":""DraftKings"",""source"":""espn_core"",""under_price"":null}]",5157.357510283333
2026-09-30T05:32:38.549383+00:00,401856710,2026,5,2026-10-03T19:30:00.000Z,Auburn,Tennessee,DraftKings,230.0,-285.0,-7.0,54.5,-7.0,54.5,0.7071008778978203,0.2165063509461096,0.9921567416492216,0.0048301886669532,-275.0,230.0,ActionNetwork book 49,DraftKings,-7.0,7.5,-110.0,-110.0,ActionNetwork book 15,ActionNetwork book 30,54.5,57.5,-105.0,-110.0,ActionNetwork book 75,ActionNetwork book 30,8.0,DraftKings | ActionNetwork book 15 | ActionNetwork book 30 | ActionNetwork book 49 | ActionNetwork book 68 | ActionNetwork book 69 | ActionNetwork book 71 | ActionNetwork book 75,action_network | espn_core,"[{""away_ml"":230.0,""away_spread_price"":-110.0,""home_ml"":-285.0,""home_spread"":-7.0,""home_spread_price"":-110.0,""last_update"":null,""market_total"":54.5,""over_price"":-110.0,""provider"":""ActionNetwork book 15"",""source"":""action_network"",""under_price"":-110.0},{""away_ml"":230.0,""away_spread_price"":-110.0,""home_ml"":-285.0,""home_spread"":-7.5,""home_spread_price"":-110.0,""last_update"":null,""market_total"":57.5,""over_price"":-110.0,""provider"":""ActionNetwork book 30"",""source"":""action_network"",""under_price"":-110.0},{""away_ml"":225.0,""away_spread_price"":-109.0,""home_ml"":-275.0,""home_spread"":-7.0,""home_spread_price"":-110.0,""last_update"":null,""market_total"":54.5,""over_price"":-110.0,""provider"":""ActionNetwork book 49"",""source"":""action_network"",""under_price"":-109.0},{""away_ml"":230.0,""away_spread_price"":-108.0,""home_ml"":-285.0,""home_spread"":-7.0,""home_spread_price"":-112.0,""last_update"":null,""market_total"":54.5,""over_price"":-110.0,""provider"":""ActionNetwork book 68"",""source"":""action_network"",""under_price"":-110.0},{""away_ml"":230.0,""away_spread_price"":-122.0,""home_ml"":-285.0,""home_spread"":-7.5,""home_spread_price"":-100.0,""last_update"":null,""market_total"":54.5,""over_price"":-110.0,""provider"":""ActionNetwork book 69"",""source"":""action_network"",""under_price"":-110.0},{""away_ml"":210.0,""away_spread_price"":-108.0,""home_ml"":-278.0,""home_spread"":-7.0,""home_spread_price"":-114.0,""last_update"":null,""market_total"":54.5,""over_price"":-113.0,""provider"":""ActionNetwork book 71"",""source"":""action_network"",""under_price"":-109.0},{""away_ml"":230.0,""away_spread_price"":-108.0,""home_ml"":-285.0,""home_spread"":-7.0,""home_spread_price"":-110.0,""last_update"":null,""market_total"":54.5,""over_price"":-105.0,""provider"":""ActionNetwork book 75"",""source"":""action_network"",""under_price"":-112.0},{""away_ml"":230.0,""away_spread_price"":null,""home_ml"":-285.0,""home_spread"":-7.0,""home_spread_price"":null,""last_update"":null,""market_total"":54.5,""over_price"":null,""provider"":""DraftKings"",""source"":""espn_core"",""under_price"":null}]",5157.357510283333
2026-09-30T05:32:38.549383+00:00,401866477,2026,5,2026-10-03T19:30:00.000Z,Bowling Green,Miami (OH),DraftKings,410.0,-550.0,-13.5,42.5,-13.5,42.5,0.8229185309784066,0.7071067811865476,2.595067436503337,0.0150169677977333,-550.0,575.0,DraftKings,ActionNetwork book 30,-13.0,15.5,-108.0,-110.0,ActionNetwork book 75,ActionNetwork book 30,42.5,50.5,-112.0,-110.0,ActionNetwork book 75,ActionNetwork book 30,8.0,DraftKings | ActionNetwork book 15 | ActionNetwork book 30 | ActionNetwork book 49 | ActionNetwork book 68 | ActionNetwork book 69 | ActionNetwork book 71 | ActionNetwork book 75,action_network | espn_core,"[{""away_ml"":420.0,""away_spread_price"":-115.0,""home_ml"":-575.0,""home_spread"":-13.5,""home_spread_price"":-105.0,""last_update"":null,""market_total"":42.5,""over_price"":-118.0,""provider"":""ActionNetwork book 15"",""source"":""action_network"",""under_price"":-108.0},{""away_ml"":575.0,""away_spread_price"":-110.0,""home_ml"":-850.0,""home_spread"":-15.5,""home_spread_price"":-110.0,""last_update"":null,""market_total"":50.5,""over_price"":-110.0,""provider"":""ActionNetwork book 30"",""source"":""action_network"",""under_price"":-110.0},{""away_ml"":425.0,""away_spread_price"":-110.0,""home_ml"":-590.0,""home_spread"":-13.5,""home_spread_price"":-109.0,""last_update"":null,""market_total"":42.5,""over_price"":-115.0,""provider"":""ActionNetwork book 49"",""source"":""action_network"",""under_price"":-105.0},{""away_ml"":410.0,""away_spread_price"":-115.0,""home_ml"":-550.0,""home_spread"":-13.5,""home_spread_price"":-105.0,""last_update"":null,""market_total"":42.5,""over_price"":-115.0,""provider"":""ActionNetwork book 68"",""source"":""action_network"",""under_price"":-105.0},{""away_ml"":420.0,""away_spread_price"":-115.0,""home_ml"":-580.0,""home_spread"":-13.5,""home_spread_price"":-105.0,""last_update"":null,""market_total"":43.5,""over_price"":-108.0,""provider"":""ActionNetwork book 69"",""source"":""action_network"",""under_price"":-112.0},{""away_ml"":480.0,""away_spread_price"":-115.0,""home_ml"":-715.0,""home_spread"":-14.0,""home_spread_price"":-108.0,""last_update"":null,""market_total"":44.5,""over_price"":-106.0,""provider"":""ActionNetwork book 71"",""source"":""action_network"",""under_price"":-122.0},{""away_ml"":425.0,""away_spread_price"":-110.0,""home_ml"":-550.0,""home_spread"":-13.0,""home_spread_price"":-108.0,""last_update"":null,""market_total"":42.5,""over_price"":-112.0,""provider"":""ActionNetwork book 75"",""source"":""action_network"",""under_price"":-105.0},{""away_ml"":410.0,""away_spread_price"":null,""home_ml"":-550.0,""home_spread"":-13.5,""home_spread_price"":null,""last_update"":null,""market_total"":42.5,""over_price"":null,""provider"":""DraftKings"",""source"":""espn_core"",""under_price"":null}]",5157.357510283333
2026-09-30T05:32:38.549383+00:00,401862787,2026,5,2026-10-03T19:30:00.000Z,Memphis,Charlotte,DraftKings,-1450.0,850.0,20.5,52.5,20.5,52.75,0.0939459917967554,0.3903123748998999,0.6817945071647321,0.0101024192825557,1300.0,-1400.0,ActionNetwork book 30,ActionNetwork book 75,21.5,-20.0,-110.0,-110.0,ActionNetwork book 30,ActionNetwork book 75,52.5,54.5,-112.0,-110.0,ActionNetwork book 68,ActionNetwork book 30,8.0,DraftKings | ActionNetwork book 15 | ActionNetwork book 30 | ActionNetwork book 49 | ActionNetwork book 68 | ActionNetwork book 69 | ActionNetwork book 71 | ActionNetwork book 75,action_network | espn_core,"[{""away_ml"":-1450.0,""away_spread_price"":-108.0,""home_ml"":850.0,""home_spread"":20.5,""home_spread_price"":-112.0,""last_update"":null,""market_total"":53.5,""over_price"":-105.0,""provider"":""ActionNetwork book 15"",""source"":""action_network"",""under_price"":-110.0},{""away_ml"":-2800.0,""away_spread_price"":-110.0,""home_ml"":1300.0,""home_spread"":21.5,""home_spread_price"":-110.0,""last_update"":null,""market_total"":54.5,""over_price"":-110.0,""provider"":""ActionNetwork book 30"",""source"":""action_network"",""under_price"":-110.0},{""away_ml"":-1700.0,""away_spread_price"":-110.0,""home_ml"":900.0,""home_spread"":20.5,""home_spread_price"":-110.0,""last_update"":null,""market_total"":53.0,""over_price"":-109.0,""provider"":""ActionNetwork book 49"",""source"":""action_network"",""under_price"":-110.0},{""away_ml"":-1450.0,""away_spread_price"":-108.0,""home_ml"":850.0,""home_spread"":20.5,""home_spread_price"":-112.0,""last_update"":null,""market_total"":52.5,""over_price"":-112.0,""provider"":""ActionNetwork book 68"",""source"":""action_network"",""under_price"":-108.0},{""away_ml"":-1700.0,""away_spread_price"":-108.0,""home_ml"":890.0,""home_spread"":20.5,""home_spread_price"":-112.0,""last_update"":null,""market_total"":52.5,""over_price"":-112.0,""provider"":""ActionNetwork book 69"",""source"":""action_network"",""under_price"":-108.0},{""away_ml"":-2500.0,""away_spread_price"":-109.0,""home_ml"":950.0,""home_spread"":20.5,""home_spread_price"":-112.0,""last_update"":null,""market_total"":52.5,""over_price"":-113.0,""provider"":""ActionNetwork book 71"",""source"":""action_network"",""under_price"":-109.0},{""away_ml"":-1400.0,""away_spread_price"":-110.0,""home_ml"":900.0,""home_spread"":20.0,""home_spread_price"":-108.0,""last_update"":null,""market_total"":53.5,""over_price"":-108.0,""provider"":""ActionNetwork book 75"",""source"":""action_network"",""under_price"":-110.0},{""away_ml"":-1450.0,""away_spread_price"":null,""home_ml"":850.0,""home_spread"":20.5,""home_spread_price"":null,""last_update"":null,""market_total"":52.5,""over_price"":null,""provider"":""DraftKings"",""source"":""espn_core"",""under_price"":null}]",5157.357510283333
2026-09-30T05:32:38.549383+00:00,401858473,2026,5,2026-10-03T19:30:00.000Z,Ohio State,Iowa,DraftKings,-600.0,440.0,14.0,45.5,14.0,45.5,0.1701703322029414,0.2165063509461096,0.3903123748998999,0.0067664506287727,500.0,-600.0,ActionNetwork book 30,DraftKings,14.5,-14.0,-115.0,-110.0,ActionNetwork book 69,ActionNetwork book 30,44.5,46.0,-110.0,-112.0,ActionNetwork book 30,ActionNetwork book 71,8.0,DraftKings | ActionNetwork book 15 | ActionNetwork book 30 | ActionNetwork book 49 | ActionNetwork book 68 | ActionNetwork book 69 | ActionNetwork book 71 | ActionNetwork book 75,action_network | espn_core,"[{""away_ml"":-625.0,""away_spread_price"":-112.0,""home_ml"":450.0,""home_spread"":14.0,""home_spread_price"":-108.0,""last_update"":null,""market_total"":45.5,""over_price"":-110.0,""provider"":""ActionNetwork book 15"",""source"":""action_network"",""under_price"":-110.0},{""away_ml"":-700.0,""away_spread_price"":-110.0,""home_ml"":500.0,""home_spread"":14.0,""home_spread_price"":-110.0,""last_update"":null,""market_total"":44.5,""over_price"":-110.0,""provider"":""ActionNetwork book 30"",""source"":""action_network"",""under_price"":-110.0},{""away_ml"":-625.0,""away_spread_price"":-112.0,""home_ml"":450.0,""home_spread"":14.0,""home_spread_price"":-109.0,""last_update"":null,""market_total"":45.5,""over_price"":-113.0,""provider"":""ActionNetwork book 49"",""source"":""action_network"",""under_price"":-107.0},{""away_ml"":-600.0,""away_spread_price"":-115.0,""home_ml"":440.0,""home_spread"":14.0,""home_spread_price"":-105.0,""last_update"":null,""market_total"":45.5,""over_price"":-110.0,""provider"":""ActionNetwork book 68"",""source"":""action_network"",""under_price"":-110.0},{""away_ml"":-720.0,""away_spread_price"":-105.0,""home_ml"":500.0,""home_spread"":14.5,""home_spread_price"":-115.0,""last_update"":null,""market_total"":45.5,""over_price"":-110.0,""provider"":""ActionNetwork book 69"",""source"":""action_network"",""under_price"":-110.0},{""away_ml"":-670.0,""away_spread_price"":-110.0,""home_ml"":460.0,""home_spread"":14.5,""home_spread_price"":-115.0,""last_update"":null,""market_total"":46.0,""over_price"":-112.0,""provider"":""ActionNetwork book 71"",""source"":""action_network"",""under_price"":-112.0},{""away_ml"":-625.0,""away_spread_price"":-112.0,""home_ml"":475.0,""home_spread"":14.0,""home_spread_price"":-105.0,""last_update"":null,""market_total"":45.5,""over_price"":-110.0,""provider"":""ActionNetwork book 75"",""source"":""action_network"",""under_price"":-108.0},{""away_ml"":-600.0,""away_spread_price"":null,""home_ml"":440.0,""home_spread"":14.0,""home_spread_price"":null,""last_update"":null,""market_total"":45.5,""over_price"":null,""provider"":""DraftKings"",""source"":""espn_core"",""under_price"":null}]",5157.357510283333
2026-09-30T05:32:38.549383+00:00,401866430,2026,5,2026-10-03T19:30:00.000Z,Akron,Central Michigan,DraftKings,205.0,-250.0,-6.5,47.5,-6.5,47.5,0.6778105946282453,0.3307189138830738,0.3479852726768763,0.0086649312999306,-220.0,205.0,ActionNetwork book 30,DraftKings,-5.5,6.5,-110.0,-106.0,ActionNetwork book 30,ActionNetwork book 49,46.5,47.5,-110.0,-112.0,ActionNetwork book 30,ActionNetwork book 75,8.0,DraftKings | ActionNetwork book 15 | ActionNetwork book 30 | ActionNetwork book 49 | ActionNetwork book 68 | ActionNetwork book 69 | ActionNetwork book 71 | ActionNetwork book 75,action_network | espn_core,"[{""away_ml"":200.0,""away_spread_price"":-110.0,""home_ml"":-250.0,""home_spread"":-6.5,""home_spread_price"":-110.0,""last_update"":null,""market_total"":47.5,""over_price"":-105.0,""provider"":""ActionNetwork book 15"",""source"":""action_network"",""under_price"":-114.0},{""away_ml"":180.0,""away_spread_price"":-110.0,""home_ml"":-220.0,""home_spread"":-5.5,""home_spread_price"":-110.0,""last_update"":null,""market_total"":46.5,""over_price"":-110.0,""provider"":""ActionNetwork book 30"",""source"":""action_network"",""under_price"":-110.0},{""away_ml"":200.0,""away_spread_price"":-106.0,""home_ml"":-245.0,""home_spread"":-6.5,""home_spread_price"":-114.0,""last_update"":null,""market_total"":47.0,""over_price"":-104.0,""provider"":""ActionNetwork book 49"",""source"":""action_network"",""under_price"":-115.0},{""away_ml"":205.0,""away_spread_price"":-108.0,""home_ml"":-250.0,""home_spread"":-6.5,""home_spread_price"":-112.0,""last_update"":null,""market_total"":47.5,""over_price"":-102.0,""provider"":""ActionNetwork book 68"",""source"":""action_network"",""under_price"":-118.0},{""away_ml"":198.0,""away_spread_price"":-110.0,""home_ml"":-245.0,""home_spread"":-6.5,""home_spread_price"":-110.0,""last_update"":null,""market_total"":47.5,""over_price"":-106.0,""provider"":""ActionNetwork book 69"",""source"":""action_network"",""under_price"":-114.0},{""away_ml"":188.0,""away_spread_price"":-113.0,""home_ml"":-240.0,""home_spread"":-6.5,""home_spread_price"":-109.0,""last_update"":null,""market_total"":47.5,""over_price"":-109.0,""provider"":""ActionNetwork book 71"",""source"":""action_network"",""under_price"":-113.0},{""away_ml"":200.0,""away_spread_price"":-108.0,""home_ml"":-250.0,""home_spread"":-6.5,""home_spread_price"":-110.0,""last_update"":null,""market_total"":47.5,""over_price"":-105.0,""provider"":""ActionNetwork book 75"",""source"":""action_network"",""under_price"":-112.0},{""away_ml"":205.0,""away_spread_price"":null,""home_ml"":-250.0,""home_spread"":-6.5,""home_spread_price"":null,""last_update"":null,""market_total"":47.5,""over_price"":null,""provider"":""DraftKings"",""source"":""espn_core"",""under_price"":null}]",5157.357510283333
2026-09-30T05:32:38.549383+00:00,401858253,2026,5,2026-10-03T19:30:00.000Z,Virginia,Florida State,DraftKings,-148.0,124.0,2.5,51.5,2.5,51.5,0.4421852638726381,0.3307189138830738,0.0,0.0166899251491351,124.0,-118.0,DraftKings,ActionNetwork book 30,2.5,-1.5,-102.0,-110.0,ActionNetwork book 75,ActionNetwork book 30,51.5,51.5,-105.0,-110.0,ActionNetwork book 75,ActionNetwork book 30,8.0,DraftKings | ActionNetwork book 15 | ActionNetwork book 30 | ActionNetwork book 49 | ActionNetwork book 68 | ActionNetwork book 69 | ActionNetwork book 71 | ActionNetwork book 75,action_network | espn_core,"[{""away_ml"":-145.0,""away_spread_price"":-115.0,""home_ml"":120.0,""home_spread"":2.5,""home_spread_price"":-106.0,""last_update"":null,""market_total"":51.5,""over_price"":-106.0,""provider"":""ActionNetwork book 15"",""source"":""action_network"",""under_price"":-114.0},{""away_ml"":-118.0,""away_spread_price"":-110.0,""home_ml"":-102.0,""home_spread"":1.5,""home_spread_price"":-110.0,""last_update"":null,""market_total"":51.5,""over_price"":-110.0,""provider"":""ActionNetwork book 30"",""source"":""action_network"",""under_price"":-110.0},{""away_ml"":-141.0,""away_spread_price"":-115.0,""home_ml"":120.0,""home_spread"":2.5,""home_spread_price"":-105.0,""last_update"":null,""market_total"":51.5,""over_price"":-106.0,""provider"":""ActionNetwork book 49"",""source"":""action_network"",""under_price"":-114.0},{""away_ml"":-148.0,""away_spread_price"":-115.0,""home_ml"":124.0,""home_spread"":2.5,""home_spread_price"":-105.0,""last_update"":null,""market_total"":51.5,""over_price"":-108.0,""provider"":""ActionNetwork book 68"",""source"":""action_network"",""under_price"":-112.0},{""away_ml"":-138.0,""away_spread_price"":-114.0,""home_ml"":115.0,""home_spread"":2.5,""home_spread_price"":-106.0,""last_update"":null,""market_total"":51.5,""over_price"":-106.0,""provider"":""ActionNetwork book 69"",""source"":""action_network"",""under_price"":-114.0},{""away_ml"":-139.0,""away_spread_price"":-112.0,""home_ml"":112.0,""home_spread"":2.5,""home_spread_price"":-112.0,""last_update"":null,""market_total"":51.5,""over_price"":-109.0,""provider"":""ActionNetwork book 71"",""source"":""action_network"",""under_price"":-113.0},{""away_ml"":-145.0,""away_spread_price"":-118.0,""home_ml"":120.0,""home_spread"":2.5,""home_spread_price"":-102.0,""last_update"":null,""market_total"":51.5,""over_price"":-105.0,""provider"":""ActionNetwork book 75"",""source"":""action_network"",""under_price"":-112.0},{""away_ml"":-148.0,""away_spread_price"":null,""home_ml"":124.0,""home_spread"":2.5,""home_spread_price"":null,""last_update"":null,""market_total"":51.5,""over_price"":null,""provider"":""DraftKings"",""source"":""espn_core"",""under_price"":null}]",5157.357510283333
2026-09-30T05:32:38.549383+00:00,401864515,2026,5,2026-10-03T19:30:00.000Z,Wyoming,North Dakota State,DraftKings,750.0,-1200.0,-18.5,45.5,-18.5,45.5,0.8919762843696466,0.81967981553775,0.6959705453537527,0.0083754706491666,-1100.0,1000.0,ActionNetwork book 75,ActionNetwork book 30,-18.5,21.0,-108.0,-115.0,ActionNetwork book 75,ActionNetwork book 30,45.5,47.5,-105.0,-110.0,ActionNetwork book 69,ActionNetwork book 30,8.0,DraftKings | ActionNetwork book 15 | ActionNetwork book 30 | ActionNetwork book 49 | ActionNetwork book 68 | ActionNetwork book 69 | ActionNetwork book 71 | ActionNetwork book 75,action_network | espn_core,"[{""away_ml"":740.0,""away_spread_price"":-110.0,""home_ml"":-1200.0,""home_spread"":-18.5,""home_spread_price"":-110.0,""last_update"":null,""market_total"":45.5,""over_price"":-110.0,""provider"":""ActionNetwork book 15"",""source"":""action_network"",""under_price"":-110.0},{""away_ml"":1000.0,""away_spread_price"":-115.0,""home_ml"":-1800.0,""home_spread"":-21.0,""home_spread_price"":-105.0,""last_update"":null,""market_total"":47.5,""over_price"":-110.0,""provider"":""ActionNetwork book 30"",""source"":""action_network"",""under_price"":-110.0},{""away_ml"":800.0,""away_spread_price"":-106.0,""home_ml"":-1450.0,""home_spread"":-18.5,""home_spread_price"":-114.0,""last_update"":null,""market_total"":45.5,""over_price"":-112.0,""provider"":""ActionNetwork book 49"",""source"":""action_network"",""under_price"":-108.0},{""away_ml"":750.0,""away_spread_price"":-110.0,""home_ml"":-1200.0,""home_spread"":-18.5,""home_spread_price"":-110.0,""last_update"":null,""market_total"":45.5,""over_price"":-112.0,""provider"":""ActionNetwork book 68"",""source"":""action_network"",""under_price"":-108.0},{""away_ml"":740.0,""away_spread_price"":-110.0,""home_ml"":-1250.0,""home_spread"":-18.5,""home_spread_price"":-110.0,""last_update"":null,""market_total"":45.5,""over_price"":-105.0,""provider"":""ActionNetwork book 69"",""source"":""action_network"",""under_price"":-115.0},{""away_ml"":800.0,""away_spread_price"":-112.0,""home_ml"":-1667.0,""home_spread"":-19.0,""home_spread_price"":-110.0,""last_update"":null,""market_total"":46.5,""over_price"":-109.0,""provider"":""ActionNetwork book 71"",""source"":""action_network"",""under_price"":-114.0},{""away_ml"":775.0,""away_spread_price"":-110.0,""home_ml"":-1100.0,""home_spread"":-18.5,""home_spread_price"":-108.0,""last_update"":null,""market_total"":45.5,""over_price"":-108.0,""provider"":""ActionNetwork book 75"",""source"":""action_network"",""under_price"":-110.0},{""away_ml"":750.0,""away_spread_price"":null,""home_ml"":-1200.0,""home_spread"":-18.5,""home_spread_price"":null,""last_update"":null,""market_total"":45.5,""over_price"":null,""provider"":""DraftKings"",""source"":""espn_core"",""under_price"":null}]",5157.357510283333
2026-09-30T05:32:38.549383+00:00,401866434,2026,5,2026-10-03T19:30:00.000Z,Ohio,Kent State,DraftKings,-166.0,140.0,3.0,50.5,3.0,50.5,0.4055050892974974,0.2165063509461096,0.0,0.0073774081663966,142.0,-157.0,ActionNetwork book 30,ActionNetwork book 71,3.5,-3.0,-110.0,-113.0,ActionNetwork book 30,ActionNetwork book 49,50.5,50.5,-108.0,-106.0,ActionNetwork book 49,ActionNetwork book 69,8.0,DraftKings | ActionNetwork book 15 | ActionNetwork book 30 | ActionNetwork book 49 | ActionNetwork book 68 | ActionNetwork book 69 | ActionNetwork book 71 | ActionNetwork book 75,action_network | espn_core,"[{""away_ml"":-165.0,""away_spread_price"":-115.0,""home_ml"":135.0,""home_spread"":3.0,""home_spread_price"":-105.0,""last_update"":null,""market_total"":50.5,""over_price"":-112.0,""provider"":""ActionNetwork book 15"",""source"":""action_network"",""under_price"":-108.0},{""away_ml"":-172.0,""away_spread_price"":-110.0,""home_ml"":142.0,""home_spread"":3.5,""home_spread_price"":-110.0,""last_update"":null,""market_total"":50.5,""over_price"":-110.0,""provider"":""ActionNetwork book 30"",""source"":""action_network"",""under_price"":-110.0},{""away_ml"":-159.0,""away_spread_price"":-113.0,""home_ml"":135.0,""home_spread"":3.0,""home_spread_price"":-107.0,""last_update"":null,""market_total"":50.5,""over_price"":-108.0,""provider"":""ActionNetwork book 49"",""source"":""action_network"",""under_price"":-112.0},{""away_ml"":-166.0,""away_spread_price"":-115.0,""home_ml"":140.0,""home_spread"":3.0,""home_spread_price"":-105.0,""last_update"":null,""market_total"":50.5,""over_price"":-112.0,""provider"":""ActionNetwork book 68"",""source"":""action_network"",""under_price"":-108.0},{""away_ml"":-162.0,""away_spread_price"":-102.0,""home_ml"":134.0,""home_spread"":3.5,""home_spread_price"":-120.0,""last_update"":null,""market_total"":50.5,""over_price"":-114.0,""provider"":""ActionNetwork book 69"",""source"":""action_network"",""under_price"":-106.0},{""away_ml"":-157.0,""away_spread_price"":-113.0,""home_ml"":125.0,""home_spread"":3.0,""home_spread_price"":-110.0,""last_update"":null,""market_total"":50.5,""over_price"":-109.0,""provider"":""ActionNetwork book 71"",""source"":""action_network"",""under_price"":-114.0},{""away_ml"":-165.0,""away_spread_price"":-115.0,""home_ml"":138.0,""home_spread"":3.0,""home_spread_price"":-102.0,""last_update"":null,""market_total"":50.5,""over_price"":-110.0,""provider"":""ActionNetwork book 75"",""source"":""action_network"",""under_price"":-108.0},{""away_ml"":-166.0,""away_spread_price"":null,""home_ml"":140.0,""home_spread"":3.0,""home_spread_price"":null,""last_update"":null,""market_total"":50.5,""over_price"":null,""provider"":""DraftKings"",""source"":""espn_core"",""under_price"":null}]",5157.357510283333
2026-09-30T05:32:38.549383+00:00,401869956,2026,5,2026-10-03T19:30:00.000Z,Old Dominion,Georgia State,DraftKings,105.0,-125.0,-2.5,52.5,-2.5,52.5,0.5242084097014064,1.3169567191065925,0.4330127018922193,0.0177764016032372,-100.0,105.0,ActionNetwork book 30,DraftKings,1.5,2.5,-110.0,-110.0,ActionNetwork book 30,ActionNetwork book 75,51.5,52.5,-110.0,-112.0,ActionNetwork book 30,ActionNetwork book 75,8.0,DraftKings | ActionNetwork book 15 | ActionNetwork book 30 | ActionNetwork book 49 | ActionNetwork book 68 | ActionNetwork book 69 | ActionNetwork book 71 | ActionNetwork book 75,action_network | espn_core,"[{""away_ml"":105.0,""away_spread_price"":-114.0,""home_ml"":-125.0,""home_spread"":-2.5,""home_spread_price"":-108.0,""last_update"":null,""market_total"":52.5,""over_price"":-106.0,""provider"":""ActionNetwork book 15"",""source"":""action_network"",""under_price"":-114.0},{""away_ml"":-120.0,""away_spread_price"":-110.0,""home_ml"":-100.0,""home_spread"":1.5,""home_spread_price"":-110.0,""last_update"":null,""market_total"":51.5,""over_price"":-110.0,""provider"":""ActionNetwork book 30"",""source"":""action_network"",""under_price"":-110.0},{""away_ml"":103.0,""away_spread_price"":-114.0,""home_ml"":-121.0,""home_spread"":-2.5,""home_spread_price"":-106.0,""last_update"":null,""market_total"":52.5,""over_price"":-107.0,""provider"":""ActionNetwork book 49"",""source"":""action_network"",""under_price"":-113.0},{""away_ml"":105.0,""away_spread_price"":-112.0,""home_ml"":-125.0,""home_spread"":-2.5,""home_spread_price"":-108.0,""last_update"":null,""market_total"":52.5,""over_price"":-105.0,""provider"":""ActionNetwork book 68"",""source"":""action_network"",""under_price"":-115.0},{""away_ml"":104.0,""away_spread_price"":-114.0,""home_ml"":-125.0,""home_spread"":-2.5,""home_spread_price"":-106.0,""last_update"":null,""market_total"":52.5,""over_price"":-106.0,""provider"":""ActionNetwork book 69"",""source"":""action_network"",""under_price"":-114.0},{""away_ml"":100.0,""away_spread_price"":-110.0,""home_ml"":-122.0,""home_spread"":-1.5,""home_spread_price"":-113.0,""last_update"":null,""market_total"":51.5,""over_price"":-110.0,""provider"":""ActionNetwork book 71"",""source"":""action_network"",""under_price"":-113.0},{""away_ml"":105.0,""away_spread_price"":-110.0,""home_ml"":-130.0,""home_spread"":-2.5,""home_spread_price"":-108.0,""last_update"":null,""market_total"":52.5,""over_price"":-105.0,""provider"":""ActionNetwork book 75"",""source"":""action_network"",""under_price"":-112.0},{""away_ml"":105.0,""away_spread_price"":null,""home_ml"":-125.0,""home_spread"":-2.5,""home_spread_price"":null,""last_update"":null,""market_total"":52.5,""over_price"":null,""provider"":""DraftKings"",""source"":""espn_core"",""under_price"":null}]",5157.357510283333
2026-09-30T05:32:38.549383+00:00,401858247,2026,5,2026-10-03T19:30:00.000Z,California,UNLV,DraftKings,120.0,-142.0,-2.5,53.5,-2.5,53.5,0.5447083968192101,1.3095204274848102,0.5,0.0262840755195328,-100.0,120.0,ActionNetwork book 30,DraftKings,1.5,2.5,-110.0,-102.0,ActionNetwork book 30,ActionNetwork book 75,52.5,54.5,-118.0,-110.0,ActionNetwork book 69,ActionNetwork book 30,8.0,DraftKings | ActionNetwork book 15 | ActionNetwork book 30 | ActionNetwork book 49 | ActionNetwork book 68 | ActionNetwork book 69 | ActionNetwork book 71 | ActionNetwork book 75,action_network | espn_core,"[{""away_ml"":115.0,""away_spread_price"":-108.0,""home_ml"":-140.0,""home_spread"":-2.5,""home_spread_price"":-115.0,""last_update"":null,""market_total"":53.5,""over_price"":-108.0,""provider"":""ActionNetwork book 15"",""source"":""action_network"",""under_price"":-110.0},{""away_ml"":-120.0,""away_spread_price"":-110.0,""home_ml"":-100.0,""home_spread"":1.5,""home_spread_price"":-110.0,""last_update"":null,""market_total"":54.5,""over_price"":-110.0,""provider"":""ActionNetwork book 30"",""source"":""action_network"",""under_price"":-110.0},{""away_ml"":115.0,""away_spread_price"":-110.0,""home_ml"":-136.0,""home_spread"":-2.5,""home_spread_price"":-109.0,""last_update"":null,""market_total"":53.5,""over_price"":-106.0,""provider"":""ActionNetwork book 49"",""source"":""action_network"",""under_price"":-114.0},{""away_ml"":120.0,""away_spread_price"":-108.0,""home_ml"":-142.0,""home_spread"":-2.5,""home_spread_price"":-112.0,""last_update"":null,""market_total"":53.5,""over_price"":-105.0,""provider"":""ActionNetwork book 68"",""source"":""action_network"",""under_price"":-115.0},{""away_ml"":112.0,""away_spread_price"":-108.0,""home_ml"":-134.0,""home_spread"":-2.5,""home_spread_price"":-112.0,""last_update"":null,""market_total"":52.5,""over_price"":-118.0,""provider"":""ActionNetwork book 69"",""source"":""action_network"",""under_price"":-104.0},{""away_ml"":106.0,""away_spread_price"":-110.0,""home_ml"":-130.0,""home_spread"":-2.0,""home_spread_price"":-113.0,""last_update"":null,""market_total"":53.5,""over_price"":-110.0,""provider"":""ActionNetwork book 71"",""source"":""action_network"",""under_price"":-113.0},{""away_ml"":115.0,""away_spread_price"":-102.0,""home_ml"":-140.0,""home_spread"":-2.5,""home_spread_price"":-115.0,""last_update"":null,""market_total"":53.5,""over_price"":-108.0,""provider"":""ActionNetwork book 75"",""source"":""action_network"",""under_price"":-110.0},{""away_ml"":120.0,""away_spread_price"":null,""home_ml"":-142.0,""home_spread"":-2.5,""home_spread_price"":null,""last_update"":null,""market_total"":53.5,""over_price"":null,""provider"":""DraftKings"",""source"":""espn_core"",""under_price"":null}]",5157.357510283333
2026-09-30T05:32:38.549383+00:00,401856708,2026,5,2026-10-03T19:30:00.000Z,Florida,Missouri,DraftKings,-205.0,170.0,5.5,56.5,5.0,56.5,0.3673579165887094,0.9333240326917548,1.0606601717798212,0.0340102835229532,172.0,-130.0,ActionNetwork book 49,ActionNetwork book 30,5.5,-2.5,-110.0,-110.0,ActionNetwork book 71,ActionNetwork book 30,53.5,57.0,-110.0,-110.0,ActionNetwork book 30,ActionNetwork book 49,8.0,DraftKings | ActionNetwork book 15 | ActionNetwork book 30 | ActionNetwork book 49 | ActionNetwork book 68 | ActionNetwork book 69 | ActionNetwork book 71 | ActionNetwork book 75,action_network | espn_core,"[{""away_ml"":-205.0,""away_spread_price"":-110.0,""home_ml"":170.0,""home_spread"":5.0,""home_spread_price"":-112.0,""last_update"":null,""market_total"":56.5,""over_price"":-115.0,""provider"":""ActionNetwork book 15"",""source"":""action_network"",""under_price"":-105.0},{""away_ml"":-130.0,""away_spread_price"":-110.0,""home_ml"":110.0,""home_spread"":2.5,""home_spread_price"":-110.0,""last_update"":null,""market_total"":53.5,""over_price"":-110.0,""provider"":""ActionNetwork book 30"",""source"":""action_network"",""under_price"":-110.0},{""away_ml"":-205.0,""away_spread_price"":-112.0,""home_ml"":172.0,""home_spread"":5.0,""home_spread_price"":-109.0,""last_update"":null,""market_total"":57.0,""over_price"":-110.0,""provider"":""ActionNetwork book 49"",""source"":""action_network"",""under_price"":-110.0},{""away_ml"":-205.0,""away_spread_price"":-105.0,""home_ml"":170.0,""home_spread"":5.5,""home_spread_price"":-115.0,""last_update"":null,""market_total"":56.5,""over_price"":-112.0,""provider"":""ActionNetwork book 68"",""source"":""action_network"",""under_price"":-108.0},{""away_ml"":-205.0,""away_spread_price"":-115.0,""home_ml"":168.0,""home_spread"":4.5,""home_spread_price"":-105.0,""last_update"":null,""market_total"":56.5,""over_price"":-115.0,""provider"":""ActionNetwork book 69"",""source"":""action_network"",""under_price"":-105.0},{""away_ml"":-215.0,""away_spread_price"":-113.0,""home_ml"":170.0,""home_spread"":5.5,""home_spread_price"":-110.0,""last_update"":null,""market_total"":57.0,""over_price"":-110.0,""provider"":""ActionNetwork book 71"",""source"":""action_network"",""under_price"":-113.0},{""away_ml"":-210.0,""away_spread_price"":-110.0,""home_ml"":170.0,""home_spread"":5.0,""home_spread_price"":-110.0,""last_update"":null,""market_total"":56.5,""over_price"":-112.0,""provider"":""ActionNetwork book 75"",""source"":""action_network"",""under_price"":-105.0},{""away_ml"":-205.0,""away_spread_price"":null,""home_ml"":170.0,""home_spread"":5.5,""home_spread_price"":null,""last_update"":null,""market_total"":56.5,""over_price"":null,""provider"":""DraftKings"",""source"":""espn_core"",""under_price"":null}]",5157.357510283333
2026-09-30T05:32:38.549383+00:00,401858248,2026,5,2026-10-03T19:30:00.000Z,Louisville,NC State,DraftKings,-192.0,160.0,4.0,58.5,3.5,58.5,0.3657683892017183,1.2930100540985752,0.3479852726768763,0.0354190106730319,250.0,-178.0,ActionNetwork book 30,ActionNetwork book 69,7.5,-3.5,-110.0,-108.0,ActionNetwork book 30,ActionNetwork book 49,58.5,59.5,-110.0,-110.0,ActionNetwork book 15,ActionNetwork book 30,8.0,DraftKings | ActionNetwork book 15 | ActionNetwork book 30 | ActionNetwork book 49 | ActionNetwork book 68 | ActionNetwork book 69 | ActionNetwork book 71 | ActionNetwork book 75,action_network | espn_core,"[{""away_ml"":-185.0,""away_spread_price"":-110.0,""home_ml"":150.0,""home_spread"":3.5,""home_spread_price"":-110.0,""last_update"":null,""market_total"":58.5,""over_price"":-110.0,""provider"":""ActionNetwork book 15"",""source"":""action_network"",""under_price"":-110.0},{""away_ml"":-310.0,""away_spread_price"":-110.0,""home_ml"":250.0,""home_spread"":7.5,""home_spread_price"":-110.0,""last_update"":null,""market_total"":59.5,""over_price"":-110.0,""provider"":""ActionNetwork book 30"",""source"":""action_network"",""under_price"":-110.0},{""away_ml"":-190.0,""away_spread_price"":-108.0,""home_ml"":157.0,""home_spread"":3.5,""home_spread_price"":-112.0,""last_update"":null,""market_total"":58.5,""over_price"":-112.0,""provider"":""ActionNetwork book 49"",""source"":""action_network"",""under_price"":-108.0},{""away_ml"":-192.0,""away_spread_price"":-105.0,""home_ml"":160.0,""home_spread"":4.0,""home_spread_price"":-115.0,""last_update"":null,""market_total"":58.5,""over_price"":-115.0,""provider"":""ActionNetwork book 68"",""source"":""action_network"",""under_price"":-105.0},{""away_ml"":-178.0,""away_spread_price"":-112.0,""home_ml"":146.0,""home_spread"":3.5,""home_spread_price"":-108.0,""last_update"":null,""market_total"":58.5,""over_price"":-110.0,""provider"":""ActionNetwork book 69"",""source"":""action_network"",""under_price"":-110.0},{""away_ml"":-180.0,""away_spread_price"":-114.0,""home_ml"":143.0,""home_spread"":3.5,""home_spread_price"":-109.0,""last_update"":null,""market_total"":59.0,""over_price"":-109.0,""provider"":""ActionNetwork book 71"",""source"":""action_network"",""under_price"":-114.0},{""away_ml"":-185.0,""away_spread_price"":-108.0,""home_ml"":150.0,""home_spread"":3.5,""home_spread_price"":-110.0,""last_update"":null,""market_total"":58.5,""over_price"":-110.0,""provider"":""ActionNetwork book 75"",""source"":""action_network"",""under_price"":-108.0},{""away_ml"":-192.0,""away_spread_price"":null,""home_ml"":160.0,""home_spread"":4.0,""home_spread_price"":null,""last_update"":null,""market_total"":58.5,""over_price"":null,""provider"":""DraftKings"",""source"":""espn_core"",""under_price"":null}]",5157.357510283333
2026-09-30T05:32:38.549383+00:00,401869962,2026,5,2026-10-03T19:45:00.000Z,Marshall,James Madison,DraftKings,675.0,-1050.0,-18.5,55.5,-18.5,56.0,0.8775056261550919,1.3228756555322954,0.5,0.0175423161701054,-710.0,900.0,ActionNetwork book 30,ActionNetwork book 71,-14.5,18.5,-110.0,-110.0,ActionNetwork book 30,ActionNetwork book 15,55.5,56.5,-108.0,-110.0,ActionNetwork book 71,ActionNetwork book 30,8.0,DraftKings | ActionNetwork book 15 | ActionNetwork book 30 | ActionNetwork book 49 | ActionNetwork book 68 | ActionNetwork book 69 | ActionNetwork book 71 | ActionNetwork book 75,action_network | espn_core,"[{""away_ml"":675.0,""away_spread_price"":-110.0,""home_ml"":-1050.0,""home_spread"":-18.5,""home_spread_price"":-110.0,""last_update"":null,""market_total"":56.5,""over_price"":-105.0,""provider"":""ActionNetwork book 15"",""source"":""action_network"",""under_price"":-112.0},{""away_ml"":490.0,""away_spread_price"":-110.0,""home_ml"":-710.0,""home_spread"":-14.5,""home_spread_price"":-110.0,""last_update"":null,""market_total"":56.5,""over_price"":-110.0,""provider"":""ActionNetwork book 30"",""source"":""action_network"",""under_price"":-110.0},{""away_ml"":700.0,""away_spread_price"":-113.0,""home_ml"":-1200.0,""home_spread"":-18.5,""home_spread_price"":-107.0,""last_update"":null,""market_total"":55.5,""over_price"":-118.0,""provider"":""ActionNetwork book 49"",""source"":""action_network"",""under_price"":-103.0},{""away_ml"":675.0,""away_spread_price"":-115.0,""home_ml"":-1050.0,""home_spread"":-18.5,""home_spread_price"":-105.0,""last_update"":null,""market_total"":55.5,""over_price"":-112.0,""provider"":""ActionNetwork book 68"",""source"":""action_network"",""under_price"":-108.0},{""away_ml"":760.0,""away_spread_price"":-110.0,""home_ml"":-1300.0,""home_spread"":-18.5,""home_spread_price"":-110.0,""last_update"":null,""market_total"":56.5,""over_price"":-108.0,""provider"":""ActionNetwork book 69"",""source"":""action_network"",""under_price"":-112.0},{""away_ml"":900.0,""away_spread_price"":-110.0,""home_ml"":-2000.0,""home_spread"":-18.5,""home_spread_price"":-113.0,""last_update"":null,""market_total"":55.5,""over_price"":-108.0,""provider"":""ActionNetwork book 71"",""source"":""action_network"",""under_price"":-113.0},{""away_ml"":700.0,""away_spread_price"":-110.0,""home_ml"":-1000.0,""home_spread"":-18.5,""home_spread_price"":-108.0,""last_update"":null,""market_total"":56.5,""over_price"":-105.0,""provider"":""ActionNetwork book 75"",""source"":""action_network"",""under_price"":-112.0},{""away_ml"":675.0,""away_spread_price"":null,""home_ml"":-1050.0,""home_spread"":-18.5,""home_spread_price"":null,""last_update"":null,""market_total"":55.5,""over_price"":null,""provider"":""DraftKings"",""source"":""espn_core"",""under_price"":null}]",5172.357510283333
2026-09-30T05:32:38.549383+00:00,401858475,2026,5,2026-10-03T20:00:00.000Z,Maryland,Nebraska,DraftKings,490.0,-675.0,-14.5,52.5,-14.5,52.5,0.8300970237299418,0.9921567416492216,0.3903123748998999,0.0146558503487109,-480.0,500.0,ActionNetwork book 30,ActionNetwork book 75,-11.5,14.5,-110.0,-108.0,ActionNetwork book 30,ActionNetwork book 68,52.0,53.5,-113.0,-110.0,ActionNetwork book 71,ActionNetwork book 30,8.0,DraftKings | ActionNetwork book 15 | ActionNetwork book 30 | ActionNetwork book 49 | ActionNetwork book 68 | ActionNetwork book 69 | ActionNetwork book 71 | ActionNetwork book 75,action_network | espn_core,"[{""away_ml"":490.0,""away_spread_price"":-110.0,""home_ml"":-690.0,""home_spread"":-14.5,""home_spread_price"":-112.0,""last_update"":null,""market_total"":52.5,""over_price"":-108.0,""provider"":""ActionNetwork book 15"",""source"":""action_network"",""under_price"":-115.0},{""away_ml"":360.0,""away_spread_price"":-110.0,""home_ml"":-480.0,""home_spread"":-11.5,""home_spread_price"":-110.0,""last_update"":null,""market_total"":53.5,""over_price"":-110.0,""provider"":""ActionNetwork book 30"",""source"":""action_network"",""under_price"":-110.0},{""away_ml"":475.0,""away_spread_price"":-109.0,""home_ml"":-675.0,""home_spread"":-14.5,""home_spread_price"":-110.0,""last_update"":null,""market_total"":52.5,""over_price"":-106.0,""provider"":""ActionNetwork book 49"",""source"":""action_network"",""under_price"":-114.0},{""away_ml"":490.0,""away_spread_price"":-108.0,""home_ml"":-675.0,""home_spread"":-14.5,""home_spread_price"":-112.0,""last_update"":null,""market_total"":52.5,""over_price"":-105.0,""provider"":""ActionNetwork book 68"",""source"":""action_network"",""under_price"":-115.0},{""away_ml"":480.0,""away_spread_price"":-110.0,""home_ml"":-690.0,""home_spread"":-14.5,""home_spread_price"":-110.0,""last_update"":null,""market_total"":52.5,""over_price"":-110.0,""provider"":""ActionNetwork book 69"",""source"":""action_network"",""under_price"":-110.0},{""away_ml"":460.0,""away_spread_price"":-110.0,""home_ml"":-670.0,""home_spread"":-14.5,""home_spread_price"":-113.0,""last_update"":null,""market_total"":52.0,""over_price"":-113.0,""provider"":""ActionNetwork book 71"",""source"":""action_network"",""under_price"":-109.0},{""away_ml"":500.0,""away_spread_price"":-110.0,""home_ml"":-650.0,""home_spread"":-14.5,""home_spread_price"":-108.0,""last_update"":null,""market_total"":52.5,""over_price"":-108.0,""provider"":""ActionNetwork book 75"",""source"":""action_network"",""under_price"":-110.0},{""away_ml"":490.0,""away_spread_price"":null,""home_ml"":-675.0,""home_spread"":-14.5,""home_spread_price"":null,""last_update"":null,""market_total"":52.5,""over_price"":null,""provider"":""DraftKings"",""source"":""espn_core"",""under_price"":null}]",5187.357510283333
2026-09-30T05:32:38.549383+00:00,401864514,2026,5,2026-10-03T20:00:00.000Z,UTEP,New Mexico,DraftKings,1100.0,-2100.0,-22.5,48.5,-22.5,48.5,0.9238558237865236,0.6343057228182637,1.653594569415369,0.0040229558674348,-2000.0,1300.0,ActionNetwork book 75,ActionNetwork book 71,-21.0,23.5,-110.0,-110.0,ActionNetwork book 30,ActionNetwork book 71,48.5,53.5,-110.0,-110.0,ActionNetwork book 75,ActionNetwork book 30,8.0,DraftKings | ActionNetwork book 15 | ActionNetwork book 30 | ActionNetwork book 49 | ActionNetwork book 68 | ActionNetwork book 69 | ActionNetwork book 71 | ActionNetwork book 75,action_network | espn_core,"[{""away_ml"":1160.0,""away_spread_price"":-110.0,""home_ml"":-2400.0,""home_spread"":-22.5,""home_spread_price"":-110.0,""last_update"":null,""market_total"":48.5,""over_price"":-115.0,""provider"":""ActionNetwork book 15"",""source"":""action_network"",""under_price"":-108.0},{""away_ml"":1100.0,""away_spread_price"":-110.0,""home_ml"":-2100.0,""home_spread"":-21.0,""home_spread_price"":-110.0,""last_update"":null,""market_total"":53.5,""over_price"":-110.0,""provider"":""ActionNetwork book 30"",""source"":""action_network"",""under_price"":-110.0},{""away_ml"":1200.0,""away_spread_price"":-110.0,""home_ml"":-3500.0,""home_spread"":-22.5,""home_spread_price"":-110.0,""last_update"":null,""market_total"":48.5,""over_price"":-118.0,""provider"":""ActionNetwork book 49"",""source"":""action_network"",""under_price"":-103.0},{""away_ml"":1100.0,""away_spread_price"":-108.0,""home_ml"":-2100.0,""home_spread"":-22.5,""home_spread_price"":-112.0,""last_update"":null,""market_total"":48.5,""over_price"":-115.0,""provider"":""ActionNetwork book 68"",""source"":""action_network"",""under_price"":-105.0},{""away_ml"":1160.0,""away_spread_price"":-110.0,""home_ml"":-2800.0,""home_spread"":-22.5,""home_spread_price"":-110.0,""last_update"":null,""market_total"":48.5,""over_price"":-112.0,""provider"":""ActionNetwork book 69"",""source"":""action_network"",""under_price"":-108.0},{""away_ml"":1300.0,""away_spread_price"":-110.0,""home_ml"":-5000.0,""home_spread"":-23.5,""home_spread_price"":-113.0,""last_update"":null,""market_total"":48.5,""over_price"":-113.0,""provider"":""ActionNetwork book 71"",""source"":""action_network"",""under_price"":-109.0},{""away_ml"":1200.0,""away_spread_price"":-108.0,""home_ml"":-2000.0,""home_spread"":-22.5,""home_spread_price"":-110.0,""last_update"":null,""market_total"":48.5,""over_price"":-110.0,""provider"":""ActionNetwork book 75"",""source"":""action_network"",""under_price"":-108.0},{""away_ml"":1100.0,""away_spread_price"":null,""home_ml"":-2100.0,""home_spread"":-22.5,""home_spread_price"":null,""last_update"":null,""market_total"":48.5,""over_price"":null,""provider"":""DraftKings"",""source"":""espn_core"",""under_price"":null}]",5187.357510283333
2026-09-30T05:32:38.549383+00:00,401858472,2026,5,2026-10-03T20:15:00.000Z,Purdue,Illinois,DraftKings,295.0,-375.0,-10.0,61.5,-10.0,61.5,0.7601870177760868,0.25,0.9921567416492216,0.0084870118677645,-365.0,335.0,ActionNetwork book 30,ActionNetwork book 71,-9.5,10.5,-110.0,-120.0,ActionNetwork book 30,ActionNetwork book 69,58.5,61.5,-110.0,-110.0,ActionNetwork book 30,ActionNetwork book 69,8.0,DraftKings | ActionNetwork book 15 | ActionNetwork book 30 | ActionNetwork book 49 | ActionNetwork book 68 | ActionNetwork book 69 | ActionNetwork book 71 | ActionNetwork book 75,action_network | espn_core,"[{""away_ml"":295.0,""away_spread_price"":-110.0,""home_ml"":-375.0,""home_spread"":-10.0,""home_spread_price"":-110.0,""last_update"":null,""market_total"":61.5,""over_price"":-110.0,""provider"":""ActionNetwork book 15"",""source"":""action_network"",""under_price"":-112.0},{""away_ml"":285.0,""away_spread_price"":-110.0,""home_ml"":-365.0,""home_spread"":-9.5,""home_spread_price"":-110.0,""last_update"":null,""market_total"":58.5,""over_price"":-110.0,""provider"":""ActionNetwork book 30"",""source"":""action_network"",""under_price"":-110.0},{""away_ml"":305.0,""away_spread_price"":-112.0,""home_ml"":-390.0,""home_spread"":-10.0,""home_spread_price"":-108.0,""last_update"":null,""market_total"":61.5,""over_price"":-108.0,""provider"":""ActionNetwork book 49"",""source"":""action_network"",""under_price"":-112.0},{""away_ml"":295.0,""away_spread_price"":-110.0,""home_ml"":-375.0,""home_spread"":-10.0,""home_spread_price"":-110.0,""last_update"":null,""market_total"":61.5,""over_price"":-108.0,""provider"":""ActionNetwork book 68"",""source"":""action_network"",""under_price"":-112.0},{""away_ml"":290.0,""away_spread_price"":-120.0,""home_ml"":-375.0,""home_spread"":-10.5,""home_spread_price"":-102.0,""last_update"":null,""market_total"":61.5,""over_price"":-110.0,""provider"":""ActionNetwork book 69"",""source"":""action_network"",""under_price"":-110.0},{""away_ml"":335.0,""away_spread_price"":-108.0,""home_ml"":-455.0,""home_spread"":-10.0,""home_spread_price"":-115.0,""last_update"":null,""market_total"":61.5,""over_price"":-109.0,""provider"":""ActionNetwork book 71"",""source"":""action_network"",""under_price"":-114.0},{""away_ml"":300.0,""away_spread_price"":-110.0,""home_ml"":-375.0,""home_spread"":-10.0,""home_spread_price"":-108.0,""last_update"":null,""market_total"":61.5,""over_price"":-110.0,""provider"":""ActionNetwork book 75"",""source"":""action_network"",""under_price"":-110.0},{""away_ml"":295.0,""away_spread_price"":null,""home_ml"":-375.0,""home_spread"":-10.0,""home_spread_price"":null,""last_update"":null,""market_total"":61.5,""over_price"":null,""provider"":""DraftKings"",""source"":""espn_core"",""under_price"":null}]",5202.357510283333
2026-09-30T05:32:38.549383+00:00,401856709,2026,5,2026-10-03T20:15:00.000Z,Kentucky,South Carolina,DraftKings,130.0,-155.0,-3.0,53.5,-3.0,53.5,0.5868670130950436,1.4128318194321643,1.3228756555322954,0.0437905369540245,-140.0,220.0,ActionNetwork book 75,ActionNetwork book 30,-2.5,7.0,-118.0,-110.0,ActionNetwork book 15,ActionNetwork book 30,49.5,53.5,-110.0,-108.0,ActionNetwork book 30,ActionNetwork book 49,8.0,DraftKings | ActionNetwork book 15 | ActionNetwork book 30 | ActionNetwork book 49 | ActionNetwork book 68 | ActionNetwork book 69 | ActionNetwork book 71 | ActionNetwork book 75,action_network | espn_core,"[{""away_ml"":118.0,""away_spread_price"":-105.0,""home_ml"":-145.0,""home_spread"":-2.5,""home_spread_price"":-118.0,""last_update"":null,""market_total"":53.5,""over_price"":-110.0,""provider"":""ActionNetwork book 15"",""source"":""action_network"",""under_price"":-110.0},{""away_ml"":220.0,""away_spread_price"":-110.0,""home_ml"":-270.0,""home_spread"":-7.0,""home_spread_price"":-110.0,""last_update"":null,""market_total"":49.5,""over_price"":-110.0,""provider"":""ActionNetwork book 30"",""source"":""action_network"",""under_price"":-110.0},{""away_ml"":126.0,""away_spread_price"":-104.0,""home_ml"":-148.0,""home_spread"":-3.0,""home_spread_price"":-117.0,""last_update"":null,""market_total"":53.5,""over_price"":-112.0,""provider"":""ActionNetwork book 49"",""source"":""action_network"",""under_price"":-108.0},{""away_ml"":130.0,""away_spread_price"":-115.0,""home_ml"":-155.0,""home_spread"":-3.0,""home_spread_price"":-105.0,""last_update"":null,""market_total"":53.5,""over_price"":-108.0,""provider"":""ActionNetwork book 68"",""source"":""action_network"",""under_price"":-112.0},{""away_ml"":118.0,""away_spread_price"":-102.0,""home_ml"":-142.0,""home_spread"":-2.5,""home_spread_price"":-120.0,""last_update"":null,""market_total"":53.5,""over_price"":-112.0,""provider"":""ActionNetwork book 69"",""source"":""action_network"",""under_price"":-108.0},{""away_ml"":123.0,""away_spread_price"":-117.0,""home_ml"":-152.0,""home_spread"":-3.0,""home_spread_price"":-107.0,""last_update"":null,""market_total"":53.5,""over_price"":-110.0,""provider"":""ActionNetwork book 71"",""source"":""action_network"",""under_price"":-113.0},{""away_ml"":115.0,""away_spread_price"":-102.0,""home_ml"":-140.0,""home_spread"":-2.5,""home_spread_price"":-118.0,""last_update"":null,""market_total"":53.5,""over_price"":-108.0,""provider"":""ActionNetwork book 75"",""source"":""action_network"",""under_price"":-110.0},{""away_ml"":130.0,""away_spread_price"":null,""home_ml"":-155.0,""home_spread"":-3.0,""home_spread_price"":null,""last_update"":null,""market_total"":53.5,""over_price"":null,""provider"":""DraftKings"",""source"":""espn_core"",""under_price"":null}]",5202.357510283333
2026-09-30T05:32:38.549383+00:00,401860899,2026,5,2026-10-03T22:00:00.000Z,Oregon State,Colorado State,DraftKings,-238.0,195.0,6.0,62.5,6.5,62.25,0.3269776947198649,0.3535533905932738,1.911110606427582,0.0102382631913801,205.0,-210.0,ActionNetwork book 69,ActionNetwork book 30,6.5,-5.5,-104.0,-110.0,ActionNetwork book 69,ActionNetwork book 30,56.5,62.5,-110.0,-115.0,ActionNetwork book 30,ActionNetwork book 15,8.0,DraftKings | ActionNetwork book 15 | ActionNetwork book 30 | ActionNetwork book 49 | ActionNetwork book 68 | ActionNetwork book 69 | ActionNetwork book 71 | ActionNetwork book 75,action_network | espn_core,"[{""away_ml"":-240.0,""away_spread_price"":-118.0,""home_ml"":195.0,""home_spread"":6.5,""home_spread_price"":-108.0,""last_update"":null,""market_total"":62.5,""over_price"":-105.0,""provider"":""ActionNetwork book 15"",""source"":""action_network"",""under_price"":-115.0},{""away_ml"":-210.0,""away_spread_price"":-110.0,""home_ml"":172.0,""home_spread"":5.5,""home_spread_price"":-110.0,""last_update"":null,""market_total"":56.5,""over_price"":-110.0,""provider"":""ActionNetwork book 30"",""source"":""action_network"",""under_price"":-110.0},{""away_ml"":-235.0,""away_spread_price"":-113.0,""home_ml"":193.0,""home_spread"":6.5,""home_spread_price"":-107.0,""last_update"":null,""market_total"":62.0,""over_price"":-113.0,""provider"":""ActionNetwork book 49"",""source"":""action_network"",""under_price"":-107.0},{""away_ml"":-238.0,""away_spread_price"":-115.0,""home_ml"":195.0,""home_spread"":6.0,""home_spread_price"":-105.0,""last_update"":null,""market_total"":62.5,""over_price"":-105.0,""provider"":""ActionNetwork book 68"",""source"":""action_network"",""under_price"":-115.0},{""away_ml"":-255.0,""away_spread_price"":-118.0,""home_ml"":205.0,""home_spread"":6.5,""home_spread_price"":-104.0,""last_update"":null,""market_total"":62.5,""over_price"":-105.0,""provider"":""ActionNetwork book 69"",""source"":""action_network"",""under_price"":-115.0},{""away_ml"":-245.0,""away_spread_price"":-114.0,""home_ml"":190.0,""home_spread"":6.5,""home_spread_price"":-109.0,""last_update"":null,""market_total"":61.5,""over_price"":-113.0,""provider"":""ActionNetwork book 71"",""source"":""action_network"",""under_price"":-110.0},{""away_ml"":-235.0,""away_spread_price"":-112.0,""home_ml"":200.0,""home_spread"":6.5,""home_spread_price"":-108.0,""last_update"":null,""market_total"":61.5,""over_price"":-112.0,""provider"":""ActionNetwork book 75"",""source"":""action_network"",""under_price"":-105.0},{""away_ml"":-238.0,""away_spread_price"":null,""home_ml"":195.0,""home_spread"":6.0,""home_spread_price"":null,""last_update"":null,""market_total"":62.5,""over_price"":null,""provider"":""DraftKings"",""source"":""espn_core"",""under_price"":null}]",5307.357510283333
2026-09-30T05:32:38.549383+00:00,401869942,2026,5,2026-10-03T23:00:00.000Z,Georgia Southern,Coastal Carolina,DraftKings,-135.0,114.0,2.5,54.5,2.5,54.25,0.461808224375472,1.3095204274848102,0.6817945071647321,0.0177003504836646,114.0,-108.0,DraftKings,ActionNetwork book 30,2.5,1.5,-108.0,-115.0,ActionNetwork book 75,ActionNetwork book 30,52.5,54.5,-110.0,-115.0,ActionNetwork book 30,ActionNetwork book 15,8.0,DraftKings | ActionNetwork book 15 | ActionNetwork book 30 | ActionNetwork book 49 | ActionNetwork book 68 | ActionNetwork book 69 | ActionNetwork book 71 | ActionNetwork book 75,action_network | espn_core,"[{""away_ml"":-135.0,""away_spread_price"":-110.0,""home_ml"":110.0,""home_spread"":2.5,""home_spread_price"":-110.0,""last_update"":null,""market_total"":54.5,""over_price"":-105.0,""provider"":""ActionNetwork book 15"",""source"":""action_network"",""under_price"":-115.0},{""away_ml"":-108.0,""away_spread_price"":-115.0,""home_ml"":-112.0,""home_spread"":-1.5,""home_spread_price"":-105.0,""last_update"":null,""market_total"":52.5,""over_price"":-110.0,""provider"":""ActionNetwork book 30"",""source"":""action_network"",""under_price"":-110.0},{""away_ml"":-130.0,""away_spread_price"":-109.0,""home_ml"":110.0,""home_spread"":2.5,""home_spread_price"":-112.0,""last_update"":null,""market_total"":54.0,""over_price"":-105.0,""provider"":""ActionNetwork book 49"",""source"":""action_network"",""under_price"":-115.0},{""away_ml"":-135.0,""away_spread_price"":-110.0,""home_ml"":114.0,""home_spread"":2.5,""home_spread_price"":-110.0,""last_update"":null,""market_total"":54.5,""over_price"":-105.0,""provider"":""ActionNetwork book 68"",""source"":""action_network"",""under_price"":-115.0},{""away_ml"":-132.0,""away_spread_price"":-110.0,""home_ml"":110.0,""home_spread"":2.5,""home_spread_price"":-110.0,""last_update"":null,""market_total"":53.5,""over_price"":-115.0,""provider"":""ActionNetwork book 69"",""source"":""action_network"",""under_price"":-105.0},{""away_ml"":-125.0,""away_spread_price"":-108.0,""home_ml"":100.0,""home_spread"":2.0,""home_spread_price"":-115.0,""last_update"":null,""market_total"":53.5,""over_price"":-113.0,""provider"":""ActionNetwork book 71"",""source"":""action_network"",""under_price"":-110.0},{""away_ml"":-135.0,""away_spread_price"":-110.0,""home_ml"":110.0,""home_spread"":2.5,""home_spread_price"":-108.0,""last_update"":null,""market_total"":54.5,""over_price"":-105.0,""provider"":""ActionNetwork book 75"",""source"":""action_network"",""under_price"":-115.0},{""away_ml"":-135.0,""away_spread_price"":null,""home_ml"":114.0,""home_spread"":2.5,""home_spread_price"":null,""last_update"":null,""market_total"":54.5,""over_price"":null,""provider"":""DraftKings"",""source"":""espn_core"",""under_price"":null}]",5367.357510283333
2026-09-30T05:32:38.549383+00:00,401856711,2026,5,2026-10-03T23:00:00.000Z,Arkansas,Texas A&M,DraftKings,455.0,-625.0,-14.0,50.5,-14.0,50.5,0.8319459454317326,0.5448623679425842,0.3307189138830738,0.0083269618699552,-625.0,550.0,DraftKings,ActionNetwork book 30,-13.5,15.5,-115.0,-110.0,ActionNetwork book 69,ActionNetwork book 30,50.5,51.5,-110.0,-110.0,ActionNetwork book 75,ActionNetwork book 30,8.0,DraftKings | ActionNetwork book 15 | ActionNetwork book 30 | ActionNetwork book 49 | ActionNetwork book 68 | ActionNetwork book 69 | ActionNetwork book 71 | ActionNetwork book 75,action_network | espn_core,"[{""away_ml"":460.0,""away_spread_price"":-112.0,""home_ml"":-650.0,""home_spread"":-14.0,""home_spread_price"":-110.0,""last_update"":null,""market_total"":50.5,""over_price"":-112.0,""provider"":""ActionNetwork book 15"",""source"":""action_network"",""under_price"":-108.0},{""away_ml"":550.0,""away_spread_price"":-110.0,""home_ml"":-820.0,""home_spread"":-15.5,""home_spread_price"":-110.0,""last_update"":null,""market_total"":51.5,""over_price"":-110.0,""provider"":""ActionNetwork book 30"",""source"":""action_network"",""under_price"":-110.0},{""away_ml"":475.0,""away_spread_price"":-109.0,""home_ml"":-675.0,""home_spread"":-14.0,""home_spread_price"":-112.0,""last_update"":null,""market_total"":50.5,""over_price"":-114.0,""provider"":""ActionNetwork book 49"",""source"":""action_network"",""under_price"":-106.0},{""away_ml"":455.0,""away_spread_price"":-110.0,""home_ml"":-625.0,""home_spread"":-14.0,""home_spread_price"":-110.0,""last_update"":null,""market_total"":50.5,""over_price"":-112.0,""provider"":""ActionNetwork book 68"",""source"":""action_network"",""under_price"":-108.0},{""away_ml"":460.0,""away_spread_price"":-105.0,""home_ml"":-650.0,""home_spread"":-13.5,""home_spread_price"":-115.0,""last_update"":null,""market_total"":50.5,""over_price"":-114.0,""provider"":""ActionNetwork book 69"",""source"":""action_network"",""under_price"":-106.0},{""away_ml"":440.0,""away_spread_price"":-112.0,""home_ml"":-670.0,""home_spread"":-14.0,""home_spread_price"":-112.0,""last_update"":null,""market_total"":50.5,""over_price"":-114.0,""provider"":""ActionNetwork book 71"",""source"":""action_network"",""under_price"":-109.0},{""away_ml"":475.0,""away_spread_price"":-112.0,""home_ml"":-625.0,""home_spread"":-14.0,""home_spread_price"":-105.0,""last_update"":null,""market_total"":50.5,""over_price"":-110.0,""provider"":""ActionNetwork book 75"",""source"":""action_network"",""under_price"":-108.0},{""away_ml"":455.0,""away_spread_price"":null,""home_ml"":-625.0,""home_spread"":-14.0,""home_spread_price"":null,""last_update"":null,""market_total"":50.5,""over_price"":null,""provider"":""DraftKings"",""source"":""espn_core"",""under_price"":null}]",5367.357510283333
2026-09-30T05:32:38.549383+00:00,401856818,2026,5,2026-10-03T23:00:00.000Z,BYU,TCU,DraftKings,-250.0,205.0,6.5,47.5,6.5,47.5,0.3247925977159602,0.3307189138830738,1.653594569415369,0.0156122753424737,205.0,-198.0,DraftKings,ActionNetwork book 30,6.5,-5.5,-108.0,-110.0,ActionNetwork book 49,ActionNetwork book 30,47.5,52.5,-108.0,-110.0,ActionNetwork book 69,ActionNetwork book 30,8.0,DraftKings | ActionNetwork book 15 | ActionNetwork book 30 | ActionNetwork book 49 | ActionNetwork book 68 | ActionNetwork book 69 | ActionNetwork book 71 | ActionNetwork book 75,action_network | espn_core,"[{""away_ml"":-245.0,""away_spread_price"":-110.0,""home_ml"":200.0,""home_spread"":6.5,""home_spread_price"":-110.0,""last_update"":null,""market_total"":47.5,""over_price"":-110.0,""provider"":""ActionNetwork book 15"",""source"":""action_network"",""under_price"":-110.0},{""away_ml"":-198.0,""away_spread_price"":-110.0,""home_ml"":164.0,""home_spread"":5.5,""home_spread_price"":-110.0,""last_update"":null,""market_total"":52.5,""over_price"":-110.0,""provider"":""ActionNetwork book 30"",""source"":""action_network"",""under_price"":-110.0},{""away_ml"":-245.0,""away_spread_price"":-112.0,""home_ml"":200.0,""home_spread"":6.5,""home_spread_price"":-108.0,""last_update"":null,""market_total"":47.5,""over_price"":-117.0,""provider"":""ActionNetwork book 49"",""source"":""action_network"",""under_price"":-104.0},{""away_ml"":-250.0,""away_spread_price"":-112.0,""home_ml"":205.0,""home_spread"":6.5,""home_spread_price"":-108.0,""last_update"":null,""market_total"":47.5,""over_price"":-115.0,""provider"":""ActionNetwork book 68"",""source"":""action_network"",""under_price"":-105.0},{""away_ml"":-230.0,""away_spread_price"":-110.0,""home_ml"":188.0,""home_spread"":6.5,""home_spread_price"":-110.0,""last_update"":null,""market_total"":47.5,""over_price"":-108.0,""provider"":""ActionNetwork book 69"",""source"":""action_network"",""under_price"":-112.0},{""away_ml"":-275.0,""away_spread_price"":-109.0,""home_ml"":200.0,""home_spread"":6.5,""home_spread_price"":-113.0,""last_update"":null,""market_total"":47.5,""over_price"":-108.0,""provider"":""ActionNetwork book 71"",""source"":""action_network"",""under_price"":-115.0},{""away_ml"":-235.0,""away_spread_price"":-110.0,""home_ml"":200.0,""home_spread"":6.5,""home_spread_price"":-110.0,""last_update"":null,""market_total"":47.5,""over_price"":-110.0,""provider"":""ActionNetwork book 75"",""source"":""action_network"",""under_price"":-108.0},{""away_ml"":-250.0,""away_spread_price"":null,""home_ml"":205.0,""home_spread"":6.5,""home_spread_price"":null,""last_update"":null,""market_total"":47.5,""over_price"":null,""provider"":""DraftKings"",""source"":""espn_core"",""under_price"":null}]",5367.357510283333
2026-09-30T05:32:38.549383+00:00,401862788,2026,5,2026-10-03T23:00:00.000Z,UTSA,Rice,DraftKings,-455.0,350.0,11.5,55.5,11.5,55.5,0.2097827309079571,0.5,0.9921567416492216,0.0075613721000629,385.0,-450.0,ActionNetwork book 69,ActionNetwork book 30,12.5,-10.5,-113.0,-110.0,ActionNetwork book 71,ActionNetwork book 30,52.5,55.5,-110.0,-105.0,ActionNetwork book 30,ActionNetwork book 15,8.0,DraftKings | ActionNetwork book 15 | ActionNetwork book 30 | ActionNetwork book 49 | ActionNetwork book 68 | ActionNetwork book 69 | ActionNetwork book 71 | ActionNetwork book 75,action_network | espn_core,"[{""away_ml"":-455.0,""away_spread_price"":-110.0,""home_ml"":350.0,""home_spread"":11.5,""home_spread_price"":-110.0,""last_update"":null,""market_total"":55.5,""over_price"":-115.0,""provider"":""ActionNetwork book 15"",""source"":""action_network"",""under_price"":-105.0},{""away_ml"":-450.0,""away_spread_price"":-110.0,""home_ml"":340.0,""home_spread"":10.5,""home_spread_price"":-110.0,""last_update"":null,""market_total"":52.5,""over_price"":-110.0,""provider"":""ActionNetwork book 30"",""source"":""action_network"",""under_price"":-110.0},{""away_ml"":-460.0,""away_spread_price"":-113.0,""home_ml"":340.0,""home_spread"":11.5,""home_spread_price"":-107.0,""last_update"":null,""market_total"":55.5,""over_price"":-113.0,""provider"":""ActionNetwork book 49"",""source"":""action_network"",""under_price"":-107.0},{""away_ml"":-455.0,""away_spread_price"":-108.0,""home_ml"":350.0,""home_spread"":11.5,""home_spread_price"":-112.0,""last_update"":null,""market_total"":55.5,""over_price"":-115.0,""provider"":""ActionNetwork book 68"",""source"":""action_network"",""under_price"":-105.0},{""away_ml"":-520.0,""away_spread_price"":-115.0,""home_ml"":385.0,""home_spread"":11.5,""home_spread_price"":-105.0,""last_update"":null,""market_total"":55.5,""over_price"":-108.0,""provider"":""ActionNetwork book 69"",""source"":""action_network"",""under_price"":-112.0},{""away_ml"":-560.0,""away_spread_price"":-109.0,""home_ml"":380.0,""home_spread"":12.5,""home_spread_price"":-113.0,""last_update"":null,""market_total"":55.5,""over_price"":-112.0,""provider"":""ActionNetwork book 71"",""source"":""action_network"",""under_price"":-112.0},{""away_ml"":-450.0,""away_spread_price"":-108.0,""home_ml"":360.0,""home_spread"":11.5,""home_spread_price"":-110.0,""last_update"":null,""market_total"":55.5,""over_price"":-112.0,""provider"":""ActionNetwork book 75"",""source"":""action_network"",""under_price"":-105.0},{""away_ml"":-455.0,""away_spread_price"":null,""home_ml"":350.0,""home_spread"":11.5,""home_spread_price"":null,""last_update"":null,""market_total"":55.5,""over_price"":null,""provider"":""DraftKings"",""source"":""espn_core"",""under_price"":null}]",5367.357510283333
2026-09-30T05:32:38.549383+00:00,401871089,2026,5,2026-10-03T23:00:00.000Z,UL Monroe,South Alabama,DraftKings,440.0,-600.0,-14.0,57.5,-14.0,57.5,0.8295309782455771,0.5448623679425842,0.982264602843857,0.0090235337919149,-600.0,540.0,DraftKings,ActionNetwork book 30,-13.5,15.5,-115.0,-110.0,ActionNetwork book 69,ActionNetwork book 30,54.5,57.5,-110.0,-108.0,ActionNetwork book 30,ActionNetwork book 69,8.0,DraftKings | ActionNetwork book 15 | ActionNetwork book 30 | ActionNetwork book 49 | ActionNetwork book 68 | ActionNetwork book 69 | ActionNetwork book 71 | ActionNetwork book 75,action_network | espn_core,"[{""away_ml"":450.0,""away_spread_price"":-110.0,""home_ml"":-600.0,""home_spread"":-14.0,""home_spread_price"":-110.0,""last_update"":null,""market_total"":57.5,""over_price"":-110.0,""provider"":""ActionNetwork book 15"",""source"":""action_network"",""under_price"":-110.0},{""away_ml"":540.0,""away_spread_price"":-110.0,""home_ml"":-820.0,""home_spread"":-15.5,""home_spread_price"":-110.0,""last_update"":null,""market_total"":54.5,""over_price"":-110.0,""provider"":""ActionNetwork book 30"",""source"":""action_network"",""under_price"":-110.0},{""away_ml"":450.0,""away_spread_price"":-114.0,""home_ml"":-625.0,""home_spread"":-14.0,""home_spread_price"":-106.0,""last_update"":null,""market_total"":57.0,""over_price"":-107.0,""provider"":""ActionNetwork book 49"",""source"":""action_network"",""under_price"":-114.0},{""away_ml"":440.0,""away_spread_price"":-112.0,""home_ml"":-600.0,""home_spread"":-14.0,""home_spread_price"":-108.0,""last_update"":null,""market_total"":57.5,""over_price"":-108.0,""provider"":""ActionNetwork book 68"",""source"":""action_network"",""under_price"":-112.0},{""away_ml"":460.0,""away_spread_price"":-105.0,""home_ml"":-650.0,""home_spread"":-13.5,""home_spread_price"":-115.0,""last_update"":null,""market_total"":57.5,""over_price"":-112.0,""provider"":""ActionNetwork book 69"",""source"":""action_network"",""under_price"":-108.0},{""away_ml"":480.0,""away_spread_price"":-113.0,""home_ml"":-715.0,""home_spread"":-14.0,""home_spread_price"":-109.0,""last_update"":null,""market_total"":56.5,""over_price"":-113.0,""provider"":""ActionNetwork book 71"",""source"":""action_network"",""under_price"":-108.0},{""away_ml"":450.0,""away_spread_price"":-110.0,""home_ml"":-600.0,""home_spread"":-14.0,""home_spread_price"":-108.0,""last_update"":null,""market_total"":57.5,""over_price"":-108.0,""provider"":""ActionNetwork book 75"",""source"":""action_network"",""under_price"":-110.0},{""away_ml"":440.0,""away_spread_price"":null,""home_ml"":-600.0,""home_spread"":-14.0,""home_spread_price"":null,""last_update"":null,""market_total"":57.5,""over_price"":null,""provider"":""DraftKings"",""source"":""espn_core"",""under_price"":null}]",5367.357510283333
2026-09-30T05:32:38.549383+00:00,401862792,2026,5,2026-10-03T23:30:00.000Z,Temple,South Florida,DraftKings,195.0,-238.0,-6.5,48.5,-6.5,48.5,0.6751958384320733,0.1653594569415369,1.6393596310755,0.0042091805518801,-235.0,202.0,ActionNetwork book 71,ActionNetwork book 69,-6.0,6.5,-113.0,-104.0,ActionNetwork book 71,ActionNetwork book 69,48.5,53.5,-108.0,-110.0,ActionNetwork book 49,ActionNetwork book 30,8.0,DraftKings | ActionNetwork book 15 | ActionNetwork book 30 | ActionNetwork book 49 | ActionNetwork book 68 | ActionNetwork book 69 | ActionNetwork book 71 | ActionNetwork book 75,action_network | espn_core,"[{""away_ml"":195.0,""away_spread_price"":-112.0,""home_ml"":-240.0,""home_spread"":-6.5,""home_spread_price"":-110.0,""last_update"":null,""market_total"":48.5,""over_price"":-110.0,""provider"":""ActionNetwork book 15"",""source"":""action_network"",""under_price"":-110.0},{""away_ml"":195.0,""away_spread_price"":-110.0,""home_ml"":-240.0,""home_spread"":-6.5,""home_spread_price"":-110.0,""last_update"":null,""market_total"":53.5,""over_price"":-110.0,""provider"":""ActionNetwork book 30"",""source"":""action_network"",""under_price"":-110.0},{""away_ml"":196.0,""away_spread_price"":-110.0,""home_ml"":-240.0,""home_spread"":-6.5,""home_spread_price"":-110.0,""last_update"":null,""market_total"":48.5,""over_price"":-108.0,""provider"":""ActionNetwork book 49"",""source"":""action_network"",""under_price"":-112.0},{""away_ml"":195.0,""away_spread_price"":-112.0,""home_ml"":-238.0,""home_spread"":-6.5,""home_spread_price"":-108.0,""last_update"":null,""market_total"":48.5,""over_price"":-110.0,""provider"":""ActionNetwork book 68"",""source"":""action_network"",""under_price"":-110.0},{""away_ml"":202.0,""away_spread_price"":-104.0,""home_ml"":-250.0,""home_spread"":-6.5,""home_spread_price"":-118.0,""last_update"":null,""market_total"":48.5,""over_price"":-110.0,""provider"":""ActionNetwork book 69"",""source"":""action_network"",""under_price"":-110.0},{""away_ml"":185.0,""away_spread_price"":-109.0,""home_ml"":-235.0,""home_spread"":-6.0,""home_spread_price"":-113.0,""last_update"":null,""market_total"":49.5,""over_price"":-110.0,""provider"":""ActionNetwork book 71"",""source"":""action_network"",""under_price"":-113.0},{""away_ml"":195.0,""away_spread_price"":-108.0,""home_ml"":-235.0,""home_spread"":-6.5,""home_spread_price"":-110.0,""last_update"":null,""market_total"":48.5,""over_price"":-108.0,""provider"":""ActionNetwork book 75"",""source"":""action_network"",""under_price"":-110.0},{""away_ml"":195.0,""away_spread_price"":null,""home_ml"":-238.0,""home_spread"":-6.5,""home_spread_price"":null,""last_update"":null,""market_total"":48.5,""over_price"":null,""provider"":""DraftKings"",""source"":""espn_core"",""under_price"":null}]",5397.357510283333
2026-09-30T05:32:38.549383+00:00,401869842,2026,5,2026-10-03T23:30:00.000Z,Army,Louisiana Tech,DraftKings,-130.0,110.0,2.5,46.5,2.5,46.5,0.4517545915191144,0.4330127018922193,0.6614378277661477,0.0236305448986845,145.0,-125.0,ActionNetwork book 30,ActionNetwork book 75,3.5,-2.0,-110.0,-110.0,ActionNetwork book 30,ActionNetwork book 75,44.5,46.5,-110.0,-110.0,ActionNetwork book 30,ActionNetwork book 15,8.0,DraftKings | ActionNetwork book 15 | ActionNetwork book 30 | ActionNetwork book 49 | ActionNetwork book 68 | ActionNetwork book 69 | ActionNetwork book 71 | ActionNetwork book 75,action_network | espn_core,"[{""away_ml"":-130.0,""away_spread_price"":-110.0,""home_ml"":105.0,""home_spread"":2.5,""home_spread_price"":-110.0,""last_update"":null,""market_total"":46.5,""over_price"":-110.0,""provider"":""ActionNetwork book 15"",""source"":""action_network"",""under_price"":-110.0},{""away_ml"":-175.0,""away_spread_price"":-110.0,""home_ml"":145.0,""home_spread"":3.5,""home_spread_price"":-110.0,""last_update"":null,""market_total"":44.5,""over_price"":-110.0,""provider"":""ActionNetwork book 30"",""source"":""action_network"",""under_price"":-110.0},{""away_ml"":-134.0,""away_spread_price"":-108.0,""home_ml"":113.0,""home_spread"":2.5,""home_spread_price"":-112.0,""last_update"":null,""market_total"":46.5,""over_price"":-107.0,""provider"":""ActionNetwork book 49"",""source"":""action_network"",""under_price"":-113.0},{""away_ml"":-130.0,""away_spread_price"":-110.0,""home_ml"":110.0,""home_spread"":2.5,""home_spread_price"":-110.0,""last_update"":null,""market_total"":46.5,""over_price"":-110.0,""provider"":""ActionNetwork book 68"",""source"":""action_network"",""under_price"":-110.0},{""away_ml"":-126.0,""away_spread_price"":-105.0,""home_ml"":105.0,""home_spread"":2.5,""home_spread_price"":-115.0,""last_update"":null,""market_total"":46.5,""over_price"":-108.0,""provider"":""ActionNetwork book 69"",""source"":""action_network"",""under_price"":-112.0},{""away_ml"":-130.0,""away_spread_price"":-113.0,""home_ml"":107.0,""home_spread"":2.0,""home_spread_price"":-109.0,""last_update"":null,""market_total"":46.5,""over_price"":-108.0,""provider"":""ActionNetwork book 71"",""source"":""action_network"",""under_price"":-115.0},{""away_ml"":-125.0,""away_spread_price"":-110.0,""home_ml"":105.0,""home_spread"":2.0,""home_spread_price"":-108.0,""last_update"":null,""market_total"":46.5,""over_price"":-110.0,""provider"":""ActionNetwork book 75"",""source"":""action_network"",""under_price"":-110.0},{""away_ml"":-130.0,""away_spread_price"":null,""home_ml"":110.0,""home_spread"":2.5,""home_spread_price"":null,""last_update"":null,""market_total"":46.5,""over_price"":null,""provider"":""DraftKings"",""source"":""espn_core"",""under_price"":null}]",5397.357510283333
2026-09-30T05:32:38.549383+00:00,401856821,2026,5,2026-10-03T23:30:00.000Z,Texas Tech,Colorado,DraftKings,-485.0,370.0,12.5,50.5,13.0,50.5,0.1893750596859748,0.899218410621135,0.6614378277661477,0.0166119274123416,540.0,-485.0,ActionNetwork book 30,DraftKings,15.5,-12.5,-110.0,-112.0,ActionNetwork book 30,ActionNetwork book 68,50.5,52.5,-107.0,-110.0,ActionNetwork book 49,ActionNetwork book 30,8.0,DraftKings | ActionNetwork book 15 | ActionNetwork book 30 | ActionNetwork book 49 | ActionNetwork book 68 | ActionNetwork book 69 | ActionNetwork book 71 | ActionNetwork book 75,action_network | espn_core,"[{""away_ml"":-550.0,""away_spread_price"":-110.0,""home_ml"":400.0,""home_spread"":13.0,""home_spread_price"":-110.0,""last_update"":null,""market_total"":50.5,""over_price"":-110.0,""provider"":""ActionNetwork book 15"",""source"":""action_network"",""under_price"":-110.0},{""away_ml"":-800.0,""away_spread_price"":-110.0,""home_ml"":540.0,""home_spread"":15.5,""home_spread_price"":-110.0,""last_update"":null,""market_total"":52.5,""over_price"":-110.0,""provider"":""ActionNetwork book 30"",""source"":""action_network"",""under_price"":-110.0},{""away_ml"":-500.0,""away_spread_price"":-110.0,""home_ml"":380.0,""home_spread"":13.0,""home_spread_price"":-109.0,""last_update"":null,""market_total"":50.5,""over_price"":-107.0,""provider"":""ActionNetwork book 49"",""source"":""action_network"",""under_price"":-113.0},{""away_ml"":-485.0,""away_spread_price"":-112.0,""home_ml"":370.0,""home_spread"":12.5,""home_spread_price"":-108.0,""last_update"":null,""market_total"":50.5,""over_price"":-110.0,""provider"":""ActionNetwork book 68"",""source"":""action_network"",""under_price"":-110.0},{""away_ml"":-550.0,""away_spread_price"":-105.0,""home_ml"":400.0,""home_spread"":13.5,""home_spread_price"":-115.0,""last_update"":null,""market_total"":50.5,""over_price"":-108.0,""provider"":""ActionNetwork book 69"",""source"":""action_network"",""under_price"":-112.0},{""away_ml"":-625.0,""away_spread_price"":-114.0,""home_ml"":420.0,""home_spread"":13.5,""home_spread_price"":-109.0,""last_update"":null,""market_total"":50.5,""over_price"":-113.0,""provider"":""ActionNetwork book 71"",""source"":""action_network"",""under_price"":-110.0},{""away_ml"":-525.0,""away_spread_price"":-108.0,""home_ml"":400.0,""home_spread"":13.0,""home_spread_price"":-110.0,""last_update"":null,""market_total"":50.5,""over_price"":-110.0,""provider"":""ActionNetwork book 75"",""source"":""action_network"",""under_price"":-108.0},{""away_ml"":-485.0,""away_spread_price"":null,""home_ml"":370.0,""home_spread"":12.5,""home_spread_price"":null,""last_update"":null,""market_total"":50.5,""over_price"":null,""provider"":""DraftKings"",""source"":""espn_core"",""under_price"":null}]",5397.357510283333
2026-09-30T05:32:38.549383+00:00,401858249,2026,5,2026-10-03T23:30:00.000Z,Miami,Clemson,DraftKings,-800.0,550.0,16.5,47.5,16.5,47.5,0.1773044417062086,3.169680583276492,2.6457513110645907,0.0875865369038208,600.0,-160.0,ActionNetwork book 71,ActionNetwork book 30,17.0,-7.0,-115.0,-115.0,ActionNetwork book 71,ActionNetwork book 30,47.5,55.5,-109.0,-112.0,ActionNetwork book 71,ActionNetwork book 30,8.0,DraftKings | ActionNetwork book 15 | ActionNetwork book 30 | ActionNetwork book 49 | ActionNetwork book 68 | ActionNetwork book 69 | ActionNetwork book 71 | ActionNetwork book 75,action_network | espn_core,"[{""away_ml"":-800.0,""away_spread_price"":-115.0,""home_ml"":550.0,""home_spread"":16.5,""home_spread_price"":-105.0,""last_update"":null,""market_total"":47.5,""over_price"":-112.0,""provider"":""ActionNetwork book 15"",""source"":""action_network"",""under_price"":-108.0},{""away_ml"":-160.0,""away_spread_price"":-115.0,""home_ml"":135.0,""home_spread"":7.0,""home_spread_price"":-105.0,""last_update"":null,""market_total"":55.5,""over_price"":-108.0,""provider"":""ActionNetwork book 30"",""source"":""action_network"",""under_price"":-112.0},{""away_ml"":-850.0,""away_spread_price"":-117.0,""home_ml"":550.0,""home_spread"":16.5,""home_spread_price"":-104.0,""last_update"":null,""market_total"":47.5,""over_price"":-117.0,""provider"":""ActionNetwork book 49"",""source"":""action_network"",""under_price"":-104.0},{""away_ml"":-800.0,""away_spread_price"":-112.0,""home_ml"":550.0,""home_spread"":16.5,""home_spread_price"":-108.0,""last_update"":null,""market_total"":47.5,""over_price"":-112.0,""provider"":""ActionNetwork book 68"",""source"":""action_network"",""under_price"":-108.0},{""away_ml"":-880.0,""away_spread_price"":-118.0,""home_ml"":580.0,""home_spread"":16.5,""home_spread_price"":-104.0,""last_update"":null,""market_total"":47.5,""over_price"":-112.0,""provider"":""ActionNetwork book 69"",""source"":""action_network"",""under_price"":-108.0},{""away_ml"":-1000.0,""away_spread_price"":-108.0,""home_ml"":600.0,""home_spread"":17.0,""home_spread_price"":-115.0,""last_update"":null,""market_total"":47.5,""over_price"":-109.0,""provider"":""ActionNetwork book 71"",""source"":""action_network"",""under_price"":-114.0},{""away_ml"":-750.0,""away_spread_price"":-112.0,""home_ml"":575.0,""home_spread"":16.5,""home_spread_price"":-105.0,""last_update"":null,""market_total"":47.5,""over_price"":-110.0,""provider"":""ActionNetwork book 75"",""source"":""action_network"",""under_price"":-108.0},{""away_ml"":-800.0,""away_spread_price"":null,""home_ml"":550.0,""home_spread"":16.5,""home_spread_price"":null,""last_update"":null,""market_total"":47.5,""over_price"":null,""provider"":""DraftKings"",""source"":""espn_core"",""under_price"":null}]",5397.357510283333
2026-09-30T05:32:38.549383+00:00,401858478,2026,5,2026-10-03T23:30:00.000Z,Washington,USC,DraftKings,295.0,-375.0,-9.5,58.5,-9.5,58.5,0.7567519122093931,0.2165063509461096,0.3307189138830738,0.006729720066164,-360.0,320.0,ActionNetwork book 30,ActionNetwork book 71,-9.5,10.0,-112.0,-110.0,ActionNetwork book 49,ActionNetwork book 30,57.5,58.5,-110.0,-108.0,ActionNetwork book 30,ActionNetwork book 68,8.0,DraftKings | ActionNetwork book 15 | ActionNetwork book 30 | ActionNetwork book 49 | ActionNetwork book 68 | ActionNetwork book 69 | ActionNetwork book 71 | ActionNetwork book 75,action_network | espn_core,"[{""away_ml"":290.0,""away_spread_price"":-105.0,""home_ml"":-375.0,""home_spread"":-9.5,""home_spread_price"":-115.0,""last_update"":null,""market_total"":58.5,""over_price"":-110.0,""provider"":""ActionNetwork book 15"",""source"":""action_network"",""under_price"":-110.0},{""away_ml"":285.0,""away_spread_price"":-110.0,""home_ml"":-360.0,""home_spread"":-10.0,""home_spread_price"":-110.0,""last_update"":null,""market_total"":57.5,""over_price"":-110.0,""provider"":""ActionNetwork book 30"",""source"":""action_network"",""under_price"":-110.0},{""away_ml"":285.0,""away_spread_price"":-108.0,""home_ml"":-360.0,""home_spread"":-9.5,""home_spread_price"":-112.0,""last_update"":null,""market_total"":58.5,""over_price"":-107.0,""provider"":""ActionNetwork book 49"",""source"":""action_network"",""under_price"":-113.0},{""away_ml"":295.0,""away_spread_price"":-105.0,""home_ml"":-375.0,""home_spread"":-9.5,""home_spread_price"":-115.0,""last_update"":null,""market_total"":58.5,""over_price"":-112.0,""provider"":""ActionNetwork book 68"",""source"":""action_network"",""under_price"":-108.0},{""away_ml"":290.0,""away_spread_price"":-105.0,""home_ml"":-375.0,""home_spread"":-9.5,""home_spread_price"":-115.0,""last_update"":null,""market_total"":58.5,""over_price"":-106.0,""provider"":""ActionNetwork book 69"",""source"":""action_network"",""under_price"":-114.0},{""away_ml"":320.0,""away_spread_price"":-113.0,""home_ml"":-435.0,""home_spread"":-10.0,""home_spread_price"":-110.0,""last_update"":null,""market_total"":58.5,""over_price"":-109.0,""provider"":""ActionNetwork book 71"",""source"":""action_network"",""under_price"":-114.0},{""away_ml"":290.0,""away_spread_price"":-105.0,""home_ml"":-375.0,""home_spread"":-9.5,""home_spread_price"":-112.0,""last_update"":null,""market_total"":58.5,""over_price"":-110.0,""provider"":""ActionNetwork book 75"",""source"":""action_network"",""under_price"":-110.0},{""away_ml"":295.0,""away_spread_price"":null,""home_ml"":-375.0,""home_spread"":-9.5,""home_spread_price"":null,""last_update"":null,""market_total"":58.5,""over_price"":null,""provider"":""DraftKings"",""source"":""espn_core"",""under_price"":null}]",5397.357510283333
2026-09-30T05:32:38.549383+00:00,401860898,2026,5,2026-10-03T23:30:00.000Z,Utah State,Boise State,DraftKings,900.0,-1600.0,-20.5,51.5,-20.5,51.5,0.906897039429134,0.0,0.3307189138830738,0.0055758816250926,-1400.0,1060.0,ActionNetwork book 75,ActionNetwork book 30,-20.5,20.5,-108.0,-105.0,ActionNetwork book 69,ActionNetwork book 30,51.5,52.5,-107.0,-110.0,ActionNetwork book 49,ActionNetwork book 30,8.0,DraftKings | ActionNetwork book 15 | ActionNetwork book 30 | ActionNetwork book 49 | ActionNetwork book 68 | ActionNetwork book 69 | ActionNetwork book 71 | ActionNetwork book 75,action_network | espn_core,"[{""away_ml"":900.0,""away_spread_price"":-110.0,""home_ml"":-1600.0,""home_spread"":-20.5,""home_spread_price"":-110.0,""last_update"":null,""market_total"":51.5,""over_price"":-110.0,""provider"":""ActionNetwork book 15"",""source"":""action_network"",""under_price"":-110.0},{""away_ml"":1060.0,""away_spread_price"":-105.0,""home_ml"":-2300.0,""home_spread"":-20.5,""home_spread_price"":-115.0,""last_update"":null,""market_total"":52.5,""over_price"":-110.0,""provider"":""ActionNetwork book 30"",""source"":""action_network"",""under_price"":-110.0},{""away_ml"":850.0,""away_spread_price"":-110.0,""home_ml"":-1450.0,""home_spread"":-20.5,""home_spread_price"":-109.0,""last_update"":null,""market_total"":51.5,""over_price"":-107.0,""provider"":""ActionNetwork book 49"",""source"":""action_network"",""under_price"":-113.0},{""away_ml"":900.0,""away_spread_price"":-110.0,""home_ml"":-1600.0,""home_spread"":-20.5,""home_spread_price"":-110.0,""last_update"":null,""market_total"":51.5,""over_price"":-108.0,""provider"":""ActionNetwork book 68"",""source"":""action_network"",""under_price"":-112.0},{""away_ml"":920.0,""away_spread_price"":-112.0,""home_ml"":-1700.0,""home_spread"":-20.5,""home_spread_price"":-108.0,""last_update"":null,""market_total"":51.5,""over_price"":-110.0,""provider"":""ActionNetwork book 69"",""source"":""action_network"",""under_price"":-110.0},{""away_ml"":1000.0,""away_spread_price"":-112.0,""home_ml"":-2500.0,""home_spread"":-20.5,""home_spread_price"":-112.0,""last_update"":null,""market_total"":51.5,""over_price"":-113.0,""provider"":""ActionNetwork book 71"",""source"":""action_network"",""under_price"":-108.0},{""away_ml"":950.0,""away_spread_price"":-110.0,""home_ml"":-1400.0,""home_spread"":-20.5,""home_spread_price"":-108.0,""last_update"":null,""market_total"":51.5,""over_price"":-108.0,""provider"":""ActionNetwork book 75"",""source"":""action_network"",""under_price"":-110.0},{""away_ml"":900.0,""away_spread_price"":null,""home_ml"":-1600.0,""home_spread"":-20.5,""home_spread_price"":null,""last_update"":null,""market_total"":51.5,""over_price"":null,""provider"":""DraftKings"",""source"":""espn_core"",""under_price"":null}]",5397.357510283333
2026-09-30T05:32:38.549383+00:00,401869932,2026,5,2026-10-04T00:00:00.000Z,Arkansas State,Louisiana,DraftKings,205.0,-250.0,-6.5,47.5,-6.5,47.5,0.6746246770863028,0.8660254037844386,0.6614378277661477,0.0251070532046503,-175.0,210.0,ActionNetwork book 30,ActionNetwork book 71,-4.0,7.0,-110.0,-117.0,ActionNetwork book 30,ActionNetwork book 71,47.5,49.5,-104.0,-110.0,ActionNetwork book 71,ActionNetwork book 30,8.0,DraftKings | ActionNetwork book 15 | ActionNetwork book 30 | ActionNetwork book 49 | ActionNetwork book 68 | ActionNetwork book 69 | ActionNetwork book 71 | ActionNetwork book 75,action_network | espn_core,"[{""away_ml"":200.0,""away_spread_price"":-110.0,""home_ml"":-250.0,""home_spread"":-6.5,""home_spread_price"":-110.0,""last_update"":null,""market_total"":47.5,""over_price"":-115.0,""provider"":""ActionNetwork book 15"",""source"":""action_network"",""under_price"":-105.0},{""away_ml"":145.0,""away_spread_price"":-110.0,""home_ml"":-175.0,""home_spread"":-4.0,""home_spread_price"":-110.0,""last_update"":null,""market_total"":49.5,""over_price"":-110.0,""provider"":""ActionNetwork book 30"",""source"":""action_network"",""under_price"":-110.0},{""away_ml"":205.0,""away_spread_price"":-103.0,""home_ml"":-250.0,""home_spread"":-6.5,""home_spread_price"":-118.0,""last_update"":null,""market_total"":47.5,""over_price"":-110.0,""provider"":""ActionNetwork book 49"",""source"":""action_network"",""under_price"":-109.0},{""away_ml"":205.0,""away_spread_price"":-105.0,""home_ml"":-250.0,""home_spread"":-6.5,""home_spread_price"":-115.0,""last_update"":null,""market_total"":47.5,""over_price"":-115.0,""provider"":""ActionNetwork book 68"",""source"":""action_network"",""under_price"":-105.0},{""away_ml"":195.0,""away_spread_price"":-110.0,""home_ml"":-240.0,""home_spread"":-6.5,""home_spread_price"":-110.0,""last_update"":null,""market_total"":47.5,""over_price"":-114.0,""provider"":""ActionNetwork book 69"",""source"":""action_network"",""under_price"":-106.0},{""away_ml"":210.0,""away_spread_price"":-117.0,""home_ml"":-265.0,""home_spread"":-7.0,""home_spread_price"":-104.0,""last_update"":null,""market_total"":47.5,""over_price"":-104.0,""provider"":""ActionNetwork book 71"",""source"":""action_network"",""under_price"":-121.0},{""away_ml"":200.0,""away_spread_price"":-108.0,""home_ml"":-250.0,""home_spread"":-6.5,""home_spread_price"":-110.0,""last_update"":null,""market_total"":47.5,""over_price"":-115.0,""provider"":""ActionNetwork book 75"",""source"":""action_network"",""under_price"":-105.0},{""away_ml"":205.0,""away_spread_price"":null,""home_ml"":-250.0,""home_spread"":-6.5,""home_spread_price"":null,""last_update"":null,""market_total"":47.5,""over_price"":null,""provider"":""DraftKings"",""source"":""espn_core"",""under_price"":null}]",5427.357510283333
2026-09-30T05:32:38.549383+00:00,401858477,2026,5,2026-10-04T00:00:00.000Z,Indiana,Rutgers,DraftKings,-2400.0,1200.0,24.5,55.5,24.25,55.5,0.0683059282299636,0.3479852726768763,0.6614378277661477,0.00407370004626,1400.0,-2400.0,ActionNetwork book 30,DraftKings,24.5,-23.5,-115.0,-112.0,ActionNetwork book 15,ActionNetwork book 30,53.5,55.5,-115.0,-104.0,ActionNetwork book 30,ActionNetwork book 49,8.0,DraftKings | ActionNetwork book 15 | ActionNetwork book 30 | ActionNetwork book 49 | ActionNetwork book 68 | ActionNetwork book 69 | ActionNetwork book 71 | ActionNetwork book 75,action_network | espn_core,"[{""away_ml"":-3000.0,""away_spread_price"":-105.0,""home_ml"":1300.0,""home_spread"":24.5,""home_spread_price"":-115.0,""last_update"":null,""market_total"":55.5,""over_price"":-115.0,""provider"":""ActionNetwork book 15"",""source"":""action_network"",""under_price"":-106.0},{""away_ml"":-3200.0,""away_spread_price"":-112.0,""home_ml"":1400.0,""home_spread"":23.5,""home_spread_price"":-108.0,""last_update"":null,""market_total"":53.5,""over_price"":-115.0,""provider"":""ActionNetwork book 30"",""source"":""action_network"",""under_price"":-105.0},{""away_ml"":null,""away_spread_price"":-113.0,""home_ml"":null,""home_spread"":24.0,""home_spread_price"":-107.0,""last_update"":null,""market_total"":55.5,""over_price"":-117.0,""provider"":""ActionNetwork book 49"",""source"":""action_network"",""under_price"":-104.0},{""away_ml"":-2400.0,""away_spread_price"":-105.0,""home_ml"":1200.0,""home_spread"":24.5,""home_spread_price"":-115.0,""last_update"":null,""market_total"":55.5,""over_price"":-115.0,""provider"":""ActionNetwork book 68"",""source"":""action_network"",""under_price"":-105.0},{""away_ml"":-4000.0,""away_spread_price"":-104.0,""home_ml"":1400.0,""home_spread"":24.5,""home_spread_price"":-118.0,""last_update"":null,""market_total"":55.5,""over_price"":-114.0,""provider"":""ActionNetwork book 69"",""source"":""action_network"",""under_price"":-106.0},{""away_ml"":-5000.0,""away_spread_price"":-110.0,""home_ml"":1300.0,""home_spread"":24.0,""home_spread_price"":-113.0,""last_update"":null,""market_total"":55.5,""over_price"":-113.0,""provider"":""ActionNetwork book 71"",""source"":""action_network"",""under_price"":-110.0},{""away_ml"":-2500.0,""away_spread_price"":-112.0,""home_ml"":1400.0,""home_spread"":24.0,""home_spread_price"":-108.0,""last_update"":null,""market_total"":55.5,""over_price"":-112.0,""provider"":""ActionNetwork book 75"",""source"":""action_network"",""under_price"":-105.0},{""away_ml"":-2400.0,""away_spread_price"":null,""home_ml"":1200.0,""home_spread"":24.5,""home_spread_price"":null,""last_update"":null,""market_total"":55.5,""over_price"":null,""provider"":""DraftKings"",""source"":""espn_core"",""under_price"":null}]",5427.357510283333
2026-09-30T05:32:38.549383+00:00,401860921,2026,5,2026-10-04T01:30:00.000Z,Fresno State,Washington State,DraftKings,105.0,-125.0,-2.5,45.5,-2.5,45.5,0.5317768172694557,0.4330127018922193,0.3307189138830738,0.0082690053830126,-115.0,109.0,ActionNetwork book 30,ActionNetwork book 49,-1.5,2.5,-106.0,-110.0,ActionNetwork book 30,ActionNetwork book 15,45.5,46.5,-110.0,-113.0,ActionNetwork book 30,ActionNetwork book 71,8.0,DraftKings | ActionNetwork book 15 | ActionNetwork book 30 | ActionNetwork book 49 | ActionNetwork book 68 | ActionNetwork book 69 | ActionNetwork book 71 | ActionNetwork book 75,action_network | espn_core,"[{""away_ml"":105.0,""away_spread_price"":-110.0,""home_ml"":-125.0,""home_spread"":-2.5,""home_spread_price"":-110.0,""last_update"":null,""market_total"":45.5,""over_price"":-115.0,""provider"":""ActionNetwork book 15"",""source"":""action_network"",""under_price"":-110.0},{""away_ml"":-104.0,""away_spread_price"":-114.0,""home_ml"":-115.0,""home_spread"":-1.5,""home_spread_price"":-106.0,""last_update"":null,""market_total"":45.5,""over_price"":-110.0,""provider"":""ActionNetwork book 30"",""source"":""action_network"",""under_price"":-110.0},{""away_ml"":109.0,""away_spread_price"":-104.0,""home_ml"":-129.0,""home_spread"":-1.5,""home_spread_price"":-117.0,""last_update"":null,""market_total"":45.5,""over_price"":-117.0,""provider"":""ActionNetwork book 49"",""source"":""action_network"",""under_price"":-104.0},{""away_ml"":105.0,""away_spread_price"":-110.0,""home_ml"":-125.0,""home_spread"":-2.5,""home_spread_price"":-110.0,""last_update"":null,""market_total"":45.5,""over_price"":-115.0,""provider"":""ActionNetwork book 68"",""source"":""action_network"",""under_price"":-105.0},{""away_ml"":104.0,""away_spread_price"":-115.0,""home_ml"":-125.0,""home_spread"":-2.5,""home_spread_price"":-105.0,""last_update"":null,""market_total"":45.5,""over_price"":-110.0,""provider"":""ActionNetwork book 69"",""source"":""action_network"",""under_price"":-110.0},{""away_ml"":108.0,""away_spread_price"":-114.0,""home_ml"":-130.0,""home_spread"":-2.5,""home_spread_price"":-108.0,""last_update"":null,""market_total"":46.5,""over_price"":-108.0,""provider"":""ActionNetwork book 71"",""source"":""action_network"",""under_price"":-113.0},{""away_ml"":105.0,""away_spread_price"":-110.0,""home_ml"":-125.0,""home_spread"":-2.5,""home_spread_price"":-110.0,""last_update"":null,""market_total"":45.5,""over_price"":-110.0,""provider"":""ActionNetwork book 75"",""source"":""action_network"",""under_price"":-108.0},{""away_ml"":105.0,""away_spread_price"":null,""home_ml"":-125.0,""home_spread"":-2.5,""home_spread_price"":null,""last_update"":null,""market_total"":45.5,""over_price"":null,""provider"":""DraftKings"",""source"":""espn_core"",""under_price"":null}]",5517.357510283333
2026-09-30T05:32:38.549383+00:00,401860900,2026,5,2026-10-04T02:30:00.000Z,Texas State,San Diego State,DraftKings,-192.0,160.0,4.5,59.5,4.5,59.5,0.3763709376179078,0.3479852726768763,0.3307189138830738,0.0081710241042818,160.0,-172.0,DraftKings,ActionNetwork book 30,4.5,-3.5,-114.0,-110.0,ActionNetwork book 49,ActionNetwork book 30,58.5,59.5,-115.0,-105.0,ActionNetwork book 71,ActionNetwork book 30,8.0,DraftKings | ActionNetwork book 15 | ActionNetwork book 30 | ActionNetwork book 49 | ActionNetwork book 68 | ActionNetwork book 69 | ActionNetwork book 71 | ActionNetwork book 75,action_network | espn_core,"[{""away_ml"":-190.0,""away_spread_price"":-105.0,""home_ml"":155.0,""home_spread"":4.5,""home_spread_price"":-115.0,""last_update"":null,""market_total"":59.5,""over_price"":-110.0,""provider"":""ActionNetwork book 15"",""source"":""action_network"",""under_price"":-110.0},{""away_ml"":-172.0,""away_spread_price"":-110.0,""home_ml"":142.0,""home_spread"":3.5,""home_spread_price"":-110.0,""last_update"":null,""market_total"":59.5,""over_price"":-115.0,""provider"":""ActionNetwork book 30"",""source"":""action_network"",""under_price"":-105.0},{""away_ml"":-190.0,""away_spread_price"":-106.0,""home_ml"":158.0,""home_spread"":4.5,""home_spread_price"":-114.0,""last_update"":null,""market_total"":59.5,""over_price"":-109.0,""provider"":""ActionNetwork book 49"",""source"":""action_network"",""under_price"":-110.0},{""away_ml"":-192.0,""away_spread_price"":-105.0,""home_ml"":160.0,""home_spread"":4.5,""home_spread_price"":-115.0,""last_update"":null,""market_total"":59.5,""over_price"":-105.0,""provider"":""ActionNetwork book 68"",""source"":""action_network"",""under_price"":-115.0},{""away_ml"":-182.0,""away_spread_price"":-105.0,""home_ml"":150.0,""home_spread"":4.5,""home_spread_price"":-115.0,""last_update"":null,""market_total"":59.5,""over_price"":-110.0,""provider"":""ActionNetwork book 69"",""source"":""action_network"",""under_price"":-110.0},{""away_ml"":-190.0,""away_spread_price"":-108.0,""home_ml"":155.0,""home_spread"":4.5,""home_spread_price"":-115.0,""last_update"":null,""market_total"":58.5,""over_price"":-115.0,""provider"":""ActionNetwork book 71"",""source"":""action_network"",""under_price"":-108.0},{""away_ml"":-190.0,""away_spread_price"":-110.0,""home_ml"":155.0,""home_spread"":4.0,""home_spread_price"":-108.0,""last_update"":null,""market_total"":59.5,""over_price"":-108.0,""provider"":""ActionNetwork book 75"",""source"":""action_network"",""under_price"":-110.0},{""away_ml"":-192.0,""away_spread_price"":null,""home_ml"":160.0,""home_spread"":4.5,""home_spread_price"":null,""last_update"":null,""market_total"":59.5,""over_price"":null,""provider"":""DraftKings"",""source"":""espn_core"",""under_price"":null}]",5577.357510283333
2026-09-30T05:32:38.549383+00:00,401856817,2026,5,2026-10-04T02:30:00.000Z,Baylor,Arizona State,DraftKings,154.0,-185.0,-4.0,49.5,-4.5,49.5,0.6217685865150755,0.2165063509461096,1.25,0.0063926729808178,-178.0,160.0,ActionNetwork book 69,ActionNetwork book 71,-4.0,4.5,-110.0,-110.0,ActionNetwork book 68,ActionNetwork book 30,48.0,52.5,-113.0,-110.0,ActionNetwork book 71,ActionNetwork book 30,8.0,DraftKings | ActionNetwork book 15 | ActionNetwork book 30 | ActionNetwork book 49 | ActionNetwork book 68 | ActionNetwork book 69 | ActionNetwork book 71 | ActionNetwork book 75,action_network | espn_core,"[{""away_ml"":150.0,""away_spread_price"":-115.0,""home_ml"":-185.0,""home_spread"":-4.5,""home_spread_price"":-108.0,""last_update"":null,""market_total"":49.5,""over_price"":-105.0,""provider"":""ActionNetwork book 15"",""source"":""action_network"",""under_price"":-115.0},{""away_ml"":155.0,""away_spread_price"":-110.0,""home_ml"":-184.0,""home_spread"":-4.5,""home_spread_price"":-110.0,""last_update"":null,""market_total"":52.5,""over_price"":-110.0,""provider"":""ActionNetwork book 30"",""source"":""action_network"",""under_price"":-110.0},{""away_ml"":154.0,""away_spread_price"":-114.0,""home_ml"":-182.0,""home_spread"":-4.5,""home_spread_price"":-106.0,""last_update"":null,""market_total"":49.0,""over_price"":-105.0,""provider"":""ActionNetwork book 49"",""source"":""action_network"",""under_price"":-115.0},{""away_ml"":154.0,""away_spread_price"":-110.0,""home_ml"":-185.0,""home_spread"":-4.0,""home_spread_price"":-110.0,""last_update"":null,""market_total"":49.5,""over_price"":-108.0,""provider"":""ActionNetwork book 68"",""source"":""action_network"",""under_price"":-112.0},{""away_ml"":146.0,""away_spread_price"":-115.0,""home_ml"":-178.0,""home_spread"":-4.5,""home_spread_price"":-105.0,""last_update"":null,""market_total"":48.5,""over_price"":-114.0,""provider"":""ActionNetwork book 69"",""source"":""action_network"",""under_price"":-106.0},{""away_ml"":160.0,""away_spread_price"":-112.0,""home_ml"":-205.0,""home_spread"":-4.5,""home_spread_price"":-112.0,""last_update"":null,""market_total"":48.0,""over_price"":-113.0,""provider"":""ActionNetwork book 71"",""source"":""action_network"",""under_price"":-110.0},{""away_ml"":150.0,""away_spread_price"":-110.0,""home_ml"":-185.0,""home_spread"":-4.5,""home_spread_price"":-108.0,""last_update"":null,""market_total"":49.5,""over_price"":-105.0,""provider"":""ActionNetwork book 75"",""source"":""action_network"",""under_price"":-115.0},{""away_ml"":154.0,""away_spread_price"":null,""home_ml"":-185.0,""home_spread"":-4.0,""home_spread_price"":null,""last_update"":null,""market_total"":49.5,""over_price"":null,""provider"":""DraftKings"",""source"":""espn_core"",""under_price"":null}]",5577.357510283333
2026-09-30T05:32:38.549383+00:00,401856820,2026,5,2026-10-04T03:00:00.000Z,Cincinnati,Arizona,DraftKings,235.0,-290.0,-7.0,55.5,-7.0,55.5,0.7104122711684676,0.2420614591379635,0.3479852726768763,0.0076392832040328,-260.0,240.0,ActionNetwork book 69,ActionNetwork book 30,-7.0,7.5,-110.0,-110.0,ActionNetwork book 15,ActionNetwork book 30,54.5,55.5,-110.0,-110.0,ActionNetwork book 30,ActionNetwork book 15,8.0,DraftKings | ActionNetwork book 15 | ActionNetwork book 30 | ActionNetwork book 49 | ActionNetwork book 68 | ActionNetwork book 69 | ActionNetwork book 71 | ActionNetwork book 75,action_network | espn_core,"[{""away_ml"":230.0,""away_spread_price"":-110.0,""home_ml"":-290.0,""home_spread"":-7.0,""home_spread_price"":-110.0,""last_update"":null,""market_total"":55.5,""over_price"":-110.0,""provider"":""ActionNetwork book 15"",""source"":""action_network"",""under_price"":-110.0},{""away_ml"":240.0,""away_spread_price"":-110.0,""home_ml"":-300.0,""home_spread"":-7.5,""home_spread_price"":-110.0,""last_update"":null,""market_total"":54.5,""over_price"":-110.0,""provider"":""ActionNetwork book 30"",""source"":""action_network"",""under_price"":-110.0},{""away_ml"":235.0,""away_spread_price"":-104.0,""home_ml"":-290.0,""home_spread"":-7.0,""home_spread_price"":-117.0,""last_update"":null,""market_total"":55.5,""over_price"":-107.0,""provider"":""ActionNetwork book 49"",""source"":""action_network"",""under_price"":-113.0},{""away_ml"":235.0,""away_spread_price"":-108.0,""home_ml"":-290.0,""home_spread"":-7.0,""home_spread_price"":-112.0,""last_update"":null,""market_total"":55.5,""over_price"":-108.0,""provider"":""ActionNetwork book 68"",""source"":""action_network"",""under_price"":-112.0},{""away_ml"":210.0,""away_spread_price"":-132.0,""home_ml"":-260.0,""home_spread"":-7.5,""home_spread_price"":108.0,""last_update"":null,""market_total"":55.5,""over_price"":-110.0,""provider"":""ActionNetwork book 69"",""source"":""action_network"",""under_price"":-110.0},{""away_ml"":230.0,""away_spread_price"":-117.0,""home_ml"":-305.0,""home_spread"":-7.5,""home_spread_price"":-107.0,""last_update"":null,""market_total"":55.0,""over_price"":-109.0,""provider"":""ActionNetwork book 71"",""source"":""action_network"",""under_price"":-113.0},{""away_ml"":230.0,""away_spread_price"":-108.0,""home_ml"":-285.0,""home_spread"":-7.0,""home_spread_price"":-110.0,""last_update"":null,""market_total"":55.5,""over_price"":-108.0,""provider"":""ActionNetwork book 75"",""source"":""action_network"",""under_price"":-110.0},{""away_ml"":235.0,""away_spread_price"":null,""home_ml"":-290.0,""home_spread"":-7.0,""home_spread_price"":null,""last_update"":null,""market_total"":55.5,""over_price"":null,""provider"":""DraftKings"",""source"":""espn_core"",""under_price"":null}]",5607.357510283333
2026-09-30T05:32:38.549383+00:00,401864513,2026,5,2026-10-04T03:59:00.000Z,San José State,Hawai'i,DraftKings,120.0,-142.0,-3.0,51.5,-3.0,51.5,0.5634920634920635,0.0,0.0,0.0,-142.0,120.0,DraftKings,DraftKings,-3.0,3.0,,,DraftKings,DraftKings,51.5,51.5,,,DraftKings,DraftKings,1.0,DraftKings,espn_core,"[{""away_ml"":120.0,""away_spread_price"":null,""home_ml"":-142.0,""home_spread"":-3.0,""home_spread_price"":null,""last_update"":null,""market_total"":51.5,""over_price"":null,""provider"":""DraftKings"",""source"":""espn_core"",""under_price"":null}]",5666.357510283333
2026-09-30T12:34:44.393999+00:00,401871049,2026,5,2026-10-02T00:00:00.000Z,Western Kentucky,New Mexico State,Draft Kings,114.0,-135.0,-2.5,57.5,-2.5,57.5,0.5424938286594805,0.34798527267687634,1.6393596310755,0.016655664889532185,-110.0,115.0,ActionNetwork book 30,ActionNetwork book 75,-1.5,2.5,-102.0,-105.0,ActionNetwork book 30,ActionNetwork book 75,52.5,57.5,-102.0,-108.0,ActionNetwork book 30,ActionNetwork book 75,8.0,Draft Kings | ActionNetwork book 15 | ActionNetwork book 30 | ActionNetwork book 49 | ActionNetwork book 68 | ActionNetwork book 69 | ActionNetwork book 71 | ActionNetwork book 75,action_network | espn_core,"[{""away_ml"":114.0,""away_spread_price"":-108.0,""home_ml"":-135.0,""home_spread"":-2.5,""home_spread_price"":-112.0,""last_update"":null,""market_total"":57.5,""over_price"":-110.0,""provider"":""ActionNetwork book 15"",""source"":""action_network"",""under_price"":-110.0},{""away_ml"":-110.0,""away_spread_price"":-120.0,""home_ml"":-110.0,""home_spread"":-1.5,""home_spread_price"":-102.0,""last_update"":null,""market_total"":52.5,""over_price"":-102.0,""provider"":""ActionNetwork book 30"",""source"":""action_network"",""under_price"":-120.0},{""away_ml"":114.0,""away_spread_price"":-112.0,""home_ml"":-134.0,""home_spread"":-2.5,""home_spread_price"":-108.0,""last_update"":null,""market_total"":57.5,""over_price"":-107.0,""provider"":""ActionNetwork book 49"",""source"":""action_network"",""under_price"":-113.0},{""away_ml"":114.0,""away_spread_price"":-108.0,""home_ml"":-135.0,""home_spread"":-2.5,""home_spread_price"":-112.0,""last_update"":null,""market_total"":57.5,""over_price"":-110.0,""provider"":""ActionNetwork book 68"",""source"":""action_network"",""under_price"":-110.0},{""away_ml"":108.0,""away_spread_price"":-110.0,""home_ml"":-130.0,""home_spread"":-2.5,""home_spread_price"":-110.0,""last_update"":null,""market_total"":57.5,""over_price"":-110.0,""provider"":""ActionNetwork book 69"",""source"":""action_network"",""under_price"":-110.0},{""away_ml"":108.0,""away_spread_price"":-112.0,""home_ml"":-132.0,""home_spread"":-2.0,""home_spread_price"":-112.0,""last_update"":null,""market_total"":56.5,""over_price"":-114.0,""provider"":""ActionNetwork book 71"",""source"":""action_network"",""under_price"":-109.0},{""away_ml"":115.0,""away_spread_price"":-105.0,""home_ml"":-135.0,""home_spread"":-2.5,""home_spread_price"":-112.0,""last_update"":null,""market_total"":57.5,""over_price"":-110.0,""provider"":""ActionNetwork book 75"",""source"":""action_network"",""under_price"":-108.0},{""away_ml"":114.0,""away_spread_price"":null,""home_ml"":-135.0,""home_spread"":-2.5,""home_spread_price"":null,""last_update"":null,""market_total"":57.5,""over_price"":null,""provider"":""Draft Kings"",""source"":""espn_core"",""under_price"":null}]",2125.2601000166665
2026-09-30T12:34:44.393999+00:00,401862786,2026,5,2026-10-02T01:00:00.000Z,North Texas,Tulsa,Draft Kings,-108.0,-112.0,-1.5,57.5,-1.5,57.5,0.5207759140951982,0.7680128579652817,0.33071891388307384,0.024514173706395945,-112.0,130.0,Draft Kings,ActionNetwork book 30,-1.0,3.5,-108.0,-118.0,ActionNetwork book 49,ActionNetwork book 30,56.5,57.5,-110.0,-105.0,ActionNetwork book 30,ActionNetwork book 49,8.0,Draft Kings | ActionNetwork book 15 | ActionNetwork book 30 | ActionNetwork book 49 | ActionNetwork book 68 | ActionNetwork book 69 | ActionNetwork book 71 | ActionNetwork book 75,action_network | espn_core,"[{""away_ml"":-105.0,""away_spread_price"":-110.0,""home_ml"":-115.0,""home_spread"":-1.5,""home_spread_price"":-110.0,""last_update"":null,""market_total"":57.5,""over_price"":-110.0,""provider"":""ActionNetwork book 15"",""source"":""action_network"",""under_price"":-110.0},{""away_ml"":130.0,""away_spread_price"":-118.0,""home_ml"":-156.0,""home_spread"":-3.5,""home_spread_price"":-104.0,""last_update"":null,""market_total"":56.5,""over_price"":-110.0,""provider"":""ActionNetwork book 30"",""source"":""action_network"",""under_price"":-110.0},{""away_ml"":100.0,""away_spread_price"":-113.0,""home_ml"":-118.0,""home_spread"":-1.0,""home_spread_price"":-108.0,""last_update"":null,""market_total"":57.5,""over_price"":-115.0,""provider"":""ActionNetwork book 49"",""source"":""action_network"",""under_price"":-105.0},{""away_ml"":-108.0,""away_spread_price"":-120.0,""home_ml"":-112.0,""home_spread"":-1.5,""home_spread_price"":100.0,""last_update"":null,""market_total"":57.5,""over_price"":-112.0,""provider"":""ActionNetwork book 68"",""source"":""action_network"",""under_price"":-108.0},{""away_ml"":-100.0,""away_spread_price"":-110.0,""home_ml"":-120.0,""home_spread"":-1.5,""home_spread_price"":-110.0,""last_update"":null,""market_total"":57.5,""over_price"":-110.0,""provider"":""ActionNetwork book 69"",""source"":""action_network"",""under_price"":-110.0},{""away_ml"":-105.0,""away_spread_price"":-112.0,""home_ml"":-118.0,""home_spread"":-1.0,""home_spread_price"":-112.0,""last_update"":null,""market_total"":57.5,""over_price"":-109.0,""provider"":""ActionNetwork book 71"",""source"":""action_network"",""under_price"":-113.0},{""away_ml"":-105.0,""away_spread_price"":-110.0,""home_ml"":-112.0,""home_spread"":-1.0,""home_spread_price"":-108.0,""last_update"":null,""market_total"":57.5,""over_price"":-108.0,""provider"":""ActionNetwork book 75"",""source"":""action_network"",""under_price"":-110.0},{""away_ml"":-108.0,""away_spread_price"":null,""home_ml"":-112.0,""home_spread"":-1.5,""home_spread_price"":null,""last_update"":null,""market_total"":57.5,""over_price"":null,""provider"":""Draft Kings"",""source"":""espn_core"",""under_price"":null}]",2185.260100016667
2026-09-30T12:34:44.393999+00:00,401858245,2026,5,2026-10-02T23:00:00.000Z,Pittsburgh,Virginia Tech,Draft Kings,136.0,-162.0,-3.5,54.5,-3.5,54.5,0.6039091766454812,0.7680128579652817,0.6584783595532961,0.015742338662634036,-162.0,170.0,Draft Kings,ActionNetwork book 30,-3.0,5.5,-117.0,-110.0,ActionNetwork book 49,ActionNetwork book 30,54.5,56.5,-117.0,-110.0,ActionNetwork book 49,ActionNetwork book 30,8.0,Draft Kings | ActionNetwork book 15 | ActionNetwork book 30 | ActionNetwork book 49 | ActionNetwork book 68 | ActionNetwork book 69 | ActionNetwork book 71 | ActionNetwork book 75,action_network | espn_core,"[{""away_ml"":140.0,""away_spread_price"":-120.0,""home_ml"":-165.0,""home_spread"":-3.5,""home_spread_price"":-108.0,""last_update"":null,""market_total"":54.5,""over_price"":-118.0,""provider"":""ActionNetwork book 15"",""source"":""action_network"",""under_price"":-104.0},{""away_ml"":170.0,""away_spread_price"":-110.0,""home_ml"":-205.0,""home_spread"":-5.5,""home_spread_price"":-110.0,""last_update"":null,""market_total"":56.5,""over_price"":-110.0,""provider"":""ActionNetwork book 30"",""source"":""action_network"",""under_price"":-110.0},{""away_ml"":139.0,""away_spread_price"":-104.0,""home_ml"":-164.0,""home_spread"":-3.0,""home_spread_price"":-117.0,""last_update"":null,""market_total"":54.5,""over_price"":-117.0,""provider"":""ActionNetwork book 49"",""source"":""action_network"",""under_price"":-104.0},{""away_ml"":136.0,""away_spread_price"":-102.0,""home_ml"":-162.0,""home_spread"":-3.0,""home_spread_price"":-118.0,""last_update"":null,""market_total"":54.5,""over_price"":-118.0,""provider"":""ActionNetwork book 68"",""source"":""action_network"",""under_price"":-102.0},{""away_ml"":140.0,""away_spread_price"":-114.0,""home_ml"":-170.0,""home_spread"":-3.5,""home_spread_price"":-106.0,""last_update"":null,""market_total"":54.5,""over_price"":-118.0,""provider"":""ActionNetwork book 69"",""source"":""action_network"",""under_price"":-104.0},{""away_ml"":138.0,""away_spread_price"":-115.0,""home_ml"":-175.0,""home_spread"":-3.5,""home_spread_price"":-106.0,""last_update"":null,""market_total"":55.0,""over_price"":-108.0,""provider"":""ActionNetwork book 71"",""source"":""action_network"",""under_price"":-115.0},{""away_ml"":140.0,""away_spread_price"":-120.0,""home_ml"":-165.0,""home_spread"":-3.5,""home_spread_price"":-108.0,""last_update"":null,""market_total"":54.5,""over_price"":-118.0,""provider"":""ActionNetwork book 75"",""source"":""action_network"",""under_price"":-102.0},{""away_ml"":136.0,""away_spread_price"":null,""home_ml"":-162.0,""home_spread"":-3.0,""home_spread_price"":null,""last_update"":null,""market_total"":54.5,""over_price"":null,""provider"":""Draft Kings"",""source"":""espn_core"",""under_price"":null}]",3505.260100016667
2026-09-30T12:34:44.393999+00:00,401871050,2026,5,2026-10-02T23:00:00.000Z,Liberty,Delaware,Draft Kings,-270.0,220.0,7.0,50.5,7.0,50.5,0.294716774699532,0.21650635094610965,0.42847841252506524,0.003363121936245621,230.0,-270.0,ActionNetwork book 30,Draft Kings,7.5,-7.0,-120.0,-110.0,ActionNetwork book 30,ActionNetwork book 49,49.5,50.5,-114.0,-110.0,ActionNetwork book 69,ActionNetwork book 30,8.0,Draft Kings | ActionNetwork book 15 | ActionNetwork book 30 | ActionNetwork book 49 | ActionNetwork book 68 | ActionNetwork book 69 | ActionNetwork book 71 | ActionNetwork book 75,action_network | espn_core,"[{""away_ml"":-280.0,""away_spread_price"":-112.0,""home_ml"":225.0,""home_spread"":7.0,""home_spread_price"":-108.0,""last_update"":null,""market_total"":50.5,""over_price"":-105.0,""provider"":""ActionNetwork book 15"",""source"":""action_network"",""under_price"":-115.0},{""away_ml"":-285.0,""away_spread_price"":-102.0,""home_ml"":230.0,""home_spread"":7.5,""home_spread_price"":-120.0,""last_update"":null,""market_total"":50.5,""over_price"":-110.0,""provider"":""ActionNetwork book 30"",""source"":""action_network"",""under_price"":-110.0},{""away_ml"":-280.0,""away_spread_price"":-110.0,""home_ml"":225.0,""home_spread"":7.0,""home_spread_price"":-110.0,""last_update"":null,""market_total"":49.5,""over_price"":-117.0,""provider"":""ActionNetwork book 49"",""source"":""action_network"",""under_price"":-104.0},{""away_ml"":-270.0,""away_spread_price"":-112.0,""home_ml"":220.0,""home_spread"":7.0,""home_spread_price"":-108.0,""last_update"":null,""market_total"":50.5,""over_price"":-105.0,""provider"":""ActionNetwork book 68"",""source"":""action_network"",""under_price"":-115.0},{""away_ml"":-280.0,""away_spread_price"":-100.0,""home_ml"":225.0,""home_spread"":7.5,""home_spread_price"":-122.0,""last_update"":null,""market_total"":49.5,""over_price"":-114.0,""provider"":""ActionNetwork book 69"",""source"":""action_network"",""under_price"":-106.0},{""away_ml"":-286.0,""away_spread_price"":-114.0,""home_ml"":225.0,""home_spread"":7.0,""home_spread_price"":-109.0,""last_update"":null,""market_total"":50.0,""over_price"":-109.0,""provider"":""ActionNetwork book 71"",""source"":""action_network"",""under_price"":-114.0},{""away_ml"":-285.0,""away_spread_price"":-112.0,""home_ml"":230.0,""home_spread"":7.0,""home_spread_price"":-105.0,""last_update"":null,""market_total"":50.5,""over_price"":-105.0,""provider"":""ActionNetwork book 75"",""source"":""action_network"",""under_price"":-112.0},{""away_ml"":-270.0,""away_spread_price"":null,""home_ml"":220.0,""home_spread"":7.0,""home_spread_price"":null,""last_update"":null,""market_total"":50.5,""over_price"":null,""provider"":""Draft Kings"",""source"":""espn_core"",""under_price"":null}]",3505.260100016667
2026-09-30T12:34:44.393999+00:00,401858476,2026,5,2026-10-03T00:00:00.000Z,Penn State,Northwestern,Draft Kings,-142.0,120.0,2.5,45.5,2.5,45.5,0.42269346354771287,1.4882351124738322,1.0288798520721456,0.04835483467740111,225.0,-139.0,ActionNetwork book 30,ActionNetwork book 49,7.0,-2.5,-110.0,-113.0,ActionNetwork book 30,ActionNetwork book 71,45.0,48.5,-112.0,-110.0,ActionNetwork book 71,ActionNetwork book 30,8.0,Draft Kings | ActionNetwork book 15 | ActionNetwork book 30 | ActionNetwork book 49 | ActionNetwork book 68 | ActionNetwork book 69 | ActionNetwork book 71 | ActionNetwork book 75,action_network | espn_core,"[{""away_ml"":-140.0,""away_spread_price"":-120.0,""home_ml"":116.0,""home_spread"":2.5,""home_spread_price"":-102.0,""last_update"":null,""market_total"":45.5,""over_price"":-108.0,""provider"":""ActionNetwork book 15"",""source"":""action_network"",""under_price"":-112.0},{""away_ml"":-278.0,""away_spread_price"":-110.0,""home_ml"":225.0,""home_spread"":7.0,""home_spread_price"":-110.0,""last_update"":null,""market_total"":48.5,""over_price"":-110.0,""provider"":""ActionNetwork book 30"",""source"":""action_network"",""under_price"":-110.0},{""away_ml"":-139.0,""away_spread_price"":-117.0,""home_ml"":118.0,""home_spread"":2.5,""home_spread_price"":-103.0,""last_update"":null,""market_total"":45.5,""over_price"":-112.0,""provider"":""ActionNetwork book 49"",""source"":""action_network"",""under_price"":-108.0},{""away_ml"":-142.0,""away_spread_price"":-118.0,""home_ml"":120.0,""home_spread"":2.5,""home_spread_price"":-102.0,""last_update"":null,""market_total"":45.5,""over_price"":-108.0,""provider"":""ActionNetwork book 68"",""source"":""action_network"",""under_price"":-112.0},{""away_ml"":-140.0,""away_spread_price"":-115.0,""home_ml"":116.0,""home_spread"":2.5,""home_spread_price"":-105.0,""last_update"":null,""market_total"":45.5,""over_price"":-108.0,""provider"":""ActionNetwork book 69"",""source"":""action_network"",""under_price"":-112.0},{""away_ml"":-141.0,""away_spread_price"":-113.0,""home_ml"":114.0,""home_spread"":2.5,""home_spread_price"":-108.0,""last_update"":null,""market_total"":45.0,""over_price"":-112.0,""provider"":""ActionNetwork book 71"",""source"":""action_network"",""under_price"":-112.0},{""away_ml"":-140.0,""away_spread_price"":-115.0,""home_ml"":115.0,""home_spread"":2.5,""home_spread_price"":-102.0,""last_update"":null,""market_total"":45.5,""over_price"":-108.0,""provider"":""ActionNetwork book 75"",""source"":""action_network"",""under_price"":-110.0},{""away_ml"":-142.0,""away_spread_price"":null,""home_ml"":120.0,""home_spread"":2.5,""home_spread_price"":null,""last_update"":null,""market_total"":45.5,""over_price"":null,""provider"":""Draft Kings"",""source"":""espn_core"",""under_price"":null}]",3565.260100016667
2026-09-30T12:34:44.393999+00:00,401858250,2026,5,2026-10-03T16:00:00.000Z,Notre Dame,North Carolina,Draft Kings,-1650.0,950.0,21.0,47.5,21.0,47.5,0.08250693708849005,0.8076779989575054,2.6743866119168334,0.008018701950206675,1300.0,-1650.0,ActionNetwork book 71,Draft Kings,23.5,-21.0,-110.0,-109.0,ActionNetwork book 30,ActionNetwork book 49,47.0,55.5,-115.0,-112.0,ActionNetwork book 71,ActionNetwork book 30,8.0,Draft Kings | ActionNetwork book 15 | ActionNetwork book 30 | ActionNetwork book 49 | ActionNetwork book 68 | ActionNetwork book 69 | ActionNetwork book 71 | ActionNetwork book 75,action_network | espn_core,"[{""away_ml"":-2000.0,""away_spread_price"":-110.0,""home_ml"":1000.0,""home_spread"":21.0,""home_spread_price"":-110.0,""last_update"":null,""market_total"":47.5,""over_price"":-110.0,""provider"":""ActionNetwork book 15"",""source"":""action_network"",""under_price"":-110.0},{""away_ml"":-2100.0,""away_spread_price"":-110.0,""home_ml"":1100.0,""home_spread"":23.5,""home_spread_price"":-110.0,""last_update"":null,""market_total"":55.5,""over_price"":-108.0,""provider"":""ActionNetwork book 30"",""source"":""action_network"",""under_price"":-112.0},{""away_ml"":-2000.0,""away_spread_price"":-109.0,""home_ml"":1000.0,""home_spread"":21.0,""home_spread_price"":-110.0,""last_update"":null,""market_total"":47.5,""over_price"":-112.0,""provider"":""ActionNetwork book 49"",""source"":""action_network"",""under_price"":-108.0},{""away_ml"":-1650.0,""away_spread_price"":-110.0,""home_ml"":950.0,""home_spread"":21.0,""home_spread_price"":-110.0,""last_update"":null,""market_total"":47.5,""over_price"":-108.0,""provider"":""ActionNetwork book 68"",""source"":""action_network"",""under_price"":-112.0},{""away_ml"":-3000.0,""away_spread_price"":-102.0,""home_ml"":1200.0,""home_spread"":21.5,""home_spread_price"":-120.0,""last_update"":null,""market_total"":47.5,""over_price"":-110.0,""provider"":""ActionNetwork book 69"",""source"":""action_network"",""under_price"":-110.0},{""away_ml"":-5000.0,""away_spread_price"":-108.0,""home_ml"":1300.0,""home_spread"":21.5,""home_spread_price"":-113.0,""last_update"":null,""market_total"":47.0,""over_price"":-115.0,""provider"":""ActionNetwork book 71"",""source"":""action_network"",""under_price"":-108.0},{""away_ml"":-2000.0,""away_spread_price"":-110.0,""home_ml"":1100.0,""home_spread"":21.0,""home_spread_price"":-108.0,""last_update"":null,""market_total"":47.5,""over_price"":-108.0,""provider"":""ActionNetwork book 75"",""source"":""action_network"",""under_price"":-110.0},{""away_ml"":-1650.0,""away_spread_price"":null,""home_ml"":950.0,""home_spread"":21.0,""home_spread_price"":null,""last_update"":null,""market_total"":47.5,""over_price"":null,""provider"":""Draft Kings"",""source"":""espn_core"",""under_price"":null}]",4525.260100016666
2026-09-30T12:34:44.393999+00:00,401858251,2026,5,2026-10-03T16:00:00.000Z,Stanford,Wake Forest,Draft Kings,390.0,-520.0,-12.5,53.5,-12.5,53.5,0.8071445134522067,0.5448623679425842,0.6614378277661477,0.007982076240765143,-480.0,430.0,ActionNetwork book 30,ActionNetwork book 71,-11.5,13.5,-110.0,-114.0,ActionNetwork book 30,ActionNetwork book 49,51.5,53.5,-115.0,-108.0,ActionNetwork book 30,ActionNetwork book 75,8.0,Draft Kings | ActionNetwork book 15 | ActionNetwork book 30 | ActionNetwork book 49 | ActionNetwork book 68 | ActionNetwork book 69 | ActionNetwork book 71 | ActionNetwork book 75,action_network | espn_core,"[{""away_ml"":390.0,""away_spread_price"":-108.0,""home_ml"":-525.0,""home_spread"":-12.5,""home_spread_price"":-112.0,""last_update"":null,""market_total"":53.5,""over_price"":-110.0,""provider"":""ActionNetwork book 15"",""source"":""action_network"",""under_price"":-110.0},{""away_ml"":360.0,""away_spread_price"":-110.0,""home_ml"":-480.0,""home_spread"":-11.5,""home_spread_price"":-110.0,""last_update"":null,""market_total"":51.5,""over_price"":-115.0,""provider"":""ActionNetwork book 30"",""source"":""action_network"",""under_price"":-105.0},{""away_ml"":400.0,""away_spread_price"":-114.0,""home_ml"":-530.0,""home_spread"":-13.5,""home_spread_price"":-106.0,""last_update"":null,""market_total"":53.5,""over_price"":-110.0,""provider"":""ActionNetwork book 49"",""source"":""action_network"",""under_price"":-110.0},{""away_ml"":390.0,""away_spread_price"":-108.0,""home_ml"":-520.0,""home_spread"":-12.5,""home_spread_price"":-112.0,""last_update"":null,""market_total"":53.5,""over_price"":-110.0,""provider"":""ActionNetwork book 68"",""source"":""action_network"",""under_price"":-110.0},{""away_ml"":420.0,""away_spread_price"":-105.0,""home_ml"":-580.0,""home_spread"":-12.5,""home_spread_price"":-115.0,""last_update"":null,""market_total"":53.5,""over_price"":-110.0,""provider"":""ActionNetwork book 69"",""source"":""action_network"",""under_price"":-110.0},{""away_ml"":430.0,""away_spread_price"":-109.0,""home_ml"":-625.0,""home_spread"":-13.0,""home_spread_price"":-113.0,""last_update"":null,""market_total"":53.5,""over_price"":-112.0,""provider"":""ActionNetwork book 71"",""source"":""action_network"",""under_price"":-112.0},{""away_ml"":400.0,""away_spread_price"":-110.0,""home_ml"":-525.0,""home_spread"":-13.0,""home_spread_price"":-108.0,""last_update"":null,""market_total"":53.5,""over_price"":-110.0,""provider"":""ActionNetwork book 75"",""source"":""action_network"",""under_price"":-108.0},{""away_ml"":390.0,""away_spread_price"":null,""home_ml"":-520.0,""home_spread"":-12.5,""home_spread_price"":null,""last_update"":null,""market_total"":53.5,""over_price"":null,""provider"":""Draft Kings"",""source"":""espn_core"",""under_price"":null}]",4525.260100016666
2026-09-30T12:34:44.393999+00:00,401858246,2026,5,2026-10-03T16:00:00.000Z,Boston College,SMU,Draft Kings,950.0,-1650.0,-21.0,55.5,-20.75,55.5,0.9073011272839226,0.25,0.6614378277661477,0.0033258353138852954,-1400.0,1000.0,ActionNetwork book 75,ActionNetwork book 30,-20.5,21.0,-112.0,-110.0,ActionNetwork book 75,ActionNetwork book 49,55.5,57.5,-102.0,-115.0,ActionNetwork book 68,ActionNetwork book 30,8.0,Draft Kings | ActionNetwork book 15 | ActionNetwork book 30 | ActionNetwork book 49 | ActionNetwork book 68 | ActionNetwork book 69 | ActionNetwork book 71 | ActionNetwork book 75,action_network | espn_core,"[{""away_ml"":920.0,""away_spread_price"":-105.0,""home_ml"":-1600.0,""home_spread"":-20.5,""home_spread_price"":-115.0,""last_update"":null,""market_total"":55.5,""over_price"":-105.0,""provider"":""ActionNetwork book 15"",""source"":""action_network"",""under_price"":-115.0},{""away_ml"":1000.0,""away_spread_price"":-104.0,""home_ml"":-2100.0,""home_spread"":-20.5,""home_spread_price"":-118.0,""last_update"":null,""market_total"":57.5,""over_price"":-105.0,""provider"":""ActionNetwork book 30"",""source"":""action_network"",""under_price"":-115.0},{""away_ml"":950.0,""away_spread_price"":-110.0,""home_ml"":-2000.0,""home_spread"":-21.0,""home_spread_price"":-110.0,""last_update"":null,""market_total"":55.5,""over_price"":-109.0,""provider"":""ActionNetwork book 49"",""source"":""action_network"",""under_price"":-110.0},{""away_ml"":950.0,""away_spread_price"":-112.0,""home_ml"":-1650.0,""home_spread"":-21.0,""home_spread_price"":-108.0,""last_update"":null,""market_total"":55.5,""over_price"":-102.0,""provider"":""ActionNetwork book 68"",""source"":""action_network"",""under_price"":-118.0},{""away_ml"":920.0,""away_spread_price"":-105.0,""home_ml"":-1800.0,""home_spread"":-20.5,""home_spread_price"":-115.0,""last_update"":null,""market_total"":55.5,""over_price"":-106.0,""provider"":""ActionNetwork book 69"",""source"":""action_network"",""under_price"":-114.0},{""away_ml"":850.0,""away_spread_price"":-113.0,""home_ml"":-2000.0,""home_spread"":-21.0,""home_spread_price"":-110.0,""last_update"":null,""market_total"":55.5,""over_price"":-108.0,""provider"":""ActionNetwork book 71"",""source"":""action_network"",""under_price"":-115.0},{""away_ml"":950.0,""away_spread_price"":-105.0,""home_ml"":-1400.0,""home_spread"":-20.5,""home_spread_price"":-112.0,""last_update"":null,""market_total"":55.5,""over_price"":-105.0,""provider"":""ActionNetwork book 75"",""source"":""action_network"",""under_price"":-112.0},{""away_ml"":950.0,""away_spread_price"":null,""home_ml"":-1650.0,""home_spread"":-21.0,""home_spread_price"":null,""last_update"":null,""market_total"":55.5,""over_price"":null,""provider"":""Draft Kings"",""source"":""espn_core"",""under_price"":null}]",4525.260100016666
2026-09-30T12:34:44.393999+00:00,401858252,2026,5,2026-10-03T16:00:00.000Z,Syracuse,UConn,Draft Kings,-245.0,200.0,6.5,50.5,6.5,50.5,0.31892450161446584,0.3903123748998999,0.6959705453537527,0.013781963082461983,235.0,-230.0,ActionNetwork book 30,ActionNetwork book 69,7.5,-6.0,-110.0,-115.0,ActionNetwork book 30,ActionNetwork book 71,50.5,52.5,-108.0,-110.0,ActionNetwork book 49,ActionNetwork book 30,8.0,Draft Kings | ActionNetwork book 15 | ActionNetwork book 30 | ActionNetwork book 49 | ActionNetwork book 68 | ActionNetwork book 69 | ActionNetwork book 71 | ActionNetwork book 75,action_network | espn_core,"[{""away_ml"":-245.0,""away_spread_price"":-110.0,""home_ml"":200.0,""home_spread"":6.5,""home_spread_price"":-110.0,""last_update"":null,""market_total"":50.5,""over_price"":-110.0,""provider"":""ActionNetwork book 15"",""source"":""action_network"",""under_price"":-112.0},{""away_ml"":-295.0,""away_spread_price"":-110.0,""home_ml"":235.0,""home_spread"":7.5,""home_spread_price"":-110.0,""last_update"":null,""market_total"":52.5,""over_price"":-110.0,""provider"":""ActionNetwork book 30"",""source"":""action_network"",""under_price"":-110.0},{""away_ml"":-245.0,""away_spread_price"":-106.0,""home_ml"":200.0,""home_spread"":6.5,""home_spread_price"":-114.0,""last_update"":null,""market_total"":50.5,""over_price"":-108.0,""provider"":""ActionNetwork book 49"",""source"":""action_network"",""under_price"":-112.0},{""away_ml"":-245.0,""away_spread_price"":-110.0,""home_ml"":200.0,""home_spread"":6.5,""home_spread_price"":-110.0,""last_update"":null,""market_total"":50.5,""over_price"":-108.0,""provider"":""ActionNetwork book 68"",""source"":""action_network"",""under_price"":-112.0},{""away_ml"":-230.0,""away_spread_price"":-110.0,""home_ml"":188.0,""home_spread"":6.5,""home_spread_price"":-110.0,""last_update"":null,""market_total"":50.5,""over_price"":-110.0,""provider"":""ActionNetwork book 69"",""source"":""action_network"",""under_price"":-110.0},{""away_ml"":-235.0,""away_spread_price"":-115.0,""home_ml"":185.0,""home_spread"":6.0,""home_spread_price"":-108.0,""last_update"":null,""market_total"":51.5,""over_price"":-109.0,""provider"":""ActionNetwork book 71"",""source"":""action_network"",""under_price"":-114.0},{""away_ml"":-235.0,""away_spread_price"":-110.0,""home_ml"":200.0,""home_spread"":6.5,""home_spread_price"":-110.0,""last_update"":null,""market_total"":50.5,""over_price"":-108.0,""provider"":""ActionNetwork book 75"",""source"":""action_network"",""under_price"":-110.0},{""away_ml"":-245.0,""away_spread_price"":null,""home_ml"":200.0,""home_spread"":6.5,""home_spread_price"":null,""last_update"":null,""market_total"":50.5,""over_price"":null,""provider"":""Draft Kings"",""source"":""espn_core"",""under_price"":null}]",4525.260100016666
2026-09-30T12:34:44.393999+00:00,401858474,2026,5,2026-10-03T16:00:00.000Z,Michigan,Minnesota,Draft Kings,-225.0,185.0,5.5,43.5,5.5,43.5,0.33140651067945975,0.9921567416492215,0.33071891388307384,0.027783390505996645,270.0,-215.0,ActionNetwork book 30,ActionNetwork book 69,8.5,-5.5,-110.0,-108.0,ActionNetwork book 30,ActionNetwork book 75,43.5,44.5,-108.0,-110.0,ActionNetwork book 15,ActionNetwork book 30,8.0,Draft Kings | ActionNetwork book 15 | ActionNetwork book 30 | ActionNetwork book 49 | ActionNetwork book 68 | ActionNetwork book 69 | ActionNetwork book 71 | ActionNetwork book 75,action_network | espn_core,"[{""away_ml"":-220.0,""away_spread_price"":-110.0,""home_ml"":180.0,""home_spread"":5.5,""home_spread_price"":-110.0,""last_update"":null,""market_total"":43.5,""over_price"":-108.0,""provider"":""ActionNetwork book 15"",""source"":""action_network"",""under_price"":-112.0},{""away_ml"":-340.0,""away_spread_price"":-110.0,""home_ml"":270.0,""home_spread"":8.5,""home_spread_price"":-110.0,""last_update"":null,""market_total"":44.5,""over_price"":-110.0,""provider"":""ActionNetwork book 30"",""source"":""action_network"",""under_price"":-110.0},{""away_ml"":-225.0,""away_spread_price"":-110.0,""home_ml"":184.0,""home_spread"":5.5,""home_spread_price"":-110.0,""last_update"":null,""market_total"":43.5,""over_price"":-112.0,""provider"":""ActionNetwork book 49"",""source"":""action_network"",""under_price"":-108.0},{""away_ml"":-225.0,""away_spread_price"":-110.0,""home_ml"":185.0,""home_spread"":5.5,""home_spread_price"":-110.0,""last_update"":null,""market_total"":43.5,""over_price"":-108.0,""provider"":""ActionNetwork book 68"",""source"":""action_network"",""under_price"":-112.0},{""away_ml"":-215.0,""away_spread_price"":-110.0,""home_ml"":176.0,""home_spread"":5.5,""home_spread_price"":-110.0,""last_update"":null,""market_total"":43.5,""over_price"":-108.0,""provider"":""ActionNetwork book 69"",""source"":""action_network"",""under_price"":-112.0},{""away_ml"":-215.0,""away_spread_price"":-112.0,""home_ml"":170.0,""home_spread"":5.5,""home_spread_price"":-112.0,""last_update"":null,""market_total"":43.5,""over_price"":-113.0,""provider"":""ActionNetwork book 71"",""source"":""action_network"",""under_price"":-110.0},{""away_ml"":-220.0,""away_spread_price"":-108.0,""home_ml"":180.0,""home_spread"":5.5,""home_spread_price"":-112.0,""last_update"":null,""market_total"":43.5,""over_price"":-108.0,""provider"":""ActionNetwork book 75"",""source"":""action_network"",""under_price"":-110.0},{""away_ml"":-225.0,""away_spread_price"":null,""home_ml"":185.0,""home_spread"":5.5,""home_spread_price"":null,""last_update"":null,""market_total"":43.5,""over_price"":null,""provider"":""Draft Kings"",""source"":""espn_core"",""under_price"":null}]",4525.260100016666
2026-09-30T12:34:44.393999+00:00,401862791,2026,5,2026-10-03T16:00:00.000Z,Navy,Air Force,Draft Kings,142.0,-170.0,-3.0,45.5,-3.0,45.5,0.581390539771331,1.5499495959546556,1.6393596310755,0.034544081491201424,-106.0,142.0,ActionNetwork book 30,Draft Kings,1.5,3.5,-115.0,-115.0,ActionNetwork book 30,ActionNetwork book 71,45.5,50.5,-110.0,-110.0,ActionNetwork book 75,ActionNetwork book 30,8.0,Draft Kings | ActionNetwork book 15 | ActionNetwork book 30 | ActionNetwork book 49 | ActionNetwork book 68 | ActionNetwork book 69 | ActionNetwork book 71 | ActionNetwork book 75,action_network | espn_core,"[{""away_ml"":135.0,""away_spread_price"":-105.0,""home_ml"":-165.0,""home_spread"":-3.0,""home_spread_price"":-115.0,""last_update"":null,""market_total"":45.5,""over_price"":-115.0,""provider"":""ActionNetwork book 15"",""source"":""action_network"",""under_price"":-108.0},{""away_ml"":-113.0,""away_spread_price"":-105.0,""home_ml"":-106.0,""home_spread"":1.5,""home_spread_price"":-115.0,""last_update"":null,""market_total"":50.5,""over_price"":-110.0,""provider"":""ActionNetwork book 30"",""source"":""action_network"",""under_price"":-110.0},{""away_ml"":137.0,""away_spread_price"":-103.0,""home_ml"":-162.0,""home_spread"":-3.0,""home_spread_price"":-118.0,""last_update"":null,""market_total"":45.5,""over_price"":-117.0,""provider"":""ActionNetwork book 49"",""source"":""action_network"",""under_price"":-103.0},{""away_ml"":142.0,""away_spread_price"":-102.0,""home_ml"":-170.0,""home_spread"":-3.0,""home_spread_price"":-118.0,""last_update"":null,""market_total"":45.5,""over_price"":-112.0,""provider"":""ActionNetwork book 68"",""source"":""action_network"",""under_price"":-108.0},{""away_ml"":126.0,""away_spread_price"":-124.0,""home_ml"":-152.0,""home_spread"":-3.5,""home_spread_price"":102.0,""last_update"":null,""market_total"":46.5,""over_price"":-106.0,""provider"":""ActionNetwork book 69"",""source"":""action_network"",""under_price"":-114.0},{""away_ml"":133.0,""away_spread_price"":-115.0,""home_ml"":-165.0,""home_spread"":-3.5,""home_spread_price"":-108.0,""last_update"":null,""market_total"":45.5,""over_price"":-114.0,""provider"":""ActionNetwork book 71"",""source"":""action_network"",""under_price"":-108.0},{""away_ml"":135.0,""away_spread_price"":-102.0,""home_ml"":-165.0,""home_spread"":-3.0,""home_spread_price"":-115.0,""last_update"":null,""market_total"":45.5,""over_price"":-110.0,""provider"":""ActionNetwork book 75"",""source"":""action_network"",""under_price"":-108.0},{""away_ml"":142.0,""away_spread_price"":null,""home_ml"":-170.0,""home_spread"":-3.0,""home_spread_price"":null,""last_update"":null,""market_total"":45.5,""over_price"":null,""provider"":""Draft Kings"",""source"":""espn_core"",""under_price"":null}]",4525.260100016666
2026-09-30T12:34:44.393999+00:00,401856707,2026,5,2026-10-03T16:00:00.000Z,Alabama,Mississippi State,Draft Kings,-225.0,185.0,6.0,60.5,6.0,60.5,0.34568690889053033,0.982264602843857,0.6584783595532961,0.0270000610838619,188.0,-155.0,ActionNetwork book 49,ActionNetwork book 30,6.0,-3.0,-110.0,-110.0,ActionNetwork book 15,ActionNetwork book 30,58.5,60.5,-110.0,-110.0,ActionNetwork book 30,ActionNetwork book 15,8.0,Draft Kings | ActionNetwork book 15 | ActionNetwork book 30 | ActionNetwork book 49 | ActionNetwork book 68 | ActionNetwork book 69 | ActionNetwork book 71 | ActionNetwork book 75,action_network | espn_core,"[{""away_ml"":-225.0,""away_spread_price"":-112.0,""home_ml"":185.0,""home_spread"":6.0,""home_spread_price"":-110.0,""last_update"":null,""market_total"":60.5,""over_price"":-110.0,""provider"":""ActionNetwork book 15"",""source"":""action_network"",""under_price"":-110.0},{""away_ml"":-155.0,""away_spread_price"":-110.0,""home_ml"":130.0,""home_spread"":3.0,""home_spread_price"":-110.0,""last_update"":null,""market_total"":58.5,""over_price"":-110.0,""provider"":""ActionNetwork book 30"",""source"":""action_network"",""under_price"":-110.0},{""away_ml"":-230.0,""away_spread_price"":-107.0,""home_ml"":188.0,""home_spread"":6.0,""home_spread_price"":-113.0,""last_update"":null,""market_total"":60.5,""over_price"":-107.0,""provider"":""ActionNetwork book 49"",""source"":""action_network"",""under_price"":-113.0},{""away_ml"":-225.0,""away_spread_price"":-108.0,""home_ml"":185.0,""home_spread"":6.0,""home_spread_price"":-112.0,""last_update"":null,""market_total"":60.5,""over_price"":-108.0,""provider"":""ActionNetwork book 68"",""source"":""action_network"",""under_price"":-112.0},{""away_ml"":-225.0,""away_spread_price"":-120.0,""home_ml"":184.0,""home_spread"":5.5,""home_spread_price"":-102.0,""last_update"":null,""market_total"":60.5,""over_price"":-110.0,""provider"":""ActionNetwork book 69"",""source"":""action_network"",""under_price"":-110.0},{""away_ml"":-235.0,""away_spread_price"":-109.0,""home_ml"":185.0,""home_spread"":6.0,""home_spread_price"":-113.0,""last_update"":null,""market_total"":60.0,""over_price"":-112.0,""provider"":""ActionNetwork book 71"",""source"":""action_network"",""under_price"":-110.0},{""away_ml"":-225.0,""away_spread_price"":-108.0,""home_ml"":185.0,""home_spread"":6.0,""home_spread_price"":-110.0,""last_update"":null,""market_total"":60.5,""over_price"":-108.0,""provider"":""ActionNetwork book 75"",""source"":""action_network"",""under_price"":-110.0},{""away_ml"":-225.0,""away_spread_price"":null,""home_ml"":185.0,""home_spread"":6.0,""home_spread_price"":null,""last_update"":null,""market_total"":60.5,""over_price"":null,""provider"":""Draft Kings"",""source"":""espn_core"",""under_price"":null}]",4525.260100016666
2026-09-30T12:34:44.393999+00:00,401856822,2026,5,2026-10-03T16:00:00.000Z,West Virginia,Iowa State,Draft Kings,136.0,-162.0,-3.5,52.5,-3.5,52.5,0.5794681289685362,1.653594569415369,0.33071891388307384,0.03157162325122261,-108.0,136.0,ActionNetwork book 30,Draft Kings,1.5,3.5,-118.0,-115.0,ActionNetwork book 30,ActionNetwork book 15,52.5,53.5,-108.0,-110.0,ActionNetwork book 71,ActionNetwork book 75,8.0,Draft Kings | ActionNetwork book 15 | ActionNetwork book 30 | ActionNetwork book 49 | ActionNetwork book 68 | ActionNetwork book 69 | ActionNetwork book 71 | ActionNetwork book 75,action_network | espn_core,"[{""away_ml"":135.0,""away_spread_price"":-115.0,""home_ml"":-162.0,""home_spread"":-3.5,""home_spread_price"":-105.0,""last_update"":null,""market_total"":52.5,""over_price"":-118.0,""provider"":""ActionNetwork book 15"",""source"":""action_network"",""under_price"":-110.0},{""away_ml"":-111.0,""away_spread_price"":-104.0,""home_ml"":-108.0,""home_spread"":1.5,""home_spread_price"":-118.0,""last_update"":null,""market_total"":52.5,""over_price"":-110.0,""provider"":""ActionNetwork book 30"",""source"":""action_network"",""under_price"":-110.0},{""away_ml"":136.0,""away_spread_price"":-117.0,""home_ml"":-162.0,""home_spread"":-3.5,""home_spread_price"":-104.0,""last_update"":null,""market_total"":52.5,""over_price"":-114.0,""provider"":""ActionNetwork book 49"",""source"":""action_network"",""under_price"":-106.0},{""away_ml"":136.0,""away_spread_price"":-115.0,""home_ml"":-162.0,""home_spread"":-3.5,""home_spread_price"":-105.0,""last_update"":null,""market_total"":52.5,""over_price"":-110.0,""provider"":""ActionNetwork book 68"",""source"":""action_network"",""under_price"":-110.0},{""away_ml"":128.0,""away_spread_price"":-122.0,""home_ml"":-154.0,""home_spread"":-3.5,""home_spread_price"":-100.0,""last_update"":null,""market_total"":52.5,""over_price"":-118.0,""provider"":""ActionNetwork book 69"",""source"":""action_network"",""under_price"":-104.0},{""away_ml"":135.0,""away_spread_price"":-118.0,""home_ml"":-167.0,""home_spread"":-3.5,""home_spread_price"":-106.0,""last_update"":null,""market_total"":52.5,""over_price"":-108.0,""provider"":""ActionNetwork book 71"",""source"":""action_network"",""under_price"":-113.0},{""away_ml"":135.0,""away_spread_price"":-125.0,""home_ml"":-160.0,""home_spread"":-3.5,""home_spread_price"":-108.0,""last_update"":null,""market_total"":53.5,""over_price"":-108.0,""provider"":""ActionNetwork book 75"",""source"":""action_network"",""under_price"":-110.0},{""away_ml"":136.0,""away_spread_price"":null,""home_ml"":-162.0,""home_spread"":-3.5,""home_spread_price"":null,""last_update"":null,""market_total"":52.5,""over_price"":null,""provider"":""Draft Kings"",""source"":""espn_core"",""under_price"":null}]",4525.260100016666
2026-09-30T12:34:44.393999+00:00,401856819,2026,5,2026-10-03T16:00:00.000Z,UCF,Houston,Draft Kings,350.0,-455.0,-12.5,51.5,-12.25,51.5,0.786772701716278,0.34798527267687634,0.3903123748998999,0.0031482024259013404,-440.0,360.0,ActionNetwork book 49,ActionNetwork book 30,-11.5,12.5,-110.0,-112.0,ActionNetwork book 30,ActionNetwork book 15,50.5,52.0,-110.0,-114.0,ActionNetwork book 30,ActionNetwork book 71,8.0,Draft Kings | ActionNetwork book 15 | ActionNetwork book 30 | ActionNetwork book 49 | ActionNetwork book 68 | ActionNetwork book 69 | ActionNetwork book 71 | ActionNetwork book 75,action_network | espn_core,"[{""away_ml"":350.0,""away_spread_price"":-112.0,""home_ml"":-455.0,""home_spread"":-12.5,""home_spread_price"":-108.0,""last_update"":null,""market_total"":51.5,""over_price"":-105.0,""provider"":""ActionNetwork book 15"",""source"":""action_network"",""under_price"":-115.0},{""away_ml"":360.0,""away_spread_price"":-110.0,""home_ml"":-480.0,""home_spread"":-11.5,""home_spread_price"":-110.0,""last_update"":null,""market_total"":50.5,""over_price"":-110.0,""provider"":""ActionNetwork book 30"",""source"":""action_network"",""under_price"":-110.0},{""away_ml"":340.0,""away_spread_price"":-110.0,""home_ml"":-440.0,""home_spread"":-12.0,""home_spread_price"":-109.0,""last_update"":null,""market_total"":51.5,""over_price"":-108.0,""provider"":""ActionNetwork book 49"",""source"":""action_network"",""under_price"":-112.0},{""away_ml"":350.0,""away_spread_price"":-112.0,""home_ml"":-455.0,""home_spread"":-12.5,""home_spread_price"":-108.0,""last_update"":null,""market_total"":51.5,""over_price"":-102.0,""provider"":""ActionNetwork book 68"",""source"":""action_network"",""under_price"":-118.0},{""away_ml"":350.0,""away_spread_price"":-112.0,""home_ml"":-465.0,""home_spread"":-12.5,""home_spread_price"":-108.0,""last_update"":null,""market_total"":51.5,""over_price"":-110.0,""provider"":""ActionNetwork book 69"",""source"":""action_network"",""under_price"":-110.0},{""away_ml"":335.0,""away_spread_price"":-109.0,""home_ml"":-480.0,""home_spread"":-12.0,""home_spread_price"":-113.0,""last_update"":null,""market_total"":52.0,""over_price"":-109.0,""provider"":""ActionNetwork book 71"",""source"":""action_network"",""under_price"":-114.0},{""away_ml"":360.0,""away_spread_price"":-108.0,""home_ml"":-450.0,""home_spread"":-12.0,""home_spread_price"":-110.0,""last_update"":null,""market_total"":51.5,""over_price"":-105.0,""provider"":""ActionNetwork book 75"",""source"":""action_network"",""under_price"":-112.0},{""away_ml"":350.0,""away_spread_price"":null,""home_ml"":-455.0,""home_spread"":-12.5,""home_spread_price"":null,""last_update"":null,""market_total"":51.5,""over_price"":null,""provider"":""Draft Kings"",""source"":""espn_core"",""under_price"":null}]",4525.260100016666
2026-09-30T12:34:44.393999+00:00,401856807,2026,5,2026-10-03T16:00:00.000Z,Middle Tennessee,Kansas,Draft Kings,800.0,-1350.0,-18.5,49.5,-18.5,49.5,0.8985360699851275,0.982264602843857,0.9921567416492215,0.013466786017193894,-1200.0,1300.0,ActionNetwork book 69,ActionNetwork book 30,-18.5,21.5,-108.0,-110.0,ActionNetwork book 75,ActionNetwork book 30,49.5,52.5,-108.0,-110.0,ActionNetwork book 75,ActionNetwork book 30,8.0,Draft Kings | ActionNetwork book 15 | ActionNetwork book 30 | ActionNetwork book 49 | ActionNetwork book 68 | ActionNetwork book 69 | ActionNetwork book 71 | ActionNetwork book 75,action_network | espn_core,"[{""away_ml"":800.0,""away_spread_price"":-110.0,""home_ml"":-1300.0,""home_spread"":-18.5,""home_spread_price"":-112.0,""last_update"":null,""market_total"":49.5,""over_price"":-110.0,""provider"":""ActionNetwork book 15"",""source"":""action_network"",""under_price"":-110.0},{""away_ml"":1300.0,""away_spread_price"":-110.0,""home_ml"":-2800.0,""home_spread"":-21.5,""home_spread_price"":-110.0,""last_update"":null,""market_total"":52.5,""over_price"":-110.0,""provider"":""ActionNetwork book 30"",""source"":""action_network"",""under_price"":-110.0},{""away_ml"":800.0,""away_spread_price"":-110.0,""home_ml"":-1450.0,""home_spread"":-18.5,""home_spread_price"":-110.0,""last_update"":null,""market_total"":49.5,""over_price"":-109.0,""provider"":""ActionNetwork book 49"",""source"":""action_network"",""under_price"":-110.0},{""away_ml"":800.0,""away_spread_price"":-108.0,""home_ml"":-1350.0,""home_spread"":-18.5,""home_spread_price"":-112.0,""last_update"":null,""market_total"":49.5,""over_price"":-110.0,""provider"":""ActionNetwork book 68"",""source"":""action_network"",""under_price"":-110.0},{""away_ml"":720.0,""away_spread_price"":-114.0,""home_ml"":-1200.0,""home_spread"":-19.5,""home_spread_price"":-106.0,""last_update"":null,""market_total"":49.5,""over_price"":-110.0,""provider"":""ActionNetwork book 69"",""source"":""action_network"",""under_price"":-110.0},{""away_ml"":900.0,""away_spread_price"":-113.0,""home_ml"":-2000.0,""home_spread"":-19.0,""home_spread_price"":-109.0,""last_update"":null,""market_total"":49.5,""over_price"":-114.0,""provider"":""ActionNetwork book 71"",""source"":""action_network"",""under_price"":-109.0},{""away_ml"":825.0,""away_spread_price"":-110.0,""home_ml"":-1200.0,""home_spread"":-18.5,""home_spread_price"":-108.0,""last_update"":null,""market_total"":49.5,""over_price"":-108.0,""provider"":""ActionNetwork book 75"",""source"":""action_network"",""under_price"":-110.0},{""away_ml"":800.0,""away_spread_price"":null,""home_ml"":-1350.0,""home_spread"":-18.5,""home_spread_price"":null,""last_update"":null,""market_total"":49.5,""over_price"":null,""provider"":""Draft Kings"",""source"":""espn_core"",""under_price"":null}]",4525.260100016666
2026-09-30T12:34:44.393999+00:00,401858479,2026,5,2026-10-03T16:30:00.000Z,Michigan State,Wisconsin,Draft Kings,320.0,-410.0,-10.0,43.5,-10.0,43.5,0.7632951204671267,0.16535945694153692,0.33071891388307384,0.007805956265665843,-360.0,320.0,ActionNetwork book 30,Draft Kings,-9.5,10.0,-118.0,-102.0,ActionNetwork book 69,ActionNetwork book 49,43.5,44.5,-108.0,-110.0,ActionNetwork book 75,ActionNetwork book 30,8.0,Draft Kings | ActionNetwork book 15 | ActionNetwork book 30 | ActionNetwork book 49 | ActionNetwork book 68 | ActionNetwork book 69 | ActionNetwork book 71 | ActionNetwork book 75,action_network | espn_core,"[{""away_ml"":310.0,""away_spread_price"":-108.0,""home_ml"":-410.0,""home_spread"":-10.0,""home_spread_price"":-115.0,""last_update"":null,""market_total"":43.5,""over_price"":-110.0,""provider"":""ActionNetwork book 15"",""source"":""action_network"",""under_price"":-110.0},{""away_ml"":285.0,""away_spread_price"":-110.0,""home_ml"":-360.0,""home_spread"":-10.0,""home_spread_price"":-110.0,""last_update"":null,""market_total"":44.5,""over_price"":-110.0,""provider"":""ActionNetwork book 30"",""source"":""action_network"",""under_price"":-110.0},{""away_ml"":320.0,""away_spread_price"":-102.0,""home_ml"":-400.0,""home_spread"":-10.0,""home_spread_price"":-118.0,""last_update"":null,""market_total"":43.5,""over_price"":-110.0,""provider"":""ActionNetwork book 49"",""source"":""action_network"",""under_price"":-110.0},{""away_ml"":320.0,""away_spread_price"":-108.0,""home_ml"":-410.0,""home_spread"":-10.0,""home_spread_price"":-112.0,""last_update"":null,""market_total"":43.5,""over_price"":-110.0,""provider"":""ActionNetwork book 68"",""source"":""action_network"",""under_price"":-110.0},{""away_ml"":290.0,""away_spread_price"":-104.0,""home_ml"":-375.0,""home_spread"":-9.5,""home_spread_price"":-118.0,""last_update"":null,""market_total"":43.5,""over_price"":-110.0,""provider"":""ActionNetwork book 69"",""source"":""action_network"",""under_price"":-110.0},{""away_ml"":290.0,""away_spread_price"":-110.0,""home_ml"":-385.0,""home_spread"":-10.0,""home_spread_price"":-113.0,""last_update"":null,""market_total"":43.5,""over_price"":-110.0,""provider"":""ActionNetwork book 71"",""source"":""action_network"",""under_price"":-113.0},{""away_ml"":310.0,""away_spread_price"":-108.0,""home_ml"":-375.0,""home_spread"":-10.0,""home_spread_price"":-110.0,""last_update"":null,""market_total"":43.5,""over_price"":-108.0,""provider"":""ActionNetwork book 75"",""source"":""action_network"",""under_price"":-112.0},{""away_ml"":320.0,""away_spread_price"":null,""home_ml"":-410.0,""home_spread"":-10.0,""home_spread_price"":null,""last_update"":null,""market_total"":43.5,""over_price"":null,""provider"":""Draft Kings"",""source"":""espn_core"",""under_price"":null}]",4555.260100016666
2026-09-30T12:34:44.393999+00:00,401856705,2026,5,2026-10-03T16:45:00.000Z,Vanderbilt,Georgia,Draft Kings,1300.0,-2800.0,-24.5,50.5,-24.5,50.5,0.9340504147166647,0.3535533905932738,2.2698774746668597,0.0032219814255191746,-2500.0,1500.0,ActionNetwork book 75,ActionNetwork book 71,-23.5,24.5,-110.0,-110.0,ActionNetwork book 30,ActionNetwork book 15,50.5,57.5,-110.0,-110.0,ActionNetwork book 49,ActionNetwork book 30,8.0,Draft Kings | ActionNetwork book 15 | ActionNetwork book 30 | ActionNetwork book 49 | ActionNetwork book 68 | ActionNetwork book 69 | ActionNetwork book 71 | ActionNetwork book 75,action_network | espn_core,"[{""away_ml"":1300.0,""away_spread_price"":-110.0,""home_ml"":-2800.0,""home_spread"":-24.5,""home_spread_price"":-110.0,""last_update"":null,""market_total"":50.5,""over_price"":-118.0,""provider"":""ActionNetwork book 15"",""source"":""action_network"",""under_price"":-105.0},{""away_ml"":1400.0,""away_spread_price"":-110.0,""home_ml"":-3200.0,""home_spread"":-23.5,""home_spread_price"":-110.0,""last_update"":null,""market_total"":57.5,""over_price"":-110.0,""provider"":""ActionNetwork book 30"",""source"":""action_network"",""under_price"":-110.0},{""away_ml"":1300.0,""away_spread_price"":-113.0,""home_ml"":-3500.0,""home_spread"":-24.5,""home_spread_price"":-107.0,""last_update"":null,""market_total"":50.5,""over_price"":-110.0,""provider"":""ActionNetwork book 49"",""source"":""action_network"",""under_price"":-109.0},{""away_ml"":1300.0,""away_spread_price"":-112.0,""home_ml"":-2800.0,""home_spread"":-24.5,""home_spread_price"":-108.0,""last_update"":null,""market_total"":50.5,""over_price"":-115.0,""provider"":""ActionNetwork book 68"",""source"":""action_network"",""under_price"":-105.0},{""away_ml"":1400.0,""away_spread_price"":-118.0,""home_ml"":-4000.0,""home_spread"":-24.5,""home_spread_price"":-104.0,""last_update"":null,""market_total"":51.5,""over_price"":-102.0,""provider"":""ActionNetwork book 69"",""source"":""action_network"",""under_price"":-120.0},{""away_ml"":1500.0,""away_spread_price"":-114.0,""home_ml"":-10000.0,""home_spread"":-24.0,""home_spread_price"":-108.0,""last_update"":null,""market_total"":51.0,""over_price"":-112.0,""provider"":""ActionNetwork book 71"",""source"":""action_network"",""under_price"":-112.0},{""away_ml"":1400.0,""away_spread_price"":-108.0,""home_ml"":-2500.0,""home_spread"":-24.0,""home_spread_price"":-110.0,""last_update"":null,""market_total"":50.5,""over_price"":-118.0,""provider"":""ActionNetwork book 75"",""source"":""action_network"",""under_price"":-102.0},{""away_ml"":1300.0,""away_spread_price"":null,""home_ml"":-2800.0,""home_spread"":-24.5,""home_spread_price"":null,""last_update"":null,""market_total"":50.5,""over_price"":null,""provider"":""Draft Kings"",""source"":""espn_core"",""under_price"":null}]",4570.260100016666
2026-09-30T12:34:44.393999+00:00,401866432,2026,5,2026-10-03T17:00:00.000Z,Western Michigan,Buffalo,Draft Kings,-600.0,440.0,13.5,46.5,13.5,46.5,0.1694165740115821,1.0,1.653594569415369,0.01070794003371113,550.0,-600.0,ActionNetwork book 30,Draft Kings,16.5,-13.5,-110.0,-110.0,ActionNetwork book 30,ActionNetwork book 49,46.5,51.5,-110.0,-110.0,ActionNetwork book 15,ActionNetwork book 30,8.0,Draft Kings | ActionNetwork book 15 | ActionNetwork book 30 | ActionNetwork book 49 | ActionNetwork book 68 | ActionNetwork book 69 | ActionNetwork book 71 | ActionNetwork book 75,action_network | espn_core,"[{""away_ml"":-600.0,""away_spread_price"":-112.0,""home_ml"":450.0,""home_spread"":13.5,""home_spread_price"":-108.0,""last_update"":null,""market_total"":46.5,""over_price"":-110.0,""provider"":""ActionNetwork book 15"",""source"":""action_network"",""under_price"":-110.0},{""away_ml"":-800.0,""away_spread_price"":-110.0,""home_ml"":550.0,""home_spread"":16.5,""home_spread_price"":-110.0,""last_update"":null,""market_total"":51.5,""over_price"":-110.0,""provider"":""ActionNetwork book 30"",""source"":""action_network"",""under_price"":-110.0},{""away_ml"":-625.0,""away_spread_price"":-110.0,""home_ml"":450.0,""home_spread"":13.5,""home_spread_price"":-110.0,""last_update"":null,""market_total"":46.5,""over_price"":-112.0,""provider"":""ActionNetwork book 49"",""source"":""action_network"",""under_price"":-108.0},{""away_ml"":-600.0,""away_spread_price"":-112.0,""home_ml"":440.0,""home_spread"":13.5,""home_spread_price"":-108.0,""last_update"":null,""market_total"":46.5,""over_price"":-110.0,""provider"":""ActionNetwork book 68"",""source"":""action_network"",""under_price"":-110.0},{""away_ml"":-630.0,""away_spread_price"":-112.0,""home_ml"":450.0,""home_spread"":13.5,""home_spread_price"":-108.0,""last_update"":null,""market_total"":46.5,""over_price"":-112.0,""provider"":""ActionNetwork book 69"",""source"":""action_network"",""under_price"":-108.0},{""away_ml"":-835.0,""away_spread_price"":-107.0,""home_ml"":510.0,""home_spread"":14.5,""home_spread_price"":-115.0,""last_update"":null,""market_total"":46.5,""over_price"":-118.0,""provider"":""ActionNetwork book 71"",""source"":""action_network"",""under_price"":-106.0},{""away_ml"":-625.0,""away_spread_price"":-112.0,""home_ml"":450.0,""home_spread"":13.5,""home_spread_price"":-105.0,""last_update"":null,""market_total"":46.5,""over_price"":-110.0,""provider"":""ActionNetwork book 75"",""source"":""action_network"",""under_price"":-108.0},{""away_ml"":-600.0,""away_spread_price"":null,""home_ml"":440.0,""home_spread"":13.5,""home_spread_price"":null,""last_update"":null,""market_total"":46.5,""over_price"":null,""provider"":""Draft Kings"",""source"":""espn_core"",""under_price"":null}]",4585.260100016666
2026-09-30T12:34:44.393999+00:00,401866431,2026,5,2026-10-03T18:00:00.000Z,Toledo,Ball State,Draft Kings,-1350.0,800.0,19.5,52.5,19.5,52.25,0.11288805777183675,1.984313483298443,0.46351240544347894,0.022215418944918238,900.0,-650.0,ActionNetwork book 71,ActionNetwork book 30,19.5,-13.5,-108.0,-110.0,ActionNetwork book 69,ActionNetwork book 30,51.5,52.5,-110.0,-118.0,ActionNetwork book 30,ActionNetwork book 15,8.0,Draft Kings | ActionNetwork book 15 | ActionNetwork book 30 | ActionNetwork book 49 | ActionNetwork book 68 | ActionNetwork book 69 | ActionNetwork book 71 | ActionNetwork book 75,action_network | espn_core,"[{""away_ml"":-1350.0,""away_spread_price"":-110.0,""home_ml"":800.0,""home_spread"":19.5,""home_spread_price"":-110.0,""last_update"":null,""market_total"":52.5,""over_price"":-102.0,""provider"":""ActionNetwork book 15"",""source"":""action_network"",""under_price"":-118.0},{""away_ml"":-650.0,""away_spread_price"":-110.0,""home_ml"":460.0,""home_spread"":13.5,""home_spread_price"":-110.0,""last_update"":null,""market_total"":51.5,""over_price"":-110.0,""provider"":""ActionNetwork book 30"",""source"":""action_network"",""under_price"":-110.0},{""away_ml"":-1450.0,""away_spread_price"":-110.0,""home_ml"":800.0,""home_spread"":19.5,""home_spread_price"":-109.0,""last_update"":null,""market_total"":52.0,""over_price"":-113.0,""provider"":""ActionNetwork book 49"",""source"":""action_network"",""under_price"":-107.0},{""away_ml"":-1350.0,""away_spread_price"":-108.0,""home_ml"":800.0,""home_spread"":19.5,""home_spread_price"":-112.0,""last_update"":null,""market_total"":52.5,""over_price"":-102.0,""provider"":""ActionNetwork book 68"",""source"":""action_network"",""under_price"":-118.0},{""away_ml"":-1400.0,""away_spread_price"":-112.0,""home_ml"":800.0,""home_spread"":19.5,""home_spread_price"":-108.0,""last_update"":null,""market_total"":51.5,""over_price"":-115.0,""provider"":""ActionNetwork book 69"",""source"":""action_network"",""under_price"":-105.0},{""away_ml"":-2000.0,""away_spread_price"":-113.0,""home_ml"":900.0,""home_spread"":19.5,""home_spread_price"":-110.0,""last_update"":null,""market_total"":51.5,""over_price"":-112.0,""provider"":""ActionNetwork book 71"",""source"":""action_network"",""under_price"":-112.0},{""away_ml"":-1200.0,""away_spread_price"":-108.0,""home_ml"":825.0,""home_spread"":19.5,""home_spread_price"":-110.0,""last_update"":null,""market_total"":52.5,""over_price"":-102.0,""provider"":""ActionNetwork book 75"",""source"":""action_network"",""under_price"":-118.0},{""away_ml"":-1350.0,""away_spread_price"":null,""home_ml"":800.0,""home_spread"":19.5,""home_spread_price"":null,""last_update"":null,""market_total"":52.5,""over_price"":null,""provider"":""Draft Kings"",""source"":""espn_core"",""under_price"":null}]",4645.260100016666
2026-09-30T12:34:44.393999+00:00,401866433,2026,5,2026-10-03T19:30:00.000Z,Eastern Michigan,Massachusetts,Draft Kings,195.0,-238.0,-6.5,48.5,-6.5,48.5,0.6575378159788076,1.3095204274848102,0.33071891388307384,0.04343531530889994,-130.0,195.0,ActionNetwork book 30,Draft Kings,-2.5,6.5,-110.0,-110.0,ActionNetwork book 30,ActionNetwork book 69,48.5,49.5,-109.0,-114.0,ActionNetwork book 49,ActionNetwork book 69,8.0,Draft Kings | ActionNetwork book 15 | ActionNetwork book 30 | ActionNetwork book 49 | ActionNetwork book 68 | ActionNetwork book 69 | ActionNetwork book 71 | ActionNetwork book 75,action_network | espn_core,"[{""away_ml"":195.0,""away_spread_price"":-115.0,""home_ml"":-240.0,""home_spread"":-6.5,""home_spread_price"":-108.0,""last_update"":null,""market_total"":48.5,""over_price"":-110.0,""provider"":""ActionNetwork book 15"",""source"":""action_network"",""under_price"":-110.0},{""away_ml"":110.0,""away_spread_price"":-110.0,""home_ml"":-130.0,""home_spread"":-2.5,""home_spread_price"":-110.0,""last_update"":null,""market_total"":48.5,""over_price"":-110.0,""provider"":""ActionNetwork book 30"",""source"":""action_network"",""under_price"":-110.0},{""away_ml"":190.0,""away_spread_price"":-114.0,""home_ml"":-230.0,""home_spread"":-6.5,""home_spread_price"":-106.0,""last_update"":null,""market_total"":48.5,""over_price"":-109.0,""provider"":""ActionNetwork book 49"",""source"":""action_network"",""under_price"":-110.0},{""away_ml"":195.0,""away_spread_price"":-115.0,""home_ml"":-238.0,""home_spread"":-6.5,""home_spread_price"":-105.0,""last_update"":null,""market_total"":48.5,""over_price"":-110.0,""provider"":""ActionNetwork book 68"",""source"":""action_network"",""under_price"":-110.0},{""away_ml"":195.0,""away_spread_price"":-110.0,""home_ml"":-240.0,""home_spread"":-6.5,""home_spread_price"":-110.0,""last_update"":null,""market_total"":49.5,""over_price"":-106.0,""provider"":""ActionNetwork book 69"",""source"":""action_network"",""under_price"":-114.0},{""away_ml"":190.0,""away_spread_price"":-108.0,""home_ml"":-245.0,""home_spread"":-6.0,""home_spread_price"":-115.0,""last_update"":null,""market_total"":48.5,""over_price"":-110.0,""provider"":""ActionNetwork book 71"",""source"":""action_network"",""under_price"":-113.0},{""away_ml"":195.0,""away_spread_price"":-110.0,""home_ml"":-235.0,""home_spread"":-6.5,""home_spread_price"":-108.0,""last_update"":null,""market_total"":48.5,""over_price"":-110.0,""provider"":""ActionNetwork book 75"",""source"":""action_network"",""under_price"":-108.0},{""away_ml"":195.0,""away_spread_price"":null,""home_ml"":-238.0,""home_spread"":-6.5,""home_spread_price"":null,""last_update"":null,""market_total"":48.5,""over_price"":null,""provider"":""Draft Kings"",""source"":""espn_core"",""under_price"":null}]",4735.260100016666
2026-09-30T12:34:44.393999+00:00,401856710,2026,5,2026-10-03T19:30:00.000Z,Auburn,Tennessee,Draft Kings,230.0,-285.0,-7.0,54.5,-7.0,54.5,0.7071008778978203,0.21650635094610965,0.9921567416492215,0.004830188666953221,-275.0,230.0,ActionNetwork book 49,Draft Kings,-7.0,7.5,-110.0,-110.0,ActionNetwork book 49,ActionNetwork book 30,54.5,57.5,-105.0,-110.0,ActionNetwork book 75,ActionNetwork book 30,8.0,Draft Kings | ActionNetwork book 15 | ActionNetwork book 30 | ActionNetwork book 49 | ActionNetwork book 68 | ActionNetwork book 69 | ActionNetwork book 71 | ActionNetwork book 75,action_network | espn_core,"[{""away_ml"":230.0,""away_spread_price"":-108.0,""home_ml"":-285.0,""home_spread"":-7.0,""home_spread_price"":-112.0,""last_update"":null,""market_total"":54.5,""over_price"":-110.0,""provider"":""ActionNetwork book 15"",""source"":""action_network"",""under_price"":-110.0},{""away_ml"":230.0,""away_spread_price"":-110.0,""home_ml"":-285.0,""home_spread"":-7.5,""home_spread_price"":-110.0,""last_update"":null,""market_total"":57.5,""over_price"":-110.0,""provider"":""ActionNetwork book 30"",""source"":""action_network"",""under_price"":-110.0},{""away_ml"":225.0,""away_spread_price"":-109.0,""home_ml"":-275.0,""home_spread"":-7.0,""home_spread_price"":-110.0,""last_update"":null,""market_total"":54.5,""over_price"":-110.0,""provider"":""ActionNetwork book 49"",""source"":""action_network"",""under_price"":-109.0},{""away_ml"":230.0,""away_spread_price"":-108.0,""home_ml"":-285.0,""home_spread"":-7.0,""home_spread_price"":-112.0,""last_update"":null,""market_total"":54.5,""over_price"":-110.0,""provider"":""ActionNetwork book 68"",""source"":""action_network"",""under_price"":-110.0},{""away_ml"":230.0,""away_spread_price"":-122.0,""home_ml"":-285.0,""home_spread"":-7.5,""home_spread_price"":-100.0,""last_update"":null,""market_total"":54.5,""over_price"":-110.0,""provider"":""ActionNetwork book 69"",""source"":""action_network"",""under_price"":-110.0},{""away_ml"":210.0,""away_spread_price"":-108.0,""home_ml"":-278.0,""home_spread"":-7.0,""home_spread_price"":-114.0,""last_update"":null,""market_total"":54.5,""over_price"":-113.0,""provider"":""ActionNetwork book 71"",""source"":""action_network"",""under_price"":-109.0},{""away_ml"":230.0,""away_spread_price"":-108.0,""home_ml"":-285.0,""home_spread"":-7.0,""home_spread_price"":-110.0,""last_update"":null,""market_total"":54.5,""over_price"":-105.0,""provider"":""ActionNetwork book 75"",""source"":""action_network"",""under_price"":-112.0},{""away_ml"":230.0,""away_spread_price"":null,""home_ml"":-285.0,""home_spread"":-7.0,""home_spread_price"":null,""last_update"":null,""market_total"":54.5,""over_price"":null,""provider"":""Draft Kings"",""source"":""espn_core"",""under_price"":null}]",4735.260100016666
2026-09-30T12:34:44.393999+00:00,401866477,2026,5,2026-10-03T19:30:00.000Z,Bowling Green,Miami (OH),Draft Kings,410.0,-550.0,-13.5,42.5,-13.5,42.5,0.8229185309784066,0.7071067811865476,2.595067436503337,0.015016967797733394,-550.0,575.0,Draft Kings,ActionNetwork book 30,-13.0,15.5,-108.0,-110.0,ActionNetwork book 75,ActionNetwork book 30,42.5,50.5,-115.0,-110.0,ActionNetwork book 15,ActionNetwork book 30,8.0,Draft Kings | ActionNetwork book 15 | ActionNetwork book 30 | ActionNetwork book 49 | ActionNetwork book 68 | ActionNetwork book 69 | ActionNetwork book 71 | ActionNetwork book 75,action_network | espn_core,"[{""away_ml"":420.0,""away_spread_price"":-115.0,""home_ml"":-575.0,""home_spread"":-13.5,""home_spread_price"":-105.0,""last_update"":null,""market_total"":42.5,""over_price"":-115.0,""provider"":""ActionNetwork book 15"",""source"":""action_network"",""under_price"":-108.0},{""away_ml"":575.0,""away_spread_price"":-110.0,""home_ml"":-850.0,""home_spread"":-15.5,""home_spread_price"":-110.0,""last_update"":null,""market_total"":50.5,""over_price"":-110.0,""provider"":""ActionNetwork book 30"",""source"":""action_network"",""under_price"":-110.0},{""away_ml"":425.0,""away_spread_price"":-110.0,""home_ml"":-590.0,""home_spread"":-13.5,""home_spread_price"":-109.0,""last_update"":null,""market_total"":42.5,""over_price"":-115.0,""provider"":""ActionNetwork book 49"",""source"":""action_network"",""under_price"":-105.0},{""away_ml"":410.0,""away_spread_price"":-115.0,""home_ml"":-550.0,""home_spread"":-13.5,""home_spread_price"":-105.0,""last_update"":null,""market_total"":42.5,""over_price"":-115.0,""provider"":""ActionNetwork book 68"",""source"":""action_network"",""under_price"":-105.0},{""away_ml"":420.0,""away_spread_price"":-115.0,""home_ml"":-580.0,""home_spread"":-13.5,""home_spread_price"":-105.0,""last_update"":null,""market_total"":43.5,""over_price"":-108.0,""provider"":""ActionNetwork book 69"",""source"":""action_network"",""under_price"":-112.0},{""away_ml"":480.0,""away_spread_price"":-115.0,""home_ml"":-715.0,""home_spread"":-14.0,""home_spread_price"":-108.0,""last_update"":null,""market_total"":44.5,""over_price"":-106.0,""provider"":""ActionNetwork book 71"",""source"":""action_network"",""under_price"":-122.0},{""away_ml"":425.0,""away_spread_price"":-110.0,""home_ml"":-550.0,""home_spread"":-13.0,""home_spread_price"":-108.0,""last_update"":null,""market_total"":42.5,""over_price"":-115.0,""provider"":""ActionNetwork book 75"",""source"":""action_network"",""under_price"":-105.0},{""away_ml"":410.0,""away_spread_price"":null,""home_ml"":-550.0,""home_spread"":-13.5,""home_spread_price"":null,""last_update"":null,""market_total"":42.5,""over_price"":null,""provider"":""Draft Kings"",""source"":""espn_core"",""under_price"":null}]",4735.260100016666
2026-09-30T12:34:44.393999+00:00,401862787,2026,5,2026-10-03T19:30:00.000Z,Memphis,Charlotte,Draft Kings,-1450.0,850.0,20.5,52.5,20.5,53.5,0.09348495504356186,0.3903123748998999,0.6091746465505602,0.009844367945799458,1300.0,-1400.0,ActionNetwork book 30,ActionNetwork book 75,21.5,-20.0,-110.0,-110.0,ActionNetwork book 30,ActionNetwork book 75,52.5,54.5,-112.0,-110.0,ActionNetwork book 69,ActionNetwork book 30,8.0,Draft Kings | ActionNetwork book 15 | ActionNetwork book 30 | ActionNetwork book 49 | ActionNetwork book 68 | ActionNetwork book 69 | ActionNetwork book 71 | ActionNetwork book 75,action_network | espn_core,"[{""away_ml"":-1450.0,""away_spread_price"":-110.0,""home_ml"":890.0,""home_spread"":20.5,""home_spread_price"":-112.0,""last_update"":null,""market_total"":53.5,""over_price"":-108.0,""provider"":""ActionNetwork book 15"",""source"":""action_network"",""under_price"":-110.0},{""away_ml"":-2800.0,""away_spread_price"":-110.0,""home_ml"":1300.0,""home_spread"":21.5,""home_spread_price"":-110.0,""last_update"":null,""market_total"":54.5,""over_price"":-110.0,""provider"":""ActionNetwork book 30"",""source"":""action_network"",""under_price"":-110.0},{""away_ml"":-1700.0,""away_spread_price"":-110.0,""home_ml"":900.0,""home_spread"":20.5,""home_spread_price"":-110.0,""last_update"":null,""market_total"":53.0,""over_price"":-110.0,""provider"":""ActionNetwork book 49"",""source"":""action_network"",""under_price"":-109.0},{""away_ml"":-1450.0,""away_spread_price"":-108.0,""home_ml"":850.0,""home_spread"":20.5,""home_spread_price"":-112.0,""last_update"":null,""market_total"":53.5,""over_price"":-108.0,""provider"":""ActionNetwork book 68"",""source"":""action_network"",""under_price"":-112.0},{""away_ml"":-1700.0,""away_spread_price"":-108.0,""home_ml"":890.0,""home_spread"":20.5,""home_spread_price"":-112.0,""last_update"":null,""market_total"":52.5,""over_price"":-112.0,""provider"":""ActionNetwork book 69"",""source"":""action_network"",""under_price"":-108.0},{""away_ml"":-2500.0,""away_spread_price"":-109.0,""home_ml"":950.0,""home_spread"":20.5,""home_spread_price"":-112.0,""last_update"":null,""market_total"":52.5,""over_price"":-113.0,""provider"":""ActionNetwork book 71"",""source"":""action_network"",""under_price"":-109.0},{""away_ml"":-1400.0,""away_spread_price"":-110.0,""home_ml"":900.0,""home_spread"":20.0,""home_spread_price"":-108.0,""last_update"":null,""market_total"":53.5,""over_price"":-108.0,""provider"":""ActionNetwork book 75"",""source"":""action_network"",""under_price"":-110.0},{""away_ml"":-1450.0,""away_spread_price"":null,""home_ml"":850.0,""home_spread"":20.5,""home_spread_price"":null,""last_update"":null,""market_total"":53.5,""over_price"":null,""provider"":""Draft Kings"",""source"":""espn_core"",""under_price"":null}]",4735.260100016666
2026-09-30T12:34:44.393999+00:00,401858473,2026,5,2026-10-03T19:30:00.000Z,Ohio State,Iowa,Draft Kings,-600.0,440.0,14.0,45.5,14.0,45.5,0.17017033220294142,0.21650635094610965,0.3903123748998999,0.006766450628772745,500.0,-600.0,ActionNetwork book 30,Draft Kings,14.5,-14.0,-115.0,-110.0,ActionNetwork book 69,ActionNetwork book 30,44.5,46.0,-110.0,-112.0,ActionNetwork book 30,ActionNetwork book 71,8.0,Draft Kings | ActionNetwork book 15 | ActionNetwork book 30 | ActionNetwork book 49 | ActionNetwork book 68 | ActionNetwork book 69 | ActionNetwork book 71 | ActionNetwork book 75,action_network | espn_core,"[{""away_ml"":-625.0,""away_spread_price"":-115.0,""home_ml"":450.0,""home_spread"":14.0,""home_spread_price"":-108.0,""last_update"":null,""market_total"":45.5,""over_price"":-110.0,""provider"":""ActionNetwork book 15"",""source"":""action_network"",""under_price"":-110.0},{""away_ml"":-700.0,""away_spread_price"":-110.0,""home_ml"":500.0,""home_spread"":14.0,""home_spread_price"":-110.0,""last_update"":null,""market_total"":44.5,""over_price"":-110.0,""provider"":""ActionNetwork book 30"",""source"":""action_network"",""under_price"":-110.0},{""away_ml"":-625.0,""away_spread_price"":-112.0,""home_ml"":450.0,""home_spread"":14.0,""home_spread_price"":-109.0,""last_update"":null,""market_total"":45.5,""over_price"":-113.0,""provider"":""ActionNetwork book 49"",""source"":""action_network"",""under_price"":-107.0},{""away_ml"":-600.0,""away_spread_price"":-115.0,""home_ml"":440.0,""home_spread"":14.0,""home_spread_price"":-105.0,""last_update"":null,""market_total"":45.5,""over_price"":-110.0,""provider"":""ActionNetwork book 68"",""source"":""action_network"",""under_price"":-110.0},{""away_ml"":-720.0,""away_spread_price"":-105.0,""home_ml"":500.0,""home_spread"":14.5,""home_spread_price"":-115.0,""last_update"":null,""market_total"":45.5,""over_price"":-110.0,""provider"":""ActionNetwork book 69"",""source"":""action_network"",""under_price"":-110.0},{""away_ml"":-670.0,""away_spread_price"":-110.0,""home_ml"":460.0,""home_spread"":14.5,""home_spread_price"":-115.0,""last_update"":null,""market_total"":46.0,""over_price"":-112.0,""provider"":""ActionNetwork book 71"",""source"":""action_network"",""under_price"":-112.0},{""away_ml"":-625.0,""away_spread_price"":-110.0,""home_ml"":475.0,""home_spread"":14.0,""home_spread_price"":-108.0,""last_update"":null,""market_total"":45.5,""over_price"":-108.0,""provider"":""ActionNetwork book 75"",""source"":""action_network"",""under_price"":-110.0},{""away_ml"":-600.0,""away_spread_price"":null,""home_ml"":440.0,""home_spread"":14.0,""home_spread_price"":null,""last_update"":null,""market_total"":45.5,""over_price"":null,""provider"":""Draft Kings"",""source"":""espn_core"",""under_price"":null}]",4735.260100016666
2026-09-30T12:34:44.393999+00:00,401866430,2026,5,2026-10-03T19:30:00.000Z,Akron,Central Michigan,Draft Kings,205.0,-250.0,-6.5,47.5,-6.5,47.5,0.6778105946282453,0.33071891388307384,0.34798527267687634,0.008664931299930612,-220.0,205.0,ActionNetwork book 30,Draft Kings,-5.5,6.5,-110.0,-106.0,ActionNetwork book 30,ActionNetwork book 49,46.5,47.5,-110.0,-112.0,ActionNetwork book 30,ActionNetwork book 75,8.0,Draft Kings | ActionNetwork book 15 | ActionNetwork book 30 | ActionNetwork book 49 | ActionNetwork book 68 | ActionNetwork book 69 | ActionNetwork book 71 | ActionNetwork book 75,action_network | espn_core,"[{""away_ml"":200.0,""away_spread_price"":-110.0,""home_ml"":-250.0,""home_spread"":-6.5,""home_spread_price"":-110.0,""last_update"":null,""market_total"":47.5,""over_price"":-106.0,""provider"":""ActionNetwork book 15"",""source"":""action_network"",""under_price"":-115.0},{""away_ml"":180.0,""away_spread_price"":-110.0,""home_ml"":-220.0,""home_spread"":-5.5,""home_spread_price"":-110.0,""last_update"":null,""market_total"":46.5,""over_price"":-110.0,""provider"":""ActionNetwork book 30"",""source"":""action_network"",""under_price"":-110.0},{""away_ml"":200.0,""away_spread_price"":-106.0,""home_ml"":-245.0,""home_spread"":-6.5,""home_spread_price"":-114.0,""last_update"":null,""market_total"":47.0,""over_price"":-110.0,""provider"":""ActionNetwork book 49"",""source"":""action_network"",""under_price"":-109.0},{""away_ml"":205.0,""away_spread_price"":-108.0,""home_ml"":-250.0,""home_spread"":-6.5,""home_spread_price"":-112.0,""last_update"":null,""market_total"":47.5,""over_price"":-102.0,""provider"":""ActionNetwork book 68"",""source"":""action_network"",""under_price"":-118.0},{""away_ml"":198.0,""away_spread_price"":-110.0,""home_ml"":-245.0,""home_spread"":-6.5,""home_spread_price"":-110.0,""last_update"":null,""market_total"":47.5,""over_price"":-106.0,""provider"":""ActionNetwork book 69"",""source"":""action_network"",""under_price"":-114.0},{""away_ml"":188.0,""away_spread_price"":-113.0,""home_ml"":-240.0,""home_spread"":-6.5,""home_spread_price"":-109.0,""last_update"":null,""market_total"":47.5,""over_price"":-109.0,""provider"":""ActionNetwork book 71"",""source"":""action_network"",""under_price"":-113.0},{""away_ml"":200.0,""away_spread_price"":-108.0,""home_ml"":-250.0,""home_spread"":-6.5,""home_spread_price"":-110.0,""last_update"":null,""market_total"":47.5,""over_price"":-105.0,""provider"":""ActionNetwork book 75"",""source"":""action_network"",""under_price"":-112.0},{""away_ml"":205.0,""away_spread_price"":null,""home_ml"":-250.0,""home_spread"":-6.5,""home_spread_price"":null,""last_update"":null,""market_total"":47.5,""over_price"":null,""provider"":""Draft Kings"",""source"":""espn_core"",""under_price"":null}]",4735.260100016666
2026-09-30T12:34:44.393999+00:00,401858253,2026,5,2026-10-03T19:30:00.000Z,Virginia,Florida State,Draft Kings,-148.0,124.0,2.5,51.5,2.5,51.5,0.44307502418738687,0.33071891388307384,0.0,0.016342262260284658,124.0,-118.0,Draft Kings,ActionNetwork book 30,2.5,-1.5,-105.0,-110.0,ActionNetwork book 15,ActionNetwork book 30,51.5,51.5,-106.0,-110.0,ActionNetwork book 49,ActionNetwork book 30,8.0,Draft Kings | ActionNetwork book 15 | ActionNetwork book 30 | ActionNetwork book 49 | ActionNetwork book 68 | ActionNetwork book 69 | ActionNetwork book 71 | ActionNetwork book 75,action_network | espn_core,"[{""away_ml"":-140.0,""away_spread_price"":-115.0,""home_ml"":120.0,""home_spread"":2.5,""home_spread_price"":-105.0,""last_update"":null,""market_total"":51.5,""over_price"":-108.0,""provider"":""ActionNetwork book 15"",""source"":""action_network"",""under_price"":-114.0},{""away_ml"":-118.0,""away_spread_price"":-110.0,""home_ml"":-102.0,""home_spread"":1.5,""home_spread_price"":-110.0,""last_update"":null,""market_total"":51.5,""over_price"":-110.0,""provider"":""ActionNetwork book 30"",""source"":""action_network"",""under_price"":-110.0},{""away_ml"":-141.0,""away_spread_price"":-115.0,""home_ml"":120.0,""home_spread"":2.5,""home_spread_price"":-105.0,""last_update"":null,""market_total"":51.5,""over_price"":-106.0,""provider"":""ActionNetwork book 49"",""source"":""action_network"",""under_price"":-114.0},{""away_ml"":-148.0,""away_spread_price"":-115.0,""home_ml"":124.0,""home_spread"":2.5,""home_spread_price"":-105.0,""last_update"":null,""market_total"":51.5,""over_price"":-108.0,""provider"":""ActionNetwork book 68"",""source"":""action_network"",""under_price"":-112.0},{""away_ml"":-138.0,""away_spread_price"":-114.0,""home_ml"":115.0,""home_spread"":2.5,""home_spread_price"":-106.0,""last_update"":null,""market_total"":51.5,""over_price"":-106.0,""provider"":""ActionNetwork book 69"",""source"":""action_network"",""under_price"":-114.0},{""away_ml"":-139.0,""away_spread_price"":-112.0,""home_ml"":112.0,""home_spread"":2.5,""home_spread_price"":-112.0,""last_update"":null,""market_total"":51.5,""over_price"":-109.0,""provider"":""ActionNetwork book 71"",""source"":""action_network"",""under_price"":-113.0},{""away_ml"":-140.0,""away_spread_price"":-115.0,""home_ml"":120.0,""home_spread"":2.5,""home_spread_price"":-105.0,""last_update"":null,""market_total"":51.5,""over_price"":-108.0,""provider"":""ActionNetwork book 75"",""source"":""action_network"",""under_price"":-110.0},{""away_ml"":-148.0,""away_spread_price"":null,""home_ml"":124.0,""home_spread"":2.5,""home_spread_price"":null,""last_update"":null,""market_total"":51.5,""over_price"":null,""provider"":""Draft Kings"",""source"":""espn_core"",""under_price"":null}]",4735.260100016666
2026-09-30T12:34:44.393999+00:00,401864515,2026,5,2026-10-03T19:30:00.000Z,Wyoming,North Dakota State,Draft Kings,800.0,-1350.0,-18.5,45.5,-18.5,45.5,0.8948806850308149,0.81967981553775,0.6959705453537527,0.0071955441384583575,-1200.0,1000.0,ActionNetwork book 75,ActionNetwork book 30,-18.5,21.0,-108.0,-115.0,ActionNetwork book 75,ActionNetwork book 30,45.5,47.5,-105.0,-110.0,ActionNetwork book 69,ActionNetwork book 30,8.0,Draft Kings | ActionNetwork book 15 | ActionNetwork book 30 | ActionNetwork book 49 | ActionNetwork book 68 | ActionNetwork book 69 | ActionNetwork book 71 | ActionNetwork book 75,action_network | espn_core,"[{""away_ml"":775.0,""away_spread_price"":-110.0,""home_ml"":-1250.0,""home_spread"":-18.5,""home_spread_price"":-110.0,""last_update"":null,""market_total"":45.5,""over_price"":-110.0,""provider"":""ActionNetwork book 15"",""source"":""action_network"",""under_price"":-110.0},{""away_ml"":1000.0,""away_spread_price"":-115.0,""home_ml"":-1800.0,""home_spread"":-21.0,""home_spread_price"":-105.0,""last_update"":null,""market_total"":47.5,""over_price"":-110.0,""provider"":""ActionNetwork book 30"",""source"":""action_network"",""under_price"":-110.0},{""away_ml"":800.0,""away_spread_price"":-106.0,""home_ml"":-1450.0,""home_spread"":-18.5,""home_spread_price"":-114.0,""last_update"":null,""market_total"":45.5,""over_price"":-112.0,""provider"":""ActionNetwork book 49"",""source"":""action_network"",""under_price"":-108.0},{""away_ml"":800.0,""away_spread_price"":-110.0,""home_ml"":-1350.0,""home_spread"":-18.5,""home_spread_price"":-110.0,""last_update"":null,""market_total"":45.5,""over_price"":-112.0,""provider"":""ActionNetwork book 68"",""source"":""action_network"",""under_price"":-108.0},{""away_ml"":740.0,""away_spread_price"":-110.0,""home_ml"":-1250.0,""home_spread"":-18.5,""home_spread_price"":-110.0,""last_update"":null,""market_total"":45.5,""over_price"":-105.0,""provider"":""ActionNetwork book 69"",""source"":""action_network"",""under_price"":-115.0},{""away_ml"":800.0,""away_spread_price"":-112.0,""home_ml"":-1667.0,""home_spread"":-19.0,""home_spread_price"":-110.0,""last_update"":null,""market_total"":46.5,""over_price"":-109.0,""provider"":""ActionNetwork book 71"",""source"":""action_network"",""under_price"":-114.0},{""away_ml"":825.0,""away_spread_price"":-112.0,""home_ml"":-1200.0,""home_spread"":-18.5,""home_spread_price"":-108.0,""last_update"":null,""market_total"":45.5,""over_price"":-108.0,""provider"":""ActionNetwork book 75"",""source"":""action_network"",""under_price"":-110.0},{""away_ml"":800.0,""away_spread_price"":null,""home_ml"":-1350.0,""home_spread"":-18.5,""home_spread_price"":null,""last_update"":null,""market_total"":45.5,""over_price"":null,""provider"":""Draft Kings"",""source"":""espn_core"",""under_price"":null}]",4735.260100016666
2026-09-30T12:34:44.393999+00:00,401866434,2026,5,2026-10-03T19:30:00.000Z,Ohio,Kent State,Draft Kings,-166.0,140.0,3.0,50.5,3.0,50.5,0.4064508705001634,0.21650635094610965,0.0,0.007389678276680587,142.0,-157.0,ActionNetwork book 30,ActionNetwork book 71,3.5,-3.0,-110.0,-113.0,ActionNetwork book 30,ActionNetwork book 49,50.5,50.5,-108.0,-105.0,ActionNetwork book 49,ActionNetwork book 75,8.0,Draft Kings | ActionNetwork book 15 | ActionNetwork book 30 | ActionNetwork book 49 | ActionNetwork book 68 | ActionNetwork book 69 | ActionNetwork book 71 | ActionNetwork book 75,action_network | espn_core,"[{""away_ml"":-162.0,""away_spread_price"":-115.0,""home_ml"":135.0,""home_spread"":3.0,""home_spread_price"":-105.0,""last_update"":null,""market_total"":50.5,""over_price"":-112.0,""provider"":""ActionNetwork book 15"",""source"":""action_network"",""under_price"":-108.0},{""away_ml"":-172.0,""away_spread_price"":-110.0,""home_ml"":142.0,""home_spread"":3.5,""home_spread_price"":-110.0,""last_update"":null,""market_total"":50.5,""over_price"":-110.0,""provider"":""ActionNetwork book 30"",""source"":""action_network"",""under_price"":-110.0},{""away_ml"":-159.0,""away_spread_price"":-113.0,""home_ml"":135.0,""home_spread"":3.0,""home_spread_price"":-107.0,""last_update"":null,""market_total"":50.5,""over_price"":-108.0,""provider"":""ActionNetwork book 49"",""source"":""action_network"",""under_price"":-112.0},{""away_ml"":-166.0,""away_spread_price"":-115.0,""home_ml"":140.0,""home_spread"":3.0,""home_spread_price"":-105.0,""last_update"":null,""market_total"":50.5,""over_price"":-112.0,""provider"":""ActionNetwork book 68"",""source"":""action_network"",""under_price"":-108.0},{""away_ml"":-162.0,""away_spread_price"":-102.0,""home_ml"":134.0,""home_spread"":3.5,""home_spread_price"":-120.0,""last_update"":null,""market_total"":50.5,""over_price"":-114.0,""provider"":""ActionNetwork book 69"",""source"":""action_network"",""under_price"":-106.0},{""away_ml"":-157.0,""away_spread_price"":-113.0,""home_ml"":125.0,""home_spread"":3.0,""home_spread_price"":-110.0,""last_update"":null,""market_total"":50.5,""over_price"":-109.0,""provider"":""ActionNetwork book 71"",""source"":""action_network"",""under_price"":-114.0},{""away_ml"":-160.0,""away_spread_price"":-115.0,""home_ml"":135.0,""home_spread"":3.0,""home_spread_price"":-102.0,""last_update"":null,""market_total"":50.5,""over_price"":-112.0,""provider"":""ActionNetwork book 75"",""source"":""action_network"",""under_price"":-105.0},{""away_ml"":-166.0,""away_spread_price"":null,""home_ml"":140.0,""home_spread"":3.0,""home_spread_price"":null,""last_update"":null,""market_total"":50.5,""over_price"":null,""provider"":""Draft Kings"",""source"":""espn_core"",""under_price"":null}]",4735.260100016666
2026-09-30T12:34:44.393999+00:00,401869956,2026,5,2026-10-03T19:30:00.000Z,Old Dominion,Georgia State,Draft Kings,105.0,-125.0,-2.5,52.5,-2.5,52.5,0.5242084097014064,1.3169567191065923,0.4330127018922193,0.017776401603237204,-100.0,105.0,ActionNetwork book 30,Draft Kings,1.5,2.5,-110.0,-110.0,ActionNetwork book 30,ActionNetwork book 75,51.5,52.5,-110.0,-113.0,ActionNetwork book 30,ActionNetwork book 49,8.0,Draft Kings | ActionNetwork book 15 | ActionNetwork book 30 | ActionNetwork book 49 | ActionNetwork book 68 | ActionNetwork book 69 | ActionNetwork book 71 | ActionNetwork book 75,action_network | espn_core,"[{""away_ml"":105.0,""away_spread_price"":-114.0,""home_ml"":-125.0,""home_spread"":-2.5,""home_spread_price"":-108.0,""last_update"":null,""market_total"":52.5,""over_price"":-106.0,""provider"":""ActionNetwork book 15"",""source"":""action_network"",""under_price"":-115.0},{""away_ml"":-120.0,""away_spread_price"":-110.0,""home_ml"":-100.0,""home_spread"":1.5,""home_spread_price"":-110.0,""last_update"":null,""market_total"":51.5,""over_price"":-110.0,""provider"":""ActionNetwork book 30"",""source"":""action_network"",""under_price"":-110.0},{""away_ml"":103.0,""away_spread_price"":-114.0,""home_ml"":-121.0,""home_spread"":-2.5,""home_spread_price"":-106.0,""last_update"":null,""market_total"":52.5,""over_price"":-107.0,""provider"":""ActionNetwork book 49"",""source"":""action_network"",""under_price"":-113.0},{""away_ml"":105.0,""away_spread_price"":-112.0,""home_ml"":-125.0,""home_spread"":-2.5,""home_spread_price"":-108.0,""last_update"":null,""market_total"":52.5,""over_price"":-105.0,""provider"":""ActionNetwork book 68"",""source"":""action_network"",""under_price"":-115.0},{""away_ml"":104.0,""away_spread_price"":-114.0,""home_ml"":-125.0,""home_spread"":-2.5,""home_spread_price"":-106.0,""last_update"":null,""market_total"":52.5,""over_price"":-106.0,""provider"":""ActionNetwork book 69"",""source"":""action_network"",""under_price"":-114.0},{""away_ml"":100.0,""away_spread_price"":-110.0,""home_ml"":-122.0,""home_spread"":-1.5,""home_spread_price"":-113.0,""last_update"":null,""market_total"":51.5,""over_price"":-110.0,""provider"":""ActionNetwork book 71"",""source"":""action_network"",""under_price"":-113.0},{""away_ml"":105.0,""away_spread_price"":-110.0,""home_ml"":-130.0,""home_spread"":-2.5,""home_spread_price"":-108.0,""last_update"":null,""market_total"":52.5,""over_price"":-105.0,""provider"":""ActionNetwork book 75"",""source"":""action_network"",""under_price"":-115.0},{""away_ml"":105.0,""away_spread_price"":null,""home_ml"":-125.0,""home_spread"":-2.5,""home_spread_price"":null,""last_update"":null,""market_total"":52.5,""over_price"":null,""provider"":""Draft Kings"",""source"":""espn_core"",""under_price"":null}]",4735.260100016666
2026-09-30T12:34:44.393999+00:00,401858247,2026,5,2026-10-03T19:30:00.000Z,California,UNLV,Draft Kings,120.0,-142.0,-2.5,53.5,-2.5,53.5,0.5447083968192101,1.3095204274848102,0.5,0.02628407551953288,-100.0,120.0,ActionNetwork book 30,Draft Kings,1.5,2.5,-110.0,-102.0,ActionNetwork book 30,ActionNetwork book 75,52.5,54.5,-118.0,-110.0,ActionNetwork book 69,ActionNetwork book 30,8.0,Draft Kings | ActionNetwork book 15 | ActionNetwork book 30 | ActionNetwork book 49 | ActionNetwork book 68 | ActionNetwork book 69 | ActionNetwork book 71 | ActionNetwork book 75,action_network | espn_core,"[{""away_ml"":115.0,""away_spread_price"":-108.0,""home_ml"":-140.0,""home_spread"":-2.5,""home_spread_price"":-115.0,""last_update"":null,""market_total"":53.5,""over_price"":-108.0,""provider"":""ActionNetwork book 15"",""source"":""action_network"",""under_price"":-110.0},{""away_ml"":-120.0,""away_spread_price"":-110.0,""home_ml"":-100.0,""home_spread"":1.5,""home_spread_price"":-110.0,""last_update"":null,""market_total"":54.5,""over_price"":-110.0,""provider"":""ActionNetwork book 30"",""source"":""action_network"",""under_price"":-110.0},{""away_ml"":115.0,""away_spread_price"":-110.0,""home_ml"":-136.0,""home_spread"":-2.5,""home_spread_price"":-109.0,""last_update"":null,""market_total"":53.5,""over_price"":-106.0,""provider"":""ActionNetwork book 49"",""source"":""action_network"",""under_price"":-114.0},{""away_ml"":120.0,""away_spread_price"":-108.0,""home_ml"":-142.0,""home_spread"":-2.5,""home_spread_price"":-112.0,""last_update"":null,""market_total"":53.5,""over_price"":-105.0,""provider"":""ActionNetwork book 68"",""source"":""action_network"",""under_price"":-115.0},{""away_ml"":112.0,""away_spread_price"":-108.0,""home_ml"":-134.0,""home_spread"":-2.5,""home_spread_price"":-112.0,""last_update"":null,""market_total"":52.5,""over_price"":-118.0,""provider"":""ActionNetwork book 69"",""source"":""action_network"",""under_price"":-104.0},{""away_ml"":106.0,""away_spread_price"":-110.0,""home_ml"":-130.0,""home_spread"":-2.0,""home_spread_price"":-113.0,""last_update"":null,""market_total"":53.5,""over_price"":-110.0,""provider"":""ActionNetwork book 71"",""source"":""action_network"",""under_price"":-113.0},{""away_ml"":115.0,""away_spread_price"":-102.0,""home_ml"":-140.0,""home_spread"":-2.5,""home_spread_price"":-115.0,""last_update"":null,""market_total"":53.5,""over_price"":-108.0,""provider"":""ActionNetwork book 75"",""source"":""action_network"",""under_price"":-110.0},{""away_ml"":120.0,""away_spread_price"":null,""home_ml"":-142.0,""home_spread"":-2.5,""home_spread_price"":null,""last_update"":null,""market_total"":53.5,""over_price"":null,""provider"":""Draft Kings"",""source"":""espn_core"",""under_price"":null}]",4735.260100016666
2026-09-30T12:34:44.393999+00:00,401856708,2026,5,2026-10-03T19:30:00.000Z,Florida,Missouri,Draft Kings,-205.0,170.0,5.5,56.5,5.0,56.5,0.3673579165887094,0.9333240326917549,1.0606601717798212,0.03401028352295325,172.0,-130.0,ActionNetwork book 49,ActionNetwork book 30,5.5,-2.5,-110.0,-110.0,ActionNetwork book 71,ActionNetwork book 30,53.5,57.0,-110.0,-110.0,ActionNetwork book 30,ActionNetwork book 49,8.0,Draft Kings | ActionNetwork book 15 | ActionNetwork book 30 | ActionNetwork book 49 | ActionNetwork book 68 | ActionNetwork book 69 | ActionNetwork book 71 | ActionNetwork book 75,action_network | espn_core,"[{""away_ml"":-205.0,""away_spread_price"":-110.0,""home_ml"":170.0,""home_spread"":5.0,""home_spread_price"":-112.0,""last_update"":null,""market_total"":56.5,""over_price"":-115.0,""provider"":""ActionNetwork book 15"",""source"":""action_network"",""under_price"":-105.0},{""away_ml"":-130.0,""away_spread_price"":-110.0,""home_ml"":110.0,""home_spread"":2.5,""home_spread_price"":-110.0,""last_update"":null,""market_total"":53.5,""over_price"":-110.0,""provider"":""ActionNetwork book 30"",""source"":""action_network"",""under_price"":-110.0},{""away_ml"":-205.0,""away_spread_price"":-112.0,""home_ml"":172.0,""home_spread"":5.0,""home_spread_price"":-109.0,""last_update"":null,""market_total"":57.0,""over_price"":-110.0,""provider"":""ActionNetwork book 49"",""source"":""action_network"",""under_price"":-110.0},{""away_ml"":-205.0,""away_spread_price"":-105.0,""home_ml"":170.0,""home_spread"":5.5,""home_spread_price"":-115.0,""last_update"":null,""market_total"":56.5,""over_price"":-112.0,""provider"":""ActionNetwork book 68"",""source"":""action_network"",""under_price"":-108.0},{""away_ml"":-205.0,""away_spread_price"":-115.0,""home_ml"":168.0,""home_spread"":4.5,""home_spread_price"":-105.0,""last_update"":null,""market_total"":56.5,""over_price"":-115.0,""provider"":""ActionNetwork book 69"",""source"":""action_network"",""under_price"":-105.0},{""away_ml"":-215.0,""away_spread_price"":-113.0,""home_ml"":170.0,""home_spread"":5.5,""home_spread_price"":-110.0,""last_update"":null,""market_total"":57.0,""over_price"":-110.0,""provider"":""ActionNetwork book 71"",""source"":""action_network"",""under_price"":-113.0},{""away_ml"":-210.0,""away_spread_price"":-110.0,""home_ml"":170.0,""home_spread"":5.0,""home_spread_price"":-110.0,""last_update"":null,""market_total"":56.5,""over_price"":-112.0,""provider"":""ActionNetwork book 75"",""source"":""action_network"",""under_price"":-105.0},{""away_ml"":-205.0,""away_spread_price"":null,""home_ml"":170.0,""home_spread"":5.5,""home_spread_price"":null,""last_update"":null,""market_total"":56.5,""over_price"":null,""provider"":""Draft Kings"",""source"":""espn_core"",""under_price"":null}]",4735.260100016666
2026-09-30T12:34:44.393999+00:00,401858248,2026,5,2026-10-03T19:30:00.000Z,Louisville,NC State,Draft Kings,-192.0,160.0,4.0,58.5,3.5,58.5,0.3657683892017183,1.2930100540985752,0.34798527267687634,0.03541901067303195,250.0,-178.0,ActionNetwork book 30,ActionNetwork book 69,7.5,-3.5,-110.0,-108.0,ActionNetwork book 30,ActionNetwork book 49,58.5,59.5,-110.0,-110.0,ActionNetwork book 15,ActionNetwork book 30,8.0,Draft Kings | ActionNetwork book 15 | ActionNetwork book 30 | ActionNetwork book 49 | ActionNetwork book 68 | ActionNetwork book 69 | ActionNetwork book 71 | ActionNetwork book 75,action_network | espn_core,"[{""away_ml"":-185.0,""away_spread_price"":-112.0,""home_ml"":150.0,""home_spread"":3.5,""home_spread_price"":-110.0,""last_update"":null,""market_total"":58.5,""over_price"":-110.0,""provider"":""ActionNetwork book 15"",""source"":""action_network"",""under_price"":-110.0},{""away_ml"":-310.0,""away_spread_price"":-110.0,""home_ml"":250.0,""home_spread"":7.5,""home_spread_price"":-110.0,""last_update"":null,""market_total"":59.5,""over_price"":-110.0,""provider"":""ActionNetwork book 30"",""source"":""action_network"",""under_price"":-110.0},{""away_ml"":-190.0,""away_spread_price"":-108.0,""home_ml"":157.0,""home_spread"":3.5,""home_spread_price"":-112.0,""last_update"":null,""market_total"":58.5,""over_price"":-112.0,""provider"":""ActionNetwork book 49"",""source"":""action_network"",""under_price"":-108.0},{""away_ml"":-192.0,""away_spread_price"":-105.0,""home_ml"":160.0,""home_spread"":4.0,""home_spread_price"":-115.0,""last_update"":null,""market_total"":58.5,""over_price"":-115.0,""provider"":""ActionNetwork book 68"",""source"":""action_network"",""under_price"":-105.0},{""away_ml"":-178.0,""away_spread_price"":-112.0,""home_ml"":146.0,""home_spread"":3.5,""home_spread_price"":-108.0,""last_update"":null,""market_total"":58.5,""over_price"":-110.0,""provider"":""ActionNetwork book 69"",""source"":""action_network"",""under_price"":-110.0},{""away_ml"":-180.0,""away_spread_price"":-114.0,""home_ml"":143.0,""home_spread"":3.5,""home_spread_price"":-109.0,""last_update"":null,""market_total"":59.0,""over_price"":-109.0,""provider"":""ActionNetwork book 71"",""source"":""action_network"",""under_price"":-114.0},{""away_ml"":-185.0,""away_spread_price"":-108.0,""home_ml"":150.0,""home_spread"":3.5,""home_spread_price"":-110.0,""last_update"":null,""market_total"":58.5,""over_price"":-110.0,""provider"":""ActionNetwork book 75"",""source"":""action_network"",""under_price"":-108.0},{""away_ml"":-192.0,""away_spread_price"":null,""home_ml"":160.0,""home_spread"":4.0,""home_spread_price"":null,""last_update"":null,""market_total"":58.5,""over_price"":null,""provider"":""Draft Kings"",""source"":""espn_core"",""under_price"":null}]",4735.260100016666
2026-09-30T12:34:44.393999+00:00,401869962,2026,5,2026-10-03T19:45:00.000Z,Marshall,James Madison,Draft Kings,675.0,-1050.0,-18.5,55.5,-18.5,56.0,0.8775056261550919,1.3228756555322954,0.5,0.017542316170105425,-710.0,900.0,ActionNetwork book 30,ActionNetwork book 71,-14.5,18.5,-110.0,-110.0,ActionNetwork book 30,ActionNetwork book 15,55.5,56.5,-108.0,-110.0,ActionNetwork book 71,ActionNetwork book 30,8.0,Draft Kings | ActionNetwork book 15 | ActionNetwork book 30 | ActionNetwork book 49 | ActionNetwork book 68 | ActionNetwork book 69 | ActionNetwork book 71 | ActionNetwork book 75,action_network | espn_core,"[{""away_ml"":675.0,""away_spread_price"":-110.0,""home_ml"":-1050.0,""home_spread"":-18.5,""home_spread_price"":-110.0,""last_update"":null,""market_total"":56.5,""over_price"":-105.0,""provider"":""ActionNetwork book 15"",""source"":""action_network"",""under_price"":-112.0},{""away_ml"":490.0,""away_spread_price"":-110.0,""home_ml"":-710.0,""home_spread"":-14.5,""home_spread_price"":-110.0,""last_update"":null,""market_total"":56.5,""over_price"":-110.0,""provider"":""ActionNetwork book 30"",""source"":""action_network"",""under_price"":-110.0},{""away_ml"":700.0,""away_spread_price"":-113.0,""home_ml"":-1200.0,""home_spread"":-18.5,""home_spread_price"":-107.0,""last_update"":null,""market_total"":55.5,""over_price"":-118.0,""provider"":""ActionNetwork book 49"",""source"":""action_network"",""under_price"":-103.0},{""away_ml"":675.0,""away_spread_price"":-115.0,""home_ml"":-1050.0,""home_spread"":-18.5,""home_spread_price"":-105.0,""last_update"":null,""market_total"":55.5,""over_price"":-112.0,""provider"":""ActionNetwork book 68"",""source"":""action_network"",""under_price"":-108.0},{""away_ml"":760.0,""away_spread_price"":-110.0,""home_ml"":-1300.0,""home_spread"":-18.5,""home_spread_price"":-110.0,""last_update"":null,""market_total"":56.5,""over_price"":-108.0,""provider"":""ActionNetwork book 69"",""source"":""action_network"",""under_price"":-112.0},{""away_ml"":900.0,""away_spread_price"":-110.0,""home_ml"":-2000.0,""home_spread"":-18.5,""home_spread_price"":-113.0,""last_update"":null,""market_total"":55.5,""over_price"":-108.0,""provider"":""ActionNetwork book 71"",""source"":""action_network"",""under_price"":-113.0},{""away_ml"":700.0,""away_spread_price"":-110.0,""home_ml"":-1000.0,""home_spread"":-18.5,""home_spread_price"":-108.0,""last_update"":null,""market_total"":56.5,""over_price"":-105.0,""provider"":""ActionNetwork book 75"",""source"":""action_network"",""under_price"":-112.0},{""away_ml"":675.0,""away_spread_price"":null,""home_ml"":-1050.0,""home_spread"":-18.5,""home_spread_price"":null,""last_update"":null,""market_total"":55.5,""over_price"":null,""provider"":""Draft Kings"",""source"":""espn_core"",""under_price"":null}]",4750.260100016666
2026-09-30T12:34:44.393999+00:00,401858475,2026,5,2026-10-03T20:00:00.000Z,Maryland,Nebraska,Draft Kings,490.0,-675.0,-14.5,52.5,-14.5,52.5,0.8300970237299418,0.9921567416492215,0.3903123748998999,0.014655850348710973,-480.0,500.0,ActionNetwork book 30,ActionNetwork book 75,-11.5,14.5,-110.0,-108.0,ActionNetwork book 30,ActionNetwork book 68,52.0,53.5,-113.0,-110.0,ActionNetwork book 71,ActionNetwork book 30,8.0,Draft Kings | ActionNetwork book 15 | ActionNetwork book 30 | ActionNetwork book 49 | ActionNetwork book 68 | ActionNetwork book 69 | ActionNetwork book 71 | ActionNetwork book 75,action_network | espn_core,"[{""away_ml"":490.0,""away_spread_price"":-110.0,""home_ml"":-690.0,""home_spread"":-14.5,""home_spread_price"":-112.0,""last_update"":null,""market_total"":52.5,""over_price"":-108.0,""provider"":""ActionNetwork book 15"",""source"":""action_network"",""under_price"":-115.0},{""away_ml"":360.0,""away_spread_price"":-110.0,""home_ml"":-480.0,""home_spread"":-11.5,""home_spread_price"":-110.0,""last_update"":null,""market_total"":53.5,""over_price"":-110.0,""provider"":""ActionNetwork book 30"",""source"":""action_network"",""under_price"":-110.0},{""away_ml"":475.0,""away_spread_price"":-109.0,""home_ml"":-675.0,""home_spread"":-14.5,""home_spread_price"":-110.0,""last_update"":null,""market_total"":52.5,""over_price"":-106.0,""provider"":""ActionNetwork book 49"",""source"":""action_network"",""under_price"":-114.0},{""away_ml"":490.0,""away_spread_price"":-108.0,""home_ml"":-675.0,""home_spread"":-14.5,""home_spread_price"":-112.0,""last_update"":null,""market_total"":52.5,""over_price"":-105.0,""provider"":""ActionNetwork book 68"",""source"":""action_network"",""under_price"":-115.0},{""away_ml"":480.0,""away_spread_price"":-110.0,""home_ml"":-690.0,""home_spread"":-14.5,""home_spread_price"":-110.0,""last_update"":null,""market_total"":52.5,""over_price"":-110.0,""provider"":""ActionNetwork book 69"",""source"":""action_network"",""under_price"":-110.0},{""away_ml"":460.0,""away_spread_price"":-110.0,""home_ml"":-670.0,""home_spread"":-14.5,""home_spread_price"":-113.0,""last_update"":null,""market_total"":52.0,""over_price"":-113.0,""provider"":""ActionNetwork book 71"",""source"":""action_network"",""under_price"":-109.0},{""away_ml"":500.0,""away_spread_price"":-110.0,""home_ml"":-650.0,""home_spread"":-14.5,""home_spread_price"":-108.0,""last_update"":null,""market_total"":52.5,""over_price"":-108.0,""provider"":""ActionNetwork book 75"",""source"":""action_network"",""under_price"":-110.0},{""away_ml"":490.0,""away_spread_price"":null,""home_ml"":-675.0,""home_spread"":-14.5,""home_spread_price"":null,""last_update"":null,""market_total"":52.5,""over_price"":null,""provider"":""Draft Kings"",""source"":""espn_core"",""under_price"":null}]",4765.260100016666
2026-09-30T12:34:44.393999+00:00,401864514,2026,5,2026-10-03T20:00:00.000Z,UTEP,New Mexico,Draft Kings,1100.0,-2100.0,-22.5,48.5,-22.5,48.5,0.9234406285242108,0.6343057228182637,1.653594569415369,0.004007445089738864,-2000.0,1300.0,ActionNetwork book 75,ActionNetwork book 71,-21.0,23.5,-110.0,-110.0,ActionNetwork book 30,ActionNetwork book 71,48.5,53.5,-112.0,-110.0,ActionNetwork book 75,ActionNetwork book 30,8.0,Draft Kings | ActionNetwork book 15 | ActionNetwork book 30 | ActionNetwork book 49 | ActionNetwork book 68 | ActionNetwork book 69 | ActionNetwork book 71 | ActionNetwork book 75,action_network | espn_core,"[{""away_ml"":1150.0,""away_spread_price"":-110.0,""home_ml"":-2400.0,""home_spread"":-22.5,""home_spread_price"":-110.0,""last_update"":null,""market_total"":48.5,""over_price"":-115.0,""provider"":""ActionNetwork book 15"",""source"":""action_network"",""under_price"":-105.0},{""away_ml"":1100.0,""away_spread_price"":-110.0,""home_ml"":-2100.0,""home_spread"":-21.0,""home_spread_price"":-110.0,""last_update"":null,""market_total"":53.5,""over_price"":-110.0,""provider"":""ActionNetwork book 30"",""source"":""action_network"",""under_price"":-110.0},{""away_ml"":1200.0,""away_spread_price"":-110.0,""home_ml"":-3500.0,""home_spread"":-22.5,""home_spread_price"":-110.0,""last_update"":null,""market_total"":48.5,""over_price"":-118.0,""provider"":""ActionNetwork book 49"",""source"":""action_network"",""under_price"":-103.0},{""away_ml"":1100.0,""away_spread_price"":-108.0,""home_ml"":-2100.0,""home_spread"":-22.5,""home_spread_price"":-112.0,""last_update"":null,""market_total"":48.5,""over_price"":-115.0,""provider"":""ActionNetwork book 68"",""source"":""action_network"",""under_price"":-105.0},{""away_ml"":1160.0,""away_spread_price"":-110.0,""home_ml"":-2800.0,""home_spread"":-22.5,""home_spread_price"":-110.0,""last_update"":null,""market_total"":48.5,""over_price"":-115.0,""provider"":""ActionNetwork book 69"",""source"":""action_network"",""under_price"":-105.0},{""away_ml"":1300.0,""away_spread_price"":-110.0,""home_ml"":-5000.0,""home_spread"":-23.5,""home_spread_price"":-113.0,""last_update"":null,""market_total"":48.5,""over_price"":-113.0,""provider"":""ActionNetwork book 71"",""source"":""action_network"",""under_price"":-109.0},{""away_ml"":1150.0,""away_spread_price"":-108.0,""home_ml"":-2000.0,""home_spread"":-22.5,""home_spread_price"":-110.0,""last_update"":null,""market_total"":48.5,""over_price"":-112.0,""provider"":""ActionNetwork book 75"",""source"":""action_network"",""under_price"":-105.0},{""away_ml"":1100.0,""away_spread_price"":null,""home_ml"":-2100.0,""home_spread"":-22.5,""home_spread_price"":null,""last_update"":null,""market_total"":48.5,""over_price"":null,""provider"":""Draft Kings"",""source"":""espn_core"",""under_price"":null}]",4765.260100016666
2026-09-30T12:34:44.393999+00:00,401858472,2026,5,2026-10-03T20:15:00.000Z,Purdue,Illinois,Draft Kings,295.0,-375.0,-10.0,61.5,-10.0,61.5,0.7603136318258538,0.25,0.9921567416492215,0.008938043308770835,-365.0,335.0,ActionNetwork book 30,ActionNetwork book 71,-9.5,10.5,-110.0,-120.0,ActionNetwork book 30,ActionNetwork book 69,58.5,61.5,-110.0,-108.0,ActionNetwork book 30,ActionNetwork book 68,8.0,Draft Kings | ActionNetwork book 15 | ActionNetwork book 30 | ActionNetwork book 49 | ActionNetwork book 68 | ActionNetwork book 69 | ActionNetwork book 71 | ActionNetwork book 75,action_network | espn_core,"[{""away_ml"":295.0,""away_spread_price"":-110.0,""home_ml"":-375.0,""home_spread"":-10.0,""home_spread_price"":-110.0,""last_update"":null,""market_total"":61.5,""over_price"":-110.0,""provider"":""ActionNetwork book 15"",""source"":""action_network"",""under_price"":-110.0},{""away_ml"":285.0,""away_spread_price"":-110.0,""home_ml"":-365.0,""home_spread"":-9.5,""home_spread_price"":-110.0,""last_update"":null,""market_total"":58.5,""over_price"":-110.0,""provider"":""ActionNetwork book 30"",""source"":""action_network"",""under_price"":-110.0},{""away_ml"":305.0,""away_spread_price"":-112.0,""home_ml"":-390.0,""home_spread"":-10.0,""home_spread_price"":-108.0,""last_update"":null,""market_total"":61.5,""over_price"":-108.0,""provider"":""ActionNetwork book 49"",""source"":""action_network"",""under_price"":-112.0},{""away_ml"":295.0,""away_spread_price"":-110.0,""home_ml"":-375.0,""home_spread"":-10.0,""home_spread_price"":-110.0,""last_update"":null,""market_total"":61.5,""over_price"":-112.0,""provider"":""ActionNetwork book 68"",""source"":""action_network"",""under_price"":-108.0},{""away_ml"":285.0,""away_spread_price"":-120.0,""home_ml"":-365.0,""home_spread"":-10.5,""home_spread_price"":-102.0,""last_update"":null,""market_total"":61.5,""over_price"":-108.0,""provider"":""ActionNetwork book 69"",""source"":""action_network"",""under_price"":-112.0},{""away_ml"":335.0,""away_spread_price"":-108.0,""home_ml"":-455.0,""home_spread"":-10.0,""home_spread_price"":-115.0,""last_update"":null,""market_total"":61.5,""over_price"":-109.0,""provider"":""ActionNetwork book 71"",""source"":""action_network"",""under_price"":-114.0},{""away_ml"":310.0,""away_spread_price"":-110.0,""home_ml"":-375.0,""home_spread"":-10.0,""home_spread_price"":-108.0,""last_update"":null,""market_total"":61.5,""over_price"":-110.0,""provider"":""ActionNetwork book 75"",""source"":""action_network"",""under_price"":-108.0},{""away_ml"":295.0,""away_spread_price"":null,""home_ml"":-375.0,""home_spread"":-10.0,""home_spread_price"":null,""last_update"":null,""market_total"":61.5,""over_price"":null,""provider"":""Draft Kings"",""source"":""espn_core"",""under_price"":null}]",4780.260100016666
2026-09-30T12:34:44.393999+00:00,401856709,2026,5,2026-10-03T20:15:00.000Z,Kentucky,South Carolina,Draft Kings,124.0,-148.0,-3.0,53.5,-3.0,53.5,0.584133761723508,1.3564084008881692,1.3228756555322954,0.04428546467332433,-140.0,220.0,ActionNetwork book 75,ActionNetwork book 30,-2.5,7.0,-120.0,-110.0,ActionNetwork book 69,ActionNetwork book 30,49.5,53.5,-110.0,-108.0,ActionNetwork book 30,ActionNetwork book 49,8.0,Draft Kings | ActionNetwork book 15 | ActionNetwork book 30 | ActionNetwork book 49 | ActionNetwork book 68 | ActionNetwork book 69 | ActionNetwork book 71 | ActionNetwork book 75,action_network | espn_core,"[{""away_ml"":118.0,""away_spread_price"":-115.0,""home_ml"":-145.0,""home_spread"":-3.0,""home_spread_price"":-108.0,""last_update"":null,""market_total"":53.5,""over_price"":-110.0,""provider"":""ActionNetwork book 15"",""source"":""action_network"",""under_price"":-110.0},{""away_ml"":220.0,""away_spread_price"":-110.0,""home_ml"":-270.0,""home_spread"":-7.0,""home_spread_price"":-110.0,""last_update"":null,""market_total"":49.5,""over_price"":-110.0,""provider"":""ActionNetwork book 30"",""source"":""action_network"",""under_price"":-110.0},{""away_ml"":126.0,""away_spread_price"":-104.0,""home_ml"":-148.0,""home_spread"":-3.0,""home_spread_price"":-117.0,""last_update"":null,""market_total"":53.5,""over_price"":-112.0,""provider"":""ActionNetwork book 49"",""source"":""action_network"",""under_price"":-108.0},{""away_ml"":124.0,""away_spread_price"":-115.0,""home_ml"":-148.0,""home_spread"":-3.0,""home_spread_price"":-105.0,""last_update"":null,""market_total"":53.5,""over_price"":-108.0,""provider"":""ActionNetwork book 68"",""source"":""action_network"",""under_price"":-112.0},{""away_ml"":118.0,""away_spread_price"":-102.0,""home_ml"":-142.0,""home_spread"":-2.5,""home_spread_price"":-120.0,""last_update"":null,""market_total"":53.5,""over_price"":-112.0,""provider"":""ActionNetwork book 69"",""source"":""action_network"",""under_price"":-108.0},{""away_ml"":123.0,""away_spread_price"":-117.0,""home_ml"":-152.0,""home_spread"":-3.0,""home_spread_price"":-107.0,""last_update"":null,""market_total"":53.5,""over_price"":-110.0,""provider"":""ActionNetwork book 71"",""source"":""action_network"",""under_price"":-113.0},{""away_ml"":115.0,""away_spread_price"":-120.0,""home_ml"":-140.0,""home_spread"":-3.0,""home_spread_price"":-108.0,""last_update"":null,""market_total"":53.5,""over_price"":-108.0,""provider"":""ActionNetwork book 75"",""source"":""action_network"",""under_price"":-110.0},{""away_ml"":124.0,""away_spread_price"":null,""home_ml"":-148.0,""home_spread"":-3.0,""home_spread_price"":null,""last_update"":null,""market_total"":53.5,""over_price"":null,""provider"":""Draft Kings"",""source"":""espn_core"",""under_price"":null}]",4780.260100016666
2026-09-30T12:34:44.393999+00:00,401860899,2026,5,2026-10-03T22:00:00.000Z,Oregon State,Colorado State,Draft Kings,-238.0,195.0,6.0,62.5,6.5,62.25,0.32697769471986493,0.3535533905932738,1.911110606427582,0.01023826319138016,205.0,-210.0,ActionNetwork book 69,ActionNetwork book 30,6.5,-5.5,-104.0,-110.0,ActionNetwork book 69,ActionNetwork book 30,56.5,62.5,-110.0,-115.0,ActionNetwork book 30,ActionNetwork book 15,8.0,Draft Kings | ActionNetwork book 15 | ActionNetwork book 30 | ActionNetwork book 49 | ActionNetwork book 68 | ActionNetwork book 69 | ActionNetwork book 71 | ActionNetwork book 75,action_network | espn_core,"[{""away_ml"":-240.0,""away_spread_price"":-118.0,""home_ml"":195.0,""home_spread"":6.5,""home_spread_price"":-108.0,""last_update"":null,""market_total"":62.5,""over_price"":-105.0,""provider"":""ActionNetwork book 15"",""source"":""action_network"",""under_price"":-115.0},{""away_ml"":-210.0,""away_spread_price"":-110.0,""home_ml"":172.0,""home_spread"":5.5,""home_spread_price"":-110.0,""last_update"":null,""market_total"":56.5,""over_price"":-110.0,""provider"":""ActionNetwork book 30"",""source"":""action_network"",""under_price"":-110.0},{""away_ml"":-235.0,""away_spread_price"":-113.0,""home_ml"":193.0,""home_spread"":6.5,""home_spread_price"":-107.0,""last_update"":null,""market_total"":62.0,""over_price"":-112.0,""provider"":""ActionNetwork book 49"",""source"":""action_network"",""under_price"":-108.0},{""away_ml"":-238.0,""away_spread_price"":-115.0,""home_ml"":195.0,""home_spread"":6.0,""home_spread_price"":-105.0,""last_update"":null,""market_total"":62.5,""over_price"":-105.0,""provider"":""ActionNetwork book 68"",""source"":""action_network"",""under_price"":-115.0},{""away_ml"":-255.0,""away_spread_price"":-118.0,""home_ml"":205.0,""home_spread"":6.5,""home_spread_price"":-104.0,""last_update"":null,""market_total"":62.5,""over_price"":-105.0,""provider"":""ActionNetwork book 69"",""source"":""action_network"",""under_price"":-115.0},{""away_ml"":-245.0,""away_spread_price"":-114.0,""home_ml"":190.0,""home_spread"":6.5,""home_spread_price"":-109.0,""last_update"":null,""market_total"":61.5,""over_price"":-113.0,""provider"":""ActionNetwork book 71"",""source"":""action_network"",""under_price"":-110.0},{""away_ml"":-235.0,""away_spread_price"":-112.0,""home_ml"":200.0,""home_spread"":6.5,""home_spread_price"":-108.0,""last_update"":null,""market_total"":61.5,""over_price"":-112.0,""provider"":""ActionNetwork book 75"",""source"":""action_network"",""under_price"":-105.0},{""away_ml"":-238.0,""away_spread_price"":null,""home_ml"":195.0,""home_spread"":6.0,""home_spread_price"":null,""last_update"":null,""market_total"":62.5,""over_price"":null,""provider"":""Draft Kings"",""source"":""espn_core"",""under_price"":null}]",4885.260100016666
2026-09-30T12:34:44.393999+00:00,401869942,2026,5,2026-10-03T23:00:00.000Z,Georgia Southern,Coastal Carolina,Draft Kings,-135.0,114.0,2.5,54.5,2.5,54.25,0.46231147296493813,1.3095204274848102,0.6817945071647321,0.017505477377007084,114.0,-108.0,Draft Kings,ActionNetwork book 30,2.5,1.5,-110.0,-115.0,ActionNetwork book 15,ActionNetwork book 30,52.5,54.5,-110.0,-115.0,ActionNetwork book 30,ActionNetwork book 15,8.0,Draft Kings | ActionNetwork book 15 | ActionNetwork book 30 | ActionNetwork book 49 | ActionNetwork book 68 | ActionNetwork book 69 | ActionNetwork book 71 | ActionNetwork book 75,action_network | espn_core,"[{""away_ml"":-135.0,""away_spread_price"":-110.0,""home_ml"":110.0,""home_spread"":2.5,""home_spread_price"":-110.0,""last_update"":null,""market_total"":54.5,""over_price"":-105.0,""provider"":""ActionNetwork book 15"",""source"":""action_network"",""under_price"":-115.0},{""away_ml"":-108.0,""away_spread_price"":-115.0,""home_ml"":-112.0,""home_spread"":-1.5,""home_spread_price"":-105.0,""last_update"":null,""market_total"":52.5,""over_price"":-110.0,""provider"":""ActionNetwork book 30"",""source"":""action_network"",""under_price"":-110.0},{""away_ml"":-130.0,""away_spread_price"":-109.0,""home_ml"":110.0,""home_spread"":2.5,""home_spread_price"":-112.0,""last_update"":null,""market_total"":54.0,""over_price"":-110.0,""provider"":""ActionNetwork book 49"",""source"":""action_network"",""under_price"":-109.0},{""away_ml"":-135.0,""away_spread_price"":-110.0,""home_ml"":114.0,""home_spread"":2.5,""home_spread_price"":-110.0,""last_update"":null,""market_total"":54.5,""over_price"":-105.0,""provider"":""ActionNetwork book 68"",""source"":""action_network"",""under_price"":-115.0},{""away_ml"":-132.0,""away_spread_price"":-110.0,""home_ml"":110.0,""home_spread"":2.5,""home_spread_price"":-110.0,""last_update"":null,""market_total"":53.5,""over_price"":-115.0,""provider"":""ActionNetwork book 69"",""source"":""action_network"",""under_price"":-105.0},{""away_ml"":-125.0,""away_spread_price"":-108.0,""home_ml"":100.0,""home_spread"":2.0,""home_spread_price"":-115.0,""last_update"":null,""market_total"":53.5,""over_price"":-113.0,""provider"":""ActionNetwork book 71"",""source"":""action_network"",""under_price"":-110.0},{""away_ml"":-130.0,""away_spread_price"":-108.0,""home_ml"":110.0,""home_spread"":2.5,""home_spread_price"":-110.0,""last_update"":null,""market_total"":54.5,""over_price"":-105.0,""provider"":""ActionNetwork book 75"",""source"":""action_network"",""under_price"":-115.0},{""away_ml"":-135.0,""away_spread_price"":null,""home_ml"":114.0,""home_spread"":2.5,""home_spread_price"":null,""last_update"":null,""market_total"":54.5,""over_price"":null,""provider"":""Draft Kings"",""source"":""espn_core"",""under_price"":null}]",4945.260100016666
2026-09-30T12:34:44.393999+00:00,401856711,2026,5,2026-10-03T23:00:00.000Z,Arkansas,Texas A&M,Draft Kings,455.0,-625.0,-14.0,50.5,-14.0,50.5,0.830800841545891,0.5,0.33071891388307384,0.008717126460510528,-600.0,550.0,ActionNetwork book 75,ActionNetwork book 30,-14.0,15.5,-105.0,-110.0,ActionNetwork book 15,ActionNetwork book 30,50.5,51.5,-110.0,-110.0,ActionNetwork book 75,ActionNetwork book 30,8.0,Draft Kings | ActionNetwork book 15 | ActionNetwork book 30 | ActionNetwork book 49 | ActionNetwork book 68 | ActionNetwork book 69 | ActionNetwork book 71 | ActionNetwork book 75,action_network | espn_core,"[{""away_ml"":455.0,""away_spread_price"":-118.0,""home_ml"":-625.0,""home_spread"":-14.0,""home_spread_price"":-105.0,""last_update"":null,""market_total"":50.5,""over_price"":-112.0,""provider"":""ActionNetwork book 15"",""source"":""action_network"",""under_price"":-108.0},{""away_ml"":550.0,""away_spread_price"":-110.0,""home_ml"":-820.0,""home_spread"":-15.5,""home_spread_price"":-110.0,""last_update"":null,""market_total"":51.5,""over_price"":-110.0,""provider"":""ActionNetwork book 30"",""source"":""action_network"",""under_price"":-110.0},{""away_ml"":475.0,""away_spread_price"":-109.0,""home_ml"":-675.0,""home_spread"":-14.0,""home_spread_price"":-112.0,""last_update"":null,""market_total"":50.5,""over_price"":-114.0,""provider"":""ActionNetwork book 49"",""source"":""action_network"",""under_price"":-106.0},{""away_ml"":455.0,""away_spread_price"":-110.0,""home_ml"":-625.0,""home_spread"":-14.0,""home_spread_price"":-110.0,""last_update"":null,""market_total"":50.5,""over_price"":-112.0,""provider"":""ActionNetwork book 68"",""source"":""action_network"",""under_price"":-108.0},{""away_ml"":460.0,""away_spread_price"":-122.0,""home_ml"":-650.0,""home_spread"":-14.5,""home_spread_price"":-100.0,""last_update"":null,""market_total"":50.5,""over_price"":-114.0,""provider"":""ActionNetwork book 69"",""source"":""action_network"",""under_price"":-106.0},{""away_ml"":440.0,""away_spread_price"":-112.0,""home_ml"":-670.0,""home_spread"":-14.0,""home_spread_price"":-112.0,""last_update"":null,""market_total"":50.5,""over_price"":-114.0,""provider"":""ActionNetwork book 71"",""source"":""action_network"",""under_price"":-109.0},{""away_ml"":450.0,""away_spread_price"":-112.0,""home_ml"":-600.0,""home_spread"":-14.0,""home_spread_price"":-105.0,""last_update"":null,""market_total"":50.5,""over_price"":-110.0,""provider"":""ActionNetwork book 75"",""source"":""action_network"",""under_price"":-108.0},{""away_ml"":455.0,""away_spread_price"":null,""home_ml"":-625.0,""home_spread"":-14.0,""home_spread_price"":null,""last_update"":null,""market_total"":50.5,""over_price"":null,""provider"":""Draft Kings"",""source"":""espn_core"",""under_price"":null}]",4945.260100016666
2026-09-30T12:34:44.393999+00:00,401856818,2026,5,2026-10-03T23:00:00.000Z,BYU,TCU,Draft Kings,-250.0,205.0,6.5,47.5,6.5,47.5,0.3247925977159602,0.33071891388307384,1.653594569415369,0.015612275342473775,205.0,-198.0,Draft Kings,ActionNetwork book 30,6.5,-5.5,-108.0,-110.0,ActionNetwork book 49,ActionNetwork book 30,47.5,52.5,-108.0,-110.0,ActionNetwork book 69,ActionNetwork book 30,8.0,Draft Kings | ActionNetwork book 15 | ActionNetwork book 30 | ActionNetwork book 49 | ActionNetwork book 68 | ActionNetwork book 69 | ActionNetwork book 71 | ActionNetwork book 75,action_network | espn_core,"[{""away_ml"":-245.0,""away_spread_price"":-110.0,""home_ml"":200.0,""home_spread"":6.5,""home_spread_price"":-110.0,""last_update"":null,""market_total"":47.5,""over_price"":-110.0,""provider"":""ActionNetwork book 15"",""source"":""action_network"",""under_price"":-110.0},{""away_ml"":-198.0,""away_spread_price"":-110.0,""home_ml"":164.0,""home_spread"":5.5,""home_spread_price"":-110.0,""last_update"":null,""market_total"":52.5,""over_price"":-110.0,""provider"":""ActionNetwork book 30"",""source"":""action_network"",""under_price"":-110.0},{""away_ml"":-245.0,""away_spread_price"":-112.0,""home_ml"":200.0,""home_spread"":6.5,""home_spread_price"":-108.0,""last_update"":null,""market_total"":47.5,""over_price"":-117.0,""provider"":""ActionNetwork book 49"",""source"":""action_network"",""under_price"":-104.0},{""away_ml"":-250.0,""away_spread_price"":-112.0,""home_ml"":205.0,""home_spread"":6.5,""home_spread_price"":-108.0,""last_update"":null,""market_total"":47.5,""over_price"":-115.0,""provider"":""ActionNetwork book 68"",""source"":""action_network"",""under_price"":-105.0},{""away_ml"":-230.0,""away_spread_price"":-110.0,""home_ml"":188.0,""home_spread"":6.5,""home_spread_price"":-110.0,""last_update"":null,""market_total"":47.5,""over_price"":-108.0,""provider"":""ActionNetwork book 69"",""source"":""action_network"",""under_price"":-112.0},{""away_ml"":-275.0,""away_spread_price"":-109.0,""home_ml"":200.0,""home_spread"":6.5,""home_spread_price"":-113.0,""last_update"":null,""market_total"":47.5,""over_price"":-108.0,""provider"":""ActionNetwork book 71"",""source"":""action_network"",""under_price"":-115.0},{""away_ml"":-235.0,""away_spread_price"":-110.0,""home_ml"":200.0,""home_spread"":6.5,""home_spread_price"":-110.0,""last_update"":null,""market_total"":47.5,""over_price"":-110.0,""provider"":""ActionNetwork book 75"",""source"":""action_network"",""under_price"":-108.0},{""away_ml"":-250.0,""away_spread_price"":null,""home_ml"":205.0,""home_spread"":6.5,""home_spread_price"":null,""last_update"":null,""market_total"":47.5,""over_price"":null,""provider"":""Draft Kings"",""source"":""espn_core"",""under_price"":null}]",4945.260100016666
2026-09-30T12:34:44.393999+00:00,401862788,2026,5,2026-10-03T23:00:00.000Z,UTSA,Rice,Draft Kings,-455.0,350.0,11.5,55.5,11.5,55.5,0.2087692216922762,0.5,0.9921567416492215,0.007799928553912238,385.0,-450.0,ActionNetwork book 69,ActionNetwork book 30,12.5,-10.5,-113.0,-110.0,ActionNetwork book 71,ActionNetwork book 30,52.5,55.5,-110.0,-105.0,ActionNetwork book 30,ActionNetwork book 68,8.0,Draft Kings | ActionNetwork book 15 | ActionNetwork book 30 | ActionNetwork book 49 | ActionNetwork book 68 | ActionNetwork book 69 | ActionNetwork book 71 | ActionNetwork book 75,action_network | espn_core,"[{""away_ml"":-475.0,""away_spread_price"":-110.0,""home_ml"":350.0,""home_spread"":11.5,""home_spread_price"":-110.0,""last_update"":null,""market_total"":55.5,""over_price"":-112.0,""provider"":""ActionNetwork book 15"",""source"":""action_network"",""under_price"":-110.0},{""away_ml"":-450.0,""away_spread_price"":-110.0,""home_ml"":340.0,""home_spread"":10.5,""home_spread_price"":-110.0,""last_update"":null,""market_total"":52.5,""over_price"":-110.0,""provider"":""ActionNetwork book 30"",""source"":""action_network"",""under_price"":-110.0},{""away_ml"":-460.0,""away_spread_price"":-113.0,""home_ml"":340.0,""home_spread"":11.5,""home_spread_price"":-107.0,""last_update"":null,""market_total"":55.5,""over_price"":-113.0,""provider"":""ActionNetwork book 49"",""source"":""action_network"",""under_price"":-107.0},{""away_ml"":-455.0,""away_spread_price"":-108.0,""home_ml"":350.0,""home_spread"":11.5,""home_spread_price"":-112.0,""last_update"":null,""market_total"":55.5,""over_price"":-115.0,""provider"":""ActionNetwork book 68"",""source"":""action_network"",""under_price"":-105.0},{""away_ml"":-520.0,""away_spread_price"":-115.0,""home_ml"":385.0,""home_spread"":11.5,""home_spread_price"":-105.0,""last_update"":null,""market_total"":55.5,""over_price"":-108.0,""provider"":""ActionNetwork book 69"",""source"":""action_network"",""under_price"":-112.0},{""away_ml"":-560.0,""away_spread_price"":-109.0,""home_ml"":380.0,""home_spread"":12.5,""home_spread_price"":-113.0,""last_update"":null,""market_total"":55.5,""over_price"":-112.0,""provider"":""ActionNetwork book 71"",""source"":""action_network"",""under_price"":-112.0},{""away_ml"":-475.0,""away_spread_price"":-108.0,""home_ml"":375.0,""home_spread"":11.5,""home_spread_price"":-110.0,""last_update"":null,""market_total"":55.5,""over_price"":-112.0,""provider"":""ActionNetwork book 75"",""source"":""action_network"",""under_price"":-105.0},{""away_ml"":-455.0,""away_spread_price"":null,""home_ml"":350.0,""home_spread"":11.5,""home_spread_price"":null,""last_update"":null,""market_total"":55.5,""over_price"":null,""provider"":""Draft Kings"",""source"":""espn_core"",""under_price"":null}]",4945.260100016666
2026-09-30T12:34:44.393999+00:00,401871089,2026,5,2026-10-03T23:00:00.000Z,UL Monroe,South Alabama,Draft Kings,440.0,-600.0,-14.0,57.5,-14.0,57.5,0.8295309782455771,0.5448623679425842,0.982264602843857,0.009023533791914978,-600.0,540.0,Draft Kings,ActionNetwork book 30,-13.5,15.5,-115.0,-110.0,ActionNetwork book 69,ActionNetwork book 30,54.5,57.5,-110.0,-108.0,ActionNetwork book 30,ActionNetwork book 69,8.0,Draft Kings | ActionNetwork book 15 | ActionNetwork book 30 | ActionNetwork book 49 | ActionNetwork book 68 | ActionNetwork book 69 | ActionNetwork book 71 | ActionNetwork book 75,action_network | espn_core,"[{""away_ml"":450.0,""away_spread_price"":-110.0,""home_ml"":-600.0,""home_spread"":-14.0,""home_spread_price"":-110.0,""last_update"":null,""market_total"":57.5,""over_price"":-108.0,""provider"":""ActionNetwork book 15"",""source"":""action_network"",""under_price"":-112.0},{""away_ml"":540.0,""away_spread_price"":-110.0,""home_ml"":-820.0,""home_spread"":-15.5,""home_spread_price"":-110.0,""last_update"":null,""market_total"":54.5,""over_price"":-110.0,""provider"":""ActionNetwork book 30"",""source"":""action_network"",""under_price"":-110.0},{""away_ml"":450.0,""away_spread_price"":-114.0,""home_ml"":-625.0,""home_spread"":-14.0,""home_spread_price"":-106.0,""last_update"":null,""market_total"":57.0,""over_price"":-113.0,""provider"":""ActionNetwork book 49"",""source"":""action_network"",""under_price"":-107.0},{""away_ml"":440.0,""away_spread_price"":-112.0,""home_ml"":-600.0,""home_spread"":-14.0,""home_spread_price"":-108.0,""last_update"":null,""market_total"":57.5,""over_price"":-108.0,""provider"":""ActionNetwork book 68"",""source"":""action_network"",""under_price"":-112.0},{""away_ml"":460.0,""away_spread_price"":-105.0,""home_ml"":-650.0,""home_spread"":-13.5,""home_spread_price"":-115.0,""last_update"":null,""market_total"":57.5,""over_price"":-112.0,""provider"":""ActionNetwork book 69"",""source"":""action_network"",""under_price"":-108.0},{""away_ml"":480.0,""away_spread_price"":-113.0,""home_ml"":-715.0,""home_spread"":-14.0,""home_spread_price"":-109.0,""last_update"":null,""market_total"":56.5,""over_price"":-113.0,""provider"":""ActionNetwork book 71"",""source"":""action_network"",""under_price"":-108.0},{""away_ml"":450.0,""away_spread_price"":-110.0,""home_ml"":-600.0,""home_spread"":-14.0,""home_spread_price"":-108.0,""last_update"":null,""market_total"":57.5,""over_price"":-108.0,""provider"":""ActionNetwork book 75"",""source"":""action_network"",""under_price"":-110.0},{""away_ml"":440.0,""away_spread_price"":null,""home_ml"":-600.0,""home_spread"":-14.0,""home_spread_price"":null,""last_update"":null,""market_total"":57.5,""over_price"":null,""provider"":""Draft Kings"",""source"":""espn_core"",""under_price"":null}]",4945.260100016666
2026-09-30T12:34:44.393999+00:00,401862792,2026,5,2026-10-03T23:30:00.000Z,Temple,South Florida,Draft Kings,195.0,-238.0,-6.5,48.5,-6.5,48.5,0.6760741323589687,0.16535945694153692,1.653594569415369,0.005086095924564777,-235.0,205.0,ActionNetwork book 71,ActionNetwork book 69,-6.0,6.5,-113.0,-104.0,ActionNetwork book 71,ActionNetwork book 69,48.5,53.5,-105.0,-110.0,ActionNetwork book 75,ActionNetwork book 30,8.0,Draft Kings | ActionNetwork book 15 | ActionNetwork book 30 | ActionNetwork book 49 | ActionNetwork book 68 | ActionNetwork book 69 | ActionNetwork book 71 | ActionNetwork book 75,action_network | espn_core,"[{""away_ml"":195.0,""away_spread_price"":-112.0,""home_ml"":-240.0,""home_spread"":-6.5,""home_spread_price"":-110.0,""last_update"":null,""market_total"":48.5,""over_price"":-108.0,""provider"":""ActionNetwork book 15"",""source"":""action_network"",""under_price"":-112.0},{""away_ml"":195.0,""away_spread_price"":-110.0,""home_ml"":-240.0,""home_spread"":-6.5,""home_spread_price"":-110.0,""last_update"":null,""market_total"":53.5,""over_price"":-110.0,""provider"":""ActionNetwork book 30"",""source"":""action_network"",""under_price"":-110.0},{""away_ml"":196.0,""away_spread_price"":-110.0,""home_ml"":-240.0,""home_spread"":-6.5,""home_spread_price"":-110.0,""last_update"":null,""market_total"":48.5,""over_price"":-108.0,""provider"":""ActionNetwork book 49"",""source"":""action_network"",""under_price"":-112.0},{""away_ml"":195.0,""away_spread_price"":-112.0,""home_ml"":-238.0,""home_spread"":-6.5,""home_spread_price"":-108.0,""last_update"":null,""market_total"":48.5,""over_price"":-108.0,""provider"":""ActionNetwork book 68"",""source"":""action_network"",""under_price"":-112.0},{""away_ml"":205.0,""away_spread_price"":-104.0,""home_ml"":-255.0,""home_spread"":-6.5,""home_spread_price"":-118.0,""last_update"":null,""market_total"":48.5,""over_price"":-108.0,""provider"":""ActionNetwork book 69"",""source"":""action_network"",""under_price"":-112.0},{""away_ml"":185.0,""away_spread_price"":-109.0,""home_ml"":-235.0,""home_spread"":-6.0,""home_spread_price"":-113.0,""last_update"":null,""market_total"":48.5,""over_price"":-115.0,""provider"":""ActionNetwork book 71"",""source"":""action_network"",""under_price"":-108.0},{""away_ml"":200.0,""away_spread_price"":-108.0,""home_ml"":-235.0,""home_spread"":-6.5,""home_spread_price"":-110.0,""last_update"":null,""market_total"":48.5,""over_price"":-105.0,""provider"":""ActionNetwork book 75"",""source"":""action_network"",""under_price"":-115.0},{""away_ml"":195.0,""away_spread_price"":null,""home_ml"":-238.0,""home_spread"":-6.5,""home_spread_price"":null,""last_update"":null,""market_total"":48.5,""over_price"":null,""provider"":""Draft Kings"",""source"":""espn_core"",""under_price"":null}]",4975.260100016666
2026-09-30T12:34:44.393999+00:00,401869842,2026,5,2026-10-03T23:30:00.000Z,Army,Louisiana Tech,Draft Kings,-130.0,110.0,2.5,46.5,2.5,46.5,0.4512362894159789,0.3903123748998999,0.6614378277661477,0.023344864056978446,145.0,-125.0,ActionNetwork book 30,ActionNetwork book 75,3.5,-2.0,-110.0,-113.0,ActionNetwork book 30,ActionNetwork book 71,44.5,46.5,-110.0,-108.0,ActionNetwork book 30,ActionNetwork book 75,8.0,Draft Kings | ActionNetwork book 15 | ActionNetwork book 30 | ActionNetwork book 49 | ActionNetwork book 68 | ActionNetwork book 69 | ActionNetwork book 71 | ActionNetwork book 75,action_network | espn_core,"[{""away_ml"":-130.0,""away_spread_price"":-108.0,""home_ml"":106.0,""home_spread"":2.5,""home_spread_price"":-112.0,""last_update"":null,""market_total"":46.5,""over_price"":-110.0,""provider"":""ActionNetwork book 15"",""source"":""action_network"",""under_price"":-110.0},{""away_ml"":-175.0,""away_spread_price"":-110.0,""home_ml"":145.0,""home_spread"":3.5,""home_spread_price"":-110.0,""last_update"":null,""market_total"":44.5,""over_price"":-110.0,""provider"":""ActionNetwork book 30"",""source"":""action_network"",""under_price"":-110.0},{""away_ml"":-134.0,""away_spread_price"":-108.0,""home_ml"":113.0,""home_spread"":2.5,""home_spread_price"":-112.0,""last_update"":null,""market_total"":46.5,""over_price"":-107.0,""provider"":""ActionNetwork book 49"",""source"":""action_network"",""under_price"":-113.0},{""away_ml"":-130.0,""away_spread_price"":-110.0,""home_ml"":110.0,""home_spread"":2.5,""home_spread_price"":-110.0,""last_update"":null,""market_total"":46.5,""over_price"":-110.0,""provider"":""ActionNetwork book 68"",""source"":""action_network"",""under_price"":-110.0},{""away_ml"":-128.0,""away_spread_price"":-108.0,""home_ml"":106.0,""home_spread"":2.5,""home_spread_price"":-112.0,""last_update"":null,""market_total"":46.5,""over_price"":-110.0,""provider"":""ActionNetwork book 69"",""source"":""action_network"",""under_price"":-110.0},{""away_ml"":-130.0,""away_spread_price"":-113.0,""home_ml"":107.0,""home_spread"":2.0,""home_spread_price"":-109.0,""last_update"":null,""market_total"":46.5,""over_price"":-108.0,""provider"":""ActionNetwork book 71"",""source"":""action_network"",""under_price"":-115.0},{""away_ml"":-125.0,""away_spread_price"":-108.0,""home_ml"":105.0,""home_spread"":2.5,""home_spread_price"":-110.0,""last_update"":null,""market_total"":46.5,""over_price"":-110.0,""provider"":""ActionNetwork book 75"",""source"":""action_network"",""under_price"":-108.0},{""away_ml"":-130.0,""away_spread_price"":null,""home_ml"":110.0,""home_spread"":2.5,""home_spread_price"":null,""last_update"":null,""market_total"":46.5,""over_price"":null,""provider"":""Draft Kings"",""source"":""espn_core"",""under_price"":null}]",4975.260100016666
2026-09-30T12:34:44.393999+00:00,401856821,2026,5,2026-10-03T23:30:00.000Z,Texas Tech,Colorado,Draft Kings,-485.0,370.0,12.5,50.5,13.0,50.5,0.18937505968597484,0.899218410621135,0.6614378277661477,0.01661192741234165,540.0,-485.0,ActionNetwork book 30,Draft Kings,15.5,-12.5,-110.0,-112.0,ActionNetwork book 30,ActionNetwork book 68,50.5,52.5,-107.0,-110.0,ActionNetwork book 49,ActionNetwork book 30,8.0,Draft Kings | ActionNetwork book 15 | ActionNetwork book 30 | ActionNetwork book 49 | ActionNetwork book 68 | ActionNetwork book 69 | ActionNetwork book 71 | ActionNetwork book 75,action_network | espn_core,"[{""away_ml"":-550.0,""away_spread_price"":-110.0,""home_ml"":400.0,""home_spread"":13.0,""home_spread_price"":-110.0,""last_update"":null,""market_total"":50.5,""over_price"":-110.0,""provider"":""ActionNetwork book 15"",""source"":""action_network"",""under_price"":-110.0},{""away_ml"":-800.0,""away_spread_price"":-110.0,""home_ml"":540.0,""home_spread"":15.5,""home_spread_price"":-110.0,""last_update"":null,""market_total"":52.5,""over_price"":-110.0,""provider"":""ActionNetwork book 30"",""source"":""action_network"",""under_price"":-110.0},{""away_ml"":-500.0,""away_spread_price"":-110.0,""home_ml"":380.0,""home_spread"":13.0,""home_spread_price"":-109.0,""last_update"":null,""market_total"":50.5,""over_price"":-107.0,""provider"":""ActionNetwork book 49"",""source"":""action_network"",""under_price"":-113.0},{""away_ml"":-485.0,""away_spread_price"":-112.0,""home_ml"":370.0,""home_spread"":12.5,""home_spread_price"":-108.0,""last_update"":null,""market_total"":50.5,""over_price"":-110.0,""provider"":""ActionNetwork book 68"",""source"":""action_network"",""under_price"":-110.0},{""away_ml"":-550.0,""away_spread_price"":-105.0,""home_ml"":400.0,""home_spread"":13.5,""home_spread_price"":-115.0,""last_update"":null,""market_total"":50.5,""over_price"":-108.0,""provider"":""ActionNetwork book 69"",""source"":""action_network"",""under_price"":-112.0},{""away_ml"":-625.0,""away_spread_price"":-114.0,""home_ml"":420.0,""home_spread"":13.5,""home_spread_price"":-109.0,""last_update"":null,""market_total"":50.5,""over_price"":-113.0,""provider"":""ActionNetwork book 71"",""source"":""action_network"",""under_price"":-110.0},{""away_ml"":-525.0,""away_spread_price"":-108.0,""home_ml"":400.0,""home_spread"":13.0,""home_spread_price"":-110.0,""last_update"":null,""market_total"":50.5,""over_price"":-110.0,""provider"":""ActionNetwork book 75"",""source"":""action_network"",""under_price"":-108.0},{""away_ml"":-485.0,""away_spread_price"":null,""home_ml"":370.0,""home_spread"":12.5,""home_spread_price"":null,""last_update"":null,""market_total"":50.5,""over_price"":null,""provider"":""Draft Kings"",""source"":""espn_core"",""under_price"":null}]",4975.260100016666
2026-09-30T12:34:44.393999+00:00,401858249,2026,5,2026-10-03T23:30:00.000Z,Miami,Clemson,Draft Kings,-800.0,550.0,16.5,47.5,16.5,47.5,0.17730444170620863,3.1696805832764916,2.6457513110645907,0.08758653690382084,600.0,-160.0,ActionNetwork book 71,ActionNetwork book 30,17.0,-7.0,-115.0,-115.0,ActionNetwork book 71,ActionNetwork book 30,47.5,55.5,-109.0,-112.0,ActionNetwork book 71,ActionNetwork book 30,8.0,Draft Kings | ActionNetwork book 15 | ActionNetwork book 30 | ActionNetwork book 49 | ActionNetwork book 68 | ActionNetwork book 69 | ActionNetwork book 71 | ActionNetwork book 75,action_network | espn_core,"[{""away_ml"":-800.0,""away_spread_price"":-115.0,""home_ml"":550.0,""home_spread"":16.5,""home_spread_price"":-108.0,""last_update"":null,""market_total"":47.5,""over_price"":-112.0,""provider"":""ActionNetwork book 15"",""source"":""action_network"",""under_price"":-108.0},{""away_ml"":-160.0,""away_spread_price"":-115.0,""home_ml"":135.0,""home_spread"":7.0,""home_spread_price"":-105.0,""last_update"":null,""market_total"":55.5,""over_price"":-108.0,""provider"":""ActionNetwork book 30"",""source"":""action_network"",""under_price"":-112.0},{""away_ml"":-850.0,""away_spread_price"":-117.0,""home_ml"":550.0,""home_spread"":16.5,""home_spread_price"":-104.0,""last_update"":null,""market_total"":47.5,""over_price"":-117.0,""provider"":""ActionNetwork book 49"",""source"":""action_network"",""under_price"":-104.0},{""away_ml"":-800.0,""away_spread_price"":-112.0,""home_ml"":550.0,""home_spread"":16.5,""home_spread_price"":-108.0,""last_update"":null,""market_total"":47.5,""over_price"":-112.0,""provider"":""ActionNetwork book 68"",""source"":""action_network"",""under_price"":-108.0},{""away_ml"":-880.0,""away_spread_price"":-118.0,""home_ml"":580.0,""home_spread"":16.5,""home_spread_price"":-104.0,""last_update"":null,""market_total"":47.5,""over_price"":-112.0,""provider"":""ActionNetwork book 69"",""source"":""action_network"",""under_price"":-108.0},{""away_ml"":-1000.0,""away_spread_price"":-108.0,""home_ml"":600.0,""home_spread"":17.0,""home_spread_price"":-115.0,""last_update"":null,""market_total"":47.5,""over_price"":-109.0,""provider"":""ActionNetwork book 71"",""source"":""action_network"",""under_price"":-114.0},{""away_ml"":-750.0,""away_spread_price"":-110.0,""home_ml"":575.0,""home_spread"":16.5,""home_spread_price"":-108.0,""last_update"":null,""market_total"":47.5,""over_price"":-112.0,""provider"":""ActionNetwork book 75"",""source"":""action_network"",""under_price"":-105.0},{""away_ml"":-800.0,""away_spread_price"":null,""home_ml"":550.0,""home_spread"":16.5,""home_spread_price"":null,""last_update"":null,""market_total"":47.5,""over_price"":null,""provider"":""Draft Kings"",""source"":""espn_core"",""under_price"":null}]",4975.260100016666
2026-09-30T12:34:44.393999+00:00,401858478,2026,5,2026-10-03T23:30:00.000Z,Washington,USC,Draft Kings,295.0,-375.0,-9.5,58.5,-9.5,58.5,0.7573337823604751,0.21650635094610965,0.33071891388307384,0.006740376205028347,-360.0,320.0,ActionNetwork book 30,ActionNetwork book 71,-9.5,10.0,-110.0,-110.0,ActionNetwork book 75,ActionNetwork book 30,57.5,58.5,-110.0,-108.0,ActionNetwork book 30,ActionNetwork book 68,8.0,Draft Kings | ActionNetwork book 15 | ActionNetwork book 30 | ActionNetwork book 49 | ActionNetwork book 68 | ActionNetwork book 69 | ActionNetwork book 71 | ActionNetwork book 75,action_network | espn_core,"[{""away_ml"":290.0,""away_spread_price"":-105.0,""home_ml"":-375.0,""home_spread"":-9.5,""home_spread_price"":-115.0,""last_update"":null,""market_total"":58.5,""over_price"":-110.0,""provider"":""ActionNetwork book 15"",""source"":""action_network"",""under_price"":-110.0},{""away_ml"":285.0,""away_spread_price"":-110.0,""home_ml"":-360.0,""home_spread"":-10.0,""home_spread_price"":-110.0,""last_update"":null,""market_total"":57.5,""over_price"":-110.0,""provider"":""ActionNetwork book 30"",""source"":""action_network"",""under_price"":-110.0},{""away_ml"":285.0,""away_spread_price"":-108.0,""home_ml"":-360.0,""home_spread"":-9.5,""home_spread_price"":-112.0,""last_update"":null,""market_total"":58.5,""over_price"":-107.0,""provider"":""ActionNetwork book 49"",""source"":""action_network"",""under_price"":-113.0},{""away_ml"":295.0,""away_spread_price"":-105.0,""home_ml"":-375.0,""home_spread"":-9.5,""home_spread_price"":-115.0,""last_update"":null,""market_total"":58.5,""over_price"":-112.0,""provider"":""ActionNetwork book 68"",""source"":""action_network"",""under_price"":-108.0},{""away_ml"":290.0,""away_spread_price"":-105.0,""home_ml"":-375.0,""home_spread"":-9.5,""home_spread_price"":-115.0,""last_update"":null,""market_total"":58.5,""over_price"":-106.0,""provider"":""ActionNetwork book 69"",""source"":""action_network"",""under_price"":-114.0},{""away_ml"":320.0,""away_spread_price"":-113.0,""home_ml"":-435.0,""home_spread"":-10.0,""home_spread_price"":-110.0,""last_update"":null,""market_total"":58.5,""over_price"":-109.0,""provider"":""ActionNetwork book 71"",""source"":""action_network"",""under_price"":-114.0},{""away_ml"":300.0,""away_spread_price"":-108.0,""home_ml"":-375.0,""home_spread"":-9.5,""home_spread_price"":-110.0,""last_update"":null,""market_total"":58.5,""over_price"":-110.0,""provider"":""ActionNetwork book 75"",""source"":""action_network"",""under_price"":-108.0},{""away_ml"":295.0,""away_spread_price"":null,""home_ml"":-375.0,""home_spread"":-9.5,""home_spread_price"":null,""last_update"":null,""market_total"":58.5,""over_price"":null,""provider"":""Draft Kings"",""source"":""espn_core"",""under_price"":null}]",4975.260100016666
2026-09-30T12:34:44.393999+00:00,401860898,2026,5,2026-10-03T23:30:00.000Z,Utah State,Boise State,Draft Kings,900.0,-1600.0,-20.5,51.5,-20.5,51.5,0.9068970394291341,0.0,0.33071891388307384,0.005575881625092629,-1400.0,1060.0,ActionNetwork book 75,ActionNetwork book 30,-20.5,20.5,-108.0,-105.0,ActionNetwork book 69,ActionNetwork book 30,51.5,52.5,-107.0,-110.0,ActionNetwork book 49,ActionNetwork book 30,8.0,Draft Kings | ActionNetwork book 15 | ActionNetwork book 30 | ActionNetwork book 49 | ActionNetwork book 68 | ActionNetwork book 69 | ActionNetwork book 71 | ActionNetwork book 75,action_network | espn_core,"[{""away_ml"":900.0,""away_spread_price"":-110.0,""home_ml"":-1600.0,""home_spread"":-20.5,""home_spread_price"":-110.0,""last_update"":null,""market_total"":51.5,""over_price"":-110.0,""provider"":""ActionNetwork book 15"",""source"":""action_network"",""under_price"":-112.0},{""away_ml"":1060.0,""away_spread_price"":-105.0,""home_ml"":-2300.0,""home_spread"":-20.5,""home_spread_price"":-115.0,""last_update"":null,""market_total"":52.5,""over_price"":-110.0,""provider"":""ActionNetwork book 30"",""source"":""action_network"",""under_price"":-110.0},{""away_ml"":850.0,""away_spread_price"":-110.0,""home_ml"":-1450.0,""home_spread"":-20.5,""home_spread_price"":-109.0,""last_update"":null,""market_total"":51.5,""over_price"":-107.0,""provider"":""ActionNetwork book 49"",""source"":""action_network"",""under_price"":-113.0},{""away_ml"":900.0,""away_spread_price"":-110.0,""home_ml"":-1600.0,""home_spread"":-20.5,""home_spread_price"":-110.0,""last_update"":null,""market_total"":51.5,""over_price"":-108.0,""provider"":""ActionNetwork book 68"",""source"":""action_network"",""under_price"":-112.0},{""away_ml"":920.0,""away_spread_price"":-112.0,""home_ml"":-1700.0,""home_spread"":-20.5,""home_spread_price"":-108.0,""last_update"":null,""market_total"":51.5,""over_price"":-110.0,""provider"":""ActionNetwork book 69"",""source"":""action_network"",""under_price"":-110.0},{""away_ml"":1000.0,""away_spread_price"":-112.0,""home_ml"":-2500.0,""home_spread"":-20.5,""home_spread_price"":-112.0,""last_update"":null,""market_total"":51.5,""over_price"":-113.0,""provider"":""ActionNetwork book 71"",""source"":""action_network"",""under_price"":-108.0},{""away_ml"":950.0,""away_spread_price"":-110.0,""home_ml"":-1400.0,""home_spread"":-20.5,""home_spread_price"":-108.0,""last_update"":null,""market_total"":51.5,""over_price"":-108.0,""provider"":""ActionNetwork book 75"",""source"":""action_network"",""under_price"":-112.0},{""away_ml"":900.0,""away_spread_price"":null,""home_ml"":-1600.0,""home_spread"":-20.5,""home_spread_price"":null,""last_update"":null,""market_total"":51.5,""over_price"":null,""provider"":""Draft Kings"",""source"":""espn_core"",""under_price"":null}]",4975.260100016666
2026-09-30T12:34:44.393999+00:00,401869932,2026,5,2026-10-04T00:00:00.000Z,Arkansas State,Louisiana,Draft Kings,205.0,-250.0,-6.5,47.5,-6.5,47.5,0.6746246770863028,0.8660254037844386,0.6614378277661477,0.02510705320465037,-175.0,210.0,ActionNetwork book 30,ActionNetwork book 71,-4.0,7.0,-110.0,-117.0,ActionNetwork book 30,ActionNetwork book 71,47.5,49.5,-104.0,-110.0,ActionNetwork book 71,ActionNetwork book 30,8.0,Draft Kings | ActionNetwork book 15 | ActionNetwork book 30 | ActionNetwork book 49 | ActionNetwork book 68 | ActionNetwork book 69 | ActionNetwork book 71 | ActionNetwork book 75,action_network | espn_core,"[{""away_ml"":200.0,""away_spread_price"":-110.0,""home_ml"":-250.0,""home_spread"":-6.5,""home_spread_price"":-110.0,""last_update"":null,""market_total"":47.5,""over_price"":-115.0,""provider"":""ActionNetwork book 15"",""source"":""action_network"",""under_price"":-105.0},{""away_ml"":145.0,""away_spread_price"":-110.0,""home_ml"":-175.0,""home_spread"":-4.0,""home_spread_price"":-110.0,""last_update"":null,""market_total"":49.5,""over_price"":-110.0,""provider"":""ActionNetwork book 30"",""source"":""action_network"",""under_price"":-110.0},{""away_ml"":205.0,""away_spread_price"":-103.0,""home_ml"":-250.0,""home_spread"":-6.5,""home_spread_price"":-118.0,""last_update"":null,""market_total"":47.5,""over_price"":-110.0,""provider"":""ActionNetwork book 49"",""source"":""action_network"",""under_price"":-109.0},{""away_ml"":205.0,""away_spread_price"":-105.0,""home_ml"":-250.0,""home_spread"":-6.5,""home_spread_price"":-115.0,""last_update"":null,""market_total"":47.5,""over_price"":-115.0,""provider"":""ActionNetwork book 68"",""source"":""action_network"",""under_price"":-105.0},{""away_ml"":195.0,""away_spread_price"":-110.0,""home_ml"":-240.0,""home_spread"":-6.5,""home_spread_price"":-110.0,""last_update"":null,""market_total"":47.5,""over_price"":-114.0,""provider"":""ActionNetwork book 69"",""source"":""action_network"",""under_price"":-106.0},{""away_ml"":210.0,""away_spread_price"":-117.0,""home_ml"":-265.0,""home_spread"":-7.0,""home_spread_price"":-104.0,""last_update"":null,""market_total"":47.5,""over_price"":-104.0,""provider"":""ActionNetwork book 71"",""source"":""action_network"",""under_price"":-121.0},{""away_ml"":200.0,""away_spread_price"":-108.0,""home_ml"":-250.0,""home_spread"":-6.5,""home_spread_price"":-110.0,""last_update"":null,""market_total"":47.5,""over_price"":-115.0,""provider"":""ActionNetwork book 75"",""source"":""action_network"",""under_price"":-105.0},{""away_ml"":205.0,""away_spread_price"":null,""home_ml"":-250.0,""home_spread"":-6.5,""home_spread_price"":null,""last_update"":null,""market_total"":47.5,""over_price"":null,""provider"":""Draft Kings"",""source"":""espn_core"",""under_price"":null}]",5005.260100016666
2026-09-30T12:34:44.393999+00:00,401858477,2026,5,2026-10-04T00:00:00.000Z,Indiana,Rutgers,Draft Kings,-2400.0,1200.0,24.5,55.5,24.25,55.5,0.0683059282299636,0.34798527267687634,0.8660254037844386,0.004073700046260066,1400.0,-2400.0,ActionNetwork book 30,Draft Kings,24.5,-23.5,-115.0,-112.0,ActionNetwork book 68,ActionNetwork book 30,53.5,56.5,-115.0,-115.0,ActionNetwork book 30,ActionNetwork book 68,8.0,Draft Kings | ActionNetwork book 15 | ActionNetwork book 30 | ActionNetwork book 49 | ActionNetwork book 68 | ActionNetwork book 69 | ActionNetwork book 71 | ActionNetwork book 75,action_network | espn_core,"[{""away_ml"":-3000.0,""away_spread_price"":-104.0,""home_ml"":1300.0,""home_spread"":24.5,""home_spread_price"":-116.0,""last_update"":null,""market_total"":55.5,""over_price"":-118.0,""provider"":""ActionNetwork book 15"",""source"":""action_network"",""under_price"":-108.0},{""away_ml"":-3200.0,""away_spread_price"":-112.0,""home_ml"":1400.0,""home_spread"":23.5,""home_spread_price"":-108.0,""last_update"":null,""market_total"":53.5,""over_price"":-115.0,""provider"":""ActionNetwork book 30"",""source"":""action_network"",""under_price"":-105.0},{""away_ml"":null,""away_spread_price"":-113.0,""home_ml"":null,""home_spread"":24.0,""home_spread_price"":-107.0,""last_update"":null,""market_total"":55.5,""over_price"":-117.0,""provider"":""ActionNetwork book 49"",""source"":""action_network"",""under_price"":-104.0},{""away_ml"":-2400.0,""away_spread_price"":-105.0,""home_ml"":1200.0,""home_spread"":24.5,""home_spread_price"":-115.0,""last_update"":null,""market_total"":56.5,""over_price"":-105.0,""provider"":""ActionNetwork book 68"",""source"":""action_network"",""under_price"":-115.0},{""away_ml"":-4000.0,""away_spread_price"":-104.0,""home_ml"":1400.0,""home_spread"":24.5,""home_spread_price"":-118.0,""last_update"":null,""market_total"":55.5,""over_price"":-114.0,""provider"":""ActionNetwork book 69"",""source"":""action_network"",""under_price"":-106.0},{""away_ml"":-5000.0,""away_spread_price"":-110.0,""home_ml"":1300.0,""home_spread"":24.0,""home_spread_price"":-113.0,""last_update"":null,""market_total"":55.5,""over_price"":-113.0,""provider"":""ActionNetwork book 71"",""source"":""action_network"",""under_price"":-110.0},{""away_ml"":-2500.0,""away_spread_price"":-112.0,""home_ml"":1400.0,""home_spread"":24.0,""home_spread_price"":-108.0,""last_update"":null,""market_total"":55.5,""over_price"":-115.0,""provider"":""ActionNetwork book 75"",""source"":""action_network"",""under_price"":-105.0},{""away_ml"":-2400.0,""away_spread_price"":null,""home_ml"":1200.0,""home_spread"":24.5,""home_spread_price"":null,""last_update"":null,""market_total"":56.5,""over_price"":null,""provider"":""Draft Kings"",""source"":""espn_core"",""under_price"":null}]",5005.260100016666
2026-09-30T12:34:44.393999+00:00,401860921,2026,5,2026-10-04T01:30:00.000Z,Fresno State,Washington State,Draft Kings,105.0,-125.0,-2.5,45.5,-2.5,45.5,0.5317768172694557,0.4330127018922193,0.33071891388307384,0.008269005383012649,-115.0,109.0,ActionNetwork book 30,ActionNetwork book 49,-1.5,2.5,-106.0,-110.0,ActionNetwork book 30,ActionNetwork book 68,45.5,46.5,-110.0,-113.0,ActionNetwork book 15,ActionNetwork book 71,8.0,Draft Kings | ActionNetwork book 15 | ActionNetwork book 30 | ActionNetwork book 49 | ActionNetwork book 68 | ActionNetwork book 69 | ActionNetwork book 71 | ActionNetwork book 75,action_network | espn_core,"[{""away_ml"":105.0,""away_spread_price"":-112.0,""home_ml"":-125.0,""home_spread"":-2.5,""home_spread_price"":-108.0,""last_update"":null,""market_total"":45.5,""over_price"":-110.0,""provider"":""ActionNetwork book 15"",""source"":""action_network"",""under_price"":-110.0},{""away_ml"":-104.0,""away_spread_price"":-114.0,""home_ml"":-115.0,""home_spread"":-1.5,""home_spread_price"":-106.0,""last_update"":null,""market_total"":45.5,""over_price"":-110.0,""provider"":""ActionNetwork book 30"",""source"":""action_network"",""under_price"":-110.0},{""away_ml"":109.0,""away_spread_price"":-104.0,""home_ml"":-129.0,""home_spread"":-1.5,""home_spread_price"":-117.0,""last_update"":null,""market_total"":45.5,""over_price"":-117.0,""provider"":""ActionNetwork book 49"",""source"":""action_network"",""under_price"":-104.0},{""away_ml"":105.0,""away_spread_price"":-110.0,""home_ml"":-125.0,""home_spread"":-2.5,""home_spread_price"":-110.0,""last_update"":null,""market_total"":45.5,""over_price"":-110.0,""provider"":""ActionNetwork book 68"",""source"":""action_network"",""under_price"":-110.0},{""away_ml"":104.0,""away_spread_price"":-115.0,""home_ml"":-125.0,""home_spread"":-2.5,""home_spread_price"":-105.0,""last_update"":null,""market_total"":45.5,""over_price"":-110.0,""provider"":""ActionNetwork book 69"",""source"":""action_network"",""under_price"":-110.0},{""away_ml"":108.0,""away_spread_price"":-114.0,""home_ml"":-130.0,""home_spread"":-2.5,""home_spread_price"":-108.0,""last_update"":null,""market_total"":46.5,""over_price"":-108.0,""provider"":""ActionNetwork book 71"",""source"":""action_network"",""under_price"":-113.0},{""away_ml"":105.0,""away_spread_price"":-110.0,""home_ml"":-125.0,""home_spread"":-2.5,""home_spread_price"":-108.0,""last_update"":null,""market_total"":45.5,""over_price"":-110.0,""provider"":""ActionNetwork book 75"",""source"":""action_network"",""under_price"":-108.0},{""away_ml"":105.0,""away_spread_price"":null,""home_ml"":-125.0,""home_spread"":-2.5,""home_spread_price"":null,""last_update"":null,""market_total"":45.5,""over_price"":null,""provider"":""Draft Kings"",""source"":""espn_core"",""under_price"":null}]",5095.260100016666
2026-09-30T12:34:44.393999+00:00,401860900,2026,5,2026-10-04T02:30:00.000Z,Texas State,San Diego State,Draft Kings,-192.0,160.0,4.5,59.5,4.5,59.5,0.37545355070924974,0.34798527267687634,0.33071891388307384,0.007821039255184709,160.0,-172.0,Draft Kings,ActionNetwork book 30,4.5,-3.5,-114.0,-110.0,ActionNetwork book 49,ActionNetwork book 30,58.5,59.5,-115.0,-105.0,ActionNetwork book 71,ActionNetwork book 30,8.0,Draft Kings | ActionNetwork book 15 | ActionNetwork book 30 | ActionNetwork book 49 | ActionNetwork book 68 | ActionNetwork book 69 | ActionNetwork book 71 | ActionNetwork book 75,action_network | espn_core,"[{""away_ml"":-190.0,""away_spread_price"":-105.0,""home_ml"":155.0,""home_spread"":4.5,""home_spread_price"":-115.0,""last_update"":null,""market_total"":59.5,""over_price"":-106.0,""provider"":""ActionNetwork book 15"",""source"":""action_network"",""under_price"":-114.0},{""away_ml"":-172.0,""away_spread_price"":-110.0,""home_ml"":142.0,""home_spread"":3.5,""home_spread_price"":-110.0,""last_update"":null,""market_total"":59.5,""over_price"":-115.0,""provider"":""ActionNetwork book 30"",""source"":""action_network"",""under_price"":-105.0},{""away_ml"":-190.0,""away_spread_price"":-106.0,""home_ml"":158.0,""home_spread"":4.5,""home_spread_price"":-114.0,""last_update"":null,""market_total"":59.5,""over_price"":-109.0,""provider"":""ActionNetwork book 49"",""source"":""action_network"",""under_price"":-110.0},{""away_ml"":-192.0,""away_spread_price"":-105.0,""home_ml"":160.0,""home_spread"":4.5,""home_spread_price"":-115.0,""last_update"":null,""market_total"":59.5,""over_price"":-105.0,""provider"":""ActionNetwork book 68"",""source"":""action_network"",""under_price"":-115.0},{""away_ml"":-188.0,""away_spread_price"":-105.0,""home_ml"":155.0,""home_spread"":4.5,""home_spread_price"":-115.0,""last_update"":null,""market_total"":59.5,""over_price"":-106.0,""provider"":""ActionNetwork book 69"",""source"":""action_network"",""under_price"":-114.0},{""away_ml"":-190.0,""away_spread_price"":-108.0,""home_ml"":155.0,""home_spread"":4.5,""home_spread_price"":-115.0,""last_update"":null,""market_total"":58.5,""over_price"":-115.0,""provider"":""ActionNetwork book 71"",""source"":""action_network"",""under_price"":-108.0},{""away_ml"":-190.0,""away_spread_price"":-110.0,""home_ml"":155.0,""home_spread"":4.0,""home_spread_price"":-108.0,""last_update"":null,""market_total"":59.5,""over_price"":-105.0,""provider"":""ActionNetwork book 75"",""source"":""action_network"",""under_price"":-112.0},{""away_ml"":-192.0,""away_spread_price"":null,""home_ml"":160.0,""home_spread"":4.5,""home_spread_price"":null,""last_update"":null,""market_total"":59.5,""over_price"":null,""provider"":""Draft Kings"",""source"":""espn_core"",""under_price"":null}]",5155.260100016666
2026-09-30T12:34:44.393999+00:00,401856817,2026,5,2026-10-04T02:30:00.000Z,Baylor,Arizona State,Draft Kings,154.0,-185.0,-4.0,49.5,-4.5,49.5,0.6221000390346413,0.24206145913796356,1.184205957593526,0.007148054473640144,-178.0,163.0,ActionNetwork book 69,ActionNetwork book 71,-4.0,4.5,-110.0,-110.0,ActionNetwork book 15,ActionNetwork book 30,48.5,52.5,-112.0,-110.0,ActionNetwork book 71,ActionNetwork book 30,8.0,Draft Kings | ActionNetwork book 15 | ActionNetwork book 30 | ActionNetwork book 49 | ActionNetwork book 68 | ActionNetwork book 69 | ActionNetwork book 71 | ActionNetwork book 75,action_network | espn_core,"[{""away_ml"":150.0,""away_spread_price"":-115.0,""home_ml"":-185.0,""home_spread"":-4.0,""home_spread_price"":-110.0,""last_update"":null,""market_total"":49.5,""over_price"":-105.0,""provider"":""ActionNetwork book 15"",""source"":""action_network"",""under_price"":-115.0},{""away_ml"":155.0,""away_spread_price"":-110.0,""home_ml"":-184.0,""home_spread"":-4.5,""home_spread_price"":-110.0,""last_update"":null,""market_total"":52.5,""over_price"":-110.0,""provider"":""ActionNetwork book 30"",""source"":""action_network"",""under_price"":-110.0},{""away_ml"":154.0,""away_spread_price"":-114.0,""home_ml"":-182.0,""home_spread"":-4.5,""home_spread_price"":-106.0,""last_update"":null,""market_total"":49.0,""over_price"":-110.0,""provider"":""ActionNetwork book 49"",""source"":""action_network"",""under_price"":-109.0},{""away_ml"":154.0,""away_spread_price"":-110.0,""home_ml"":-185.0,""home_spread"":-4.0,""home_spread_price"":-110.0,""last_update"":null,""market_total"":49.5,""over_price"":-108.0,""provider"":""ActionNetwork book 68"",""source"":""action_network"",""under_price"":-112.0},{""away_ml"":146.0,""away_spread_price"":-115.0,""home_ml"":-178.0,""home_spread"":-4.5,""home_spread_price"":-105.0,""last_update"":null,""market_total"":48.5,""over_price"":-114.0,""provider"":""ActionNetwork book 69"",""source"":""action_network"",""under_price"":-106.0},{""away_ml"":163.0,""away_spread_price"":-110.0,""home_ml"":-205.0,""home_spread"":-4.5,""home_spread_price"":-113.0,""last_update"":null,""market_total"":48.5,""over_price"":-112.0,""provider"":""ActionNetwork book 71"",""source"":""action_network"",""under_price"":-110.0},{""away_ml"":150.0,""away_spread_price"":-110.0,""home_ml"":-185.0,""home_spread"":-4.5,""home_spread_price"":-108.0,""last_update"":null,""market_total"":49.5,""over_price"":-105.0,""provider"":""ActionNetwork book 75"",""source"":""action_network"",""under_price"":-115.0},{""away_ml"":154.0,""away_spread_price"":null,""home_ml"":-185.0,""home_spread"":-4.0,""home_spread_price"":null,""last_update"":null,""market_total"":49.5,""over_price"":null,""provider"":""Draft Kings"",""source"":""espn_core"",""under_price"":null}]",5155.260100016666
2026-09-30T12:34:44.393999+00:00,401856820,2026,5,2026-10-04T03:00:00.000Z,Cincinnati,Arizona,Draft Kings,235.0,-290.0,-7.0,55.5,-7.0,55.5,0.7093796831971656,0.24206145913796356,0.34798527267687634,0.00792864700781437,-260.0,240.0,ActionNetwork book 69,ActionNetwork book 30,-7.0,7.5,-110.0,-110.0,ActionNetwork book 75,ActionNetwork book 30,54.5,55.5,-110.0,-110.0,ActionNetwork book 30,ActionNetwork book 15,8.0,Draft Kings | ActionNetwork book 15 | ActionNetwork book 30 | ActionNetwork book 49 | ActionNetwork book 68 | ActionNetwork book 69 | ActionNetwork book 71 | ActionNetwork book 75,action_network | espn_core,"[{""away_ml"":225.0,""away_spread_price"":-108.0,""home_ml"":-290.0,""home_spread"":-7.0,""home_spread_price"":-112.0,""last_update"":null,""market_total"":55.5,""over_price"":-110.0,""provider"":""ActionNetwork book 15"",""source"":""action_network"",""under_price"":-110.0},{""away_ml"":240.0,""away_spread_price"":-110.0,""home_ml"":-300.0,""home_spread"":-7.5,""home_spread_price"":-110.0,""last_update"":null,""market_total"":54.5,""over_price"":-110.0,""provider"":""ActionNetwork book 30"",""source"":""action_network"",""under_price"":-110.0},{""away_ml"":235.0,""away_spread_price"":-104.0,""home_ml"":-290.0,""home_spread"":-7.0,""home_spread_price"":-117.0,""last_update"":null,""market_total"":55.5,""over_price"":-107.0,""provider"":""ActionNetwork book 49"",""source"":""action_network"",""under_price"":-113.0},{""away_ml"":235.0,""away_spread_price"":-108.0,""home_ml"":-290.0,""home_spread"":-7.0,""home_spread_price"":-112.0,""last_update"":null,""market_total"":55.5,""over_price"":-108.0,""provider"":""ActionNetwork book 68"",""source"":""action_network"",""under_price"":-112.0},{""away_ml"":210.0,""away_spread_price"":-132.0,""home_ml"":-260.0,""home_spread"":-7.5,""home_spread_price"":108.0,""last_update"":null,""market_total"":55.5,""over_price"":-110.0,""provider"":""ActionNetwork book 69"",""source"":""action_network"",""under_price"":-110.0},{""away_ml"":230.0,""away_spread_price"":-117.0,""home_ml"":-305.0,""home_spread"":-7.5,""home_spread_price"":-107.0,""last_update"":null,""market_total"":55.0,""over_price"":-109.0,""provider"":""ActionNetwork book 71"",""source"":""action_network"",""under_price"":-113.0},{""away_ml"":225.0,""away_spread_price"":-108.0,""home_ml"":-275.0,""home_spread"":-7.0,""home_spread_price"":-110.0,""last_update"":null,""market_total"":55.5,""over_price"":-108.0,""provider"":""ActionNetwork book 75"",""source"":""action_network"",""under_price"":-110.0},{""away_ml"":235.0,""away_spread_price"":null,""home_ml"":-290.0,""home_spread"":-7.0,""home_spread_price"":null,""last_update"":null,""market_total"":55.5,""over_price"":null,""provider"":""Draft Kings"",""source"":""espn_core"",""under_price"":null}]",5185.260100016666
2026-09-30T12:34:44.393999+00:00,401864513,2026,5,2026-10-04T03:59:00.000Z,San José State,Hawai'i,Draft Kings,120.0,-142.0,-3.0,51.5,-3.0,51.5,0.5634920634920635,0.0,0.0,0.0,-142.0,120.0,Draft Kings,Draft Kings,-3.0,3.0,,,Draft Kings,Draft Kings,51.5,51.5,,,Draft Kings,Draft Kings,1.0,Draft Kings,espn_core,"[{""away_ml"":120.0,""away_spread_price"":null,""home_ml"":-142.0,""home_spread"":-3.0,""home_spread_price"":null,""last_update"":null,""market_total"":51.5,""over_price"":null,""provider"":""Draft Kings"",""source"":""espn_core"",""under_price"":null}]",5244.260100016666
