snapshot_at,game_id,season,week,date,away_team,home_team,away_score,home_score,away_score_exact,home_score_exact,model_margin_home,model_total,fair_spread_home,fair_total,winner,win_probability,win_pct,calibrated_home_probability,calibrated_winner_probability,provider,market_available,away_ml,home_ml,ml_team,ml_odds,ml_badge,ml_edge_pp,ml_est_roi,ml_fair_odds,no_vig_market_prob_winner,quant_best_ml_side,quant_best_ml_edge_pp,quant_best_ml_roi,market_spread_home,spread_team,spread_line,spread_badge,spread_edge_pts,cover_probability,market_total,total_dir,proj_total,total_badge,total_edge_pts,total_probability,baseline_margin,baseline_total,elo_diff_home,net_eff_diff_home,volatility_avg,market_book_count,market_books,consensus_home_spread,consensus_total,spread_market_std,total_market_std,best_home_ml,best_away_ml,consensus_home_novig_probability,market_consensus_quality,home_injury_count,away_injury_count,home_injury_risk,away_injury_risk,home_qb_injury_risk,away_qb_injury_risk,availability_risk,home_rest_days,away_rest_days,rest_edge_home,away_travel_miles,venue_elevation_ft,altitude_change_away_ft,weather_risk,travel_rest_risk,context_risk,opening_home_spread,opening_total,opening_home_ml,opening_away_ml,spread_move_home,total_move,home_ml_implied_move,away_ml_implied_move,data_quality_score,risk_multiplier,market_disagreement,quant_signal,quant_market,quant_side,quant_price,quant_ev,quant_probability,quant_edge,stake_units,temperature_f,precip_probability,wind_mph,wind_gust_mph
2026-09-29T04:27:27.369575+00:00,401871049,2026,5,2026-10-02T00:00:00.000Z,Western Kentucky,New Mexico State,29,23,29.37589332711389,22.94888830802457,-6.427005019089318,52.32478163513846,6.427005019089318,52.32478163513846,Western Kentucky,0.652342222835066,65,0.3757715458843076,0.6242284541156924,DraftKings,True,110.0,-130.0,Western Kentucky,110.0,STRONG,17.615174664458987,0.310879753642954,-166,0.4572564612326044,Western Kentucky,16.697199288308802,0.310879753642954,-2.5,Western Kentucky,2.5,STRONG,8.927005019089318,0.7171510113351606,56.5,U,52,LEAN,4.175218364861543,0.6051754054666023,1.4908568508229223,56.24803983885192,-114.16383763618228,-0.9091431491770728,17.58033307200067,1.0,DraftKings,-2.5,56.5,0.0,0.0,-130.0,110.0,0.5427435387673957,0.25,0.0,0.0,0.0,0.0,0.0,0.0,0.0,5.1875,12.166666666666666,-6.979166666666666,,,,0.0,0.0,0.0,-2.5,56.5,-130.0,110.0,0.0,0.0,0.0,0.0,0.7975,0.6425695796530899,8.927005019089318,STRONG,spread,Western Kentucky,2.5,0.3691064761853065,0.7171510113351606,8.927005019089318,0.96,,,,
2026-09-29T04:27:27.369575+00:00,401862786,2026,5,2026-10-02T01:00:00.000Z,North Texas,Tulsa,33,22,32.83360787420472,22.05535720638396,-10.778250667820767,54.88896508058868,10.778250667820767,54.88896508058868,North Texas,0.7443484252176477,74,0.2811455245470325,0.7188544754529674,DraftKings,True,100.0,-120.0,North Texas,100.0,STRONG,24.434842521764764,0.4377089509059348,-256,0.4782608695652174,North Texas,24.059360588775004,0.4377089509059348,-1.5,North Texas,1.5,STRONG,12.278250667820767,0.785245217549803,57.5,U,55,LEAN,2.611034919411317,0.5662466002677328,-9.508278155766844,61.31967257671526,-132.40035475631498,-11.90827815576684,20.134369327589887,1.0,DraftKings,-1.5,57.5,0.0,0.0,-120.0,100.0,0.5217391304347826,0.25,0.0,0.0,0.0,0.0,0.0,0.0,0.0,5.041666666666667,12.375,-7.333333333333333,,,,0.0,0.0,0.0,-1.5,57.5,-120.0,100.0,0.0,0.0,0.0,0.0,0.7975,0.5557285010485407,12.278250667820767,STRONG,spread,North Texas,1.5,0.4991045062314421,0.785245217549803,12.278250667820767,0.83,,,,
2026-09-29T04:27:27.369575+00:00,401858245,2026,5,2026-10-02T23:00:00.000Z,Pittsburgh,Virginia Tech,26,26,25.52167300555404,25.978192916821875,0.4565199112678328,51.49986592237592,-0.4565199112678328,51.49986592237592,Virginia Tech,0.51109698995318,51,0.5435618637610956,0.5435618637610956,DraftKings,True,136.0,-162.0,Virginia Tech,-162.0,STRONG,-10.722362073384296,-0.1209061215715614,-119,0.593369754159424,Pittsburgh,4.980789039832828,0.0771940015238143,-3.5,Pittsburgh,3.5,LEAN,3.043480088732167,0.5776282045275216,54.5,U,51,LEAN,3.0001340776240824,0.5760062347224522,-1.873495179031185,52.32890263301809,-61.04675057396412,-4.273495179031182,13.721754640711014,1.0,DraftKings,-3.5,54.5,0.0,0.0,-162.0,136.0,0.593369754159424,0.25,0.0,0.0,0.0,0.0,0.0,0.0,0.0,6.291666666666667,14.979166666666666,-8.6875,,,,0.0,0.0,0.0,-3.5,54.5,-162.0,136.0,0.0,0.0,0.0,0.0,0.7975,0.701019004182063,3.043480088732167,BET,spread,Pittsburgh,3.5,0.1027447540979957,0.5776282045275216,3.043480088732167,0.72,,,,
2026-09-29T04:27:27.369575+00:00,401871050,2026,5,2026-10-02T23:00:00.000Z,Liberty,Delaware,29,24,29.4564687766858,24.445214173733085,-5.011254602952714,53.90168295041888,5.011254602952714,53.90168295041888,Liberty,0.6199608999073486,62,0.4092128949486176,0.5907871050513824,DraftKings,True,-270.0,220.0,Liberty,-270.0,STRONG,-10.976882982238113,-0.1904028560406981,-144,0.7001620745542949,Delaware,10.937496950291264,0.3094812638355764,7.0,Delaware,7.0,,1.9887453970472864,0.5509111650830183,49.5,O,54,LEAN,4.401682950418881,0.6107351622432623,-4.8077698462581,55.08677650869356,-17.556428727406,-7.207769846258097,17.503259713264278,1.0,DraftKings,7.0,49.5,0.0,0.0,220.0,-270.0,0.299837925445705,0.25,0.0,0.0,0.0,0.0,0.0,0.0,0.0,6.041666666666667,7.979166666666667,-1.9375,,,,0.0,0.0,0.0,7.0,49.5,220.0,-270.0,0.0,0.0,0.0,0.0,0.7975,0.6437370804684489,4.401682950418881,BET,moneyline,Delaware,220.0,0.3094812638355764,0.4092128949486176,10.937496950291264,0.09,,,,
2026-09-29T04:27:27.369575+00:00,401858476,2026,5,2026-10-03T00:00:00.000Z,Penn State,Northwestern,27,24,27.13909315553469,23.699002082274543,-3.4400910732601457,50.83809523780924,3.4400910732601457,50.83809523780924,Penn State,0.5830232612909794,58,0.4473206468163413,0.5526793531836587,DraftKings,True,-142.0,120.0,Penn State,-142.0,,-0.3753598213152909,-0.0581098347151732,-124,0.5634920634920635,Northwestern,1.0812710308404916,-0.015894577004049,2.5,Penn State,-2.5,,0.9400910732601456,0.5241169813343479,45.5,O,51,BET,5.338095237809242,0.633472897822207,-3.827395250453783,49.44196316682065,-83.69981449003899,-6.227395250453782,18.78524557064416,1.0,DraftKings,2.5,45.5,0.0,0.0,120.0,-142.0,0.4365079365079364,0.25,0.0,0.0,0.0,0.0,0.0,0.0,0.0,7.0,6.125,0.875,,,,0.0,0.0,0.0,2.5,45.5,120.0,-142.0,0.0,0.0,0.0,0.0,0.7975,0.6243176655330132,5.338095237809242,BET,total,O,45.5,0.2093573503878496,0.633472897822207,5.338095237809242,0.94,,,,
2026-09-29T04:27:27.369575+00:00,401856707,2026,5,2026-10-03T16:00:00.000Z,Alabama,Mississippi State,33,29,32.997847984171486,28.86602997890592,-4.131818005265567,61.8638779630774,4.131818005265567,61.8638779630774,Alabama,0.5993969899457892,60,0.4304392345713203,0.5695607654286796,DraftKings,True,-225.0,185.0,Alabama,-225.0,STRONG,-9.291070236190311,-0.1773011166030183,-132,0.6636481241914618,Mississippi State,9.408735876278218,0.2267518185282629,6.0,Mississippi State,6.0,,1.8681819947344327,0.5478401016550182,60.5,O,62,,1.3638779630773996,0.5347206457661771,-5.053301241720714,65.28334382228644,-136.81128256099328,-7.453301241720712,15.738666608716663,1.0,DraftKings,6.0,60.5,0.0,0.0,185.0,-225.0,0.3363518758085381,0.25,0.0,0.0,0.0,0.0,0.0,0.0,0.0,6.677083333333333,6.708333333333333,-0.03125,,,,0.0,0.0,0.0,6.0,60.5,185.0,-225.0,0.0,0.0,0.0,0.0,0.7975,0.6704669897667107,1.8681819947344327,BET,moneyline,Mississippi State,185.0,0.2267518185282629,0.4304392345713203,9.408735876278218,0.08,,,,
2026-09-29T04:27:27.369575+00:00,401856807,2026,5,2026-10-03T16:00:00.000Z,Middle Tennessee,Kansas,20,31,20.40389591718825,31.13868013822492,10.734784221036666,51.54257605541317,-10.734784221036666,51.54257605541317,Kansas,0.7434960009750686,74,0.7673428861528064,0.7673428861528064,DraftKings,True,800.0,-1350.0,Kansas,-1350.0,STRONG,-18.7538481783552,-0.1758169000580968,-330,0.8933823529411765,Middle Tennessee,12.603946678837003,1.093914024624742,-19.5,Middle Tennessee,19.5,STRONG,8.765215778963334,0.7136190623348124,50.5,O,52,,1.042576055413171,0.5265551227804588,5.660736367526006,52.58175717079437,41.56437435521616,3.2607363675260084,10.650752997808157,1.0,DraftKings,-19.5,50.5,0.0,0.0,-1350.0,800.0,0.8933823529411765,0.25,0.0,0.0,0.0,0.0,0.0,0.0,0.0,14.0,6.708333333333333,7.291666666666667,,,,0.0,0.0,0.0,-19.5,50.5,-1350.0,800.0,0.0,0.0,0.0,0.0,0.7975,0.7475382811519519,8.765215778963334,BET,moneyline,Middle Tennessee,800.0,1.093914024624742,0.2326571138471935,12.603946678837008,0.1,,,,
2026-09-29T04:27:27.369575+00:00,401856819,2026,5,2026-10-03T16:00:00.000Z,UCF,Houston,22,30,22.18011551112022,29.8007055990945,7.620590087974279,51.98082111021472,-7.620590087974279,51.98082111021472,Houston,0.6788147361411452,68,0.7077994806115614,0.7077994806115614,DraftKings,True,350.0,-455.0,Houston,-455.0,STRONG,-14.10050836786746,-0.1366401939793042,-242,0.7867435158501441,UCF,7.89440352385827,0.3149023372479737,-12.5,UCF,12.5,BET,4.879409912025721,0.623224486626176,51.5,O,52,,0.4808211102147197,0.5122539716995885,5.493007045678876,50.995864548717705,73.34919208988708,3.0930070456788785,11.31308437250763,1.0,DraftKings,-12.5,51.5,0.0,0.0,-455.0,350.0,0.7867435158501441,0.25,0.0,0.0,0.0,0.0,0.0,0.0,0.0,6.833333333333333,6.854166666666667,-0.0208333333333339,,,,0.0,0.0,0.0,-12.5,51.5,-455.0,350.0,0.0,0.0,0.0,0.0,0.7975,0.7375053406822855,4.879409912025721,PASS,moneyline,UCF,350.0,0.3149023372479737,0.2922005193884386,7.894403523858273,0.0,,,,
2026-09-29T04:27:27.369575+00:00,401856822,2026,5,2026-10-03T16:00:00.000Z,West Virginia,Iowa State,19,34,18.77393472155355,33.659349588420326,14.885414866866777,52.43328430997388,-14.885414866866777,52.43328430997388,Iowa State,0.8178214921383985,82,0.832679341331308,0.832679341331308,DraftKings,True,136.0,-162.0,Iowa State,-162.0,STRONG,19.95008814513756,0.3466789347456956,-498,0.593369754159424,Iowa State,23.93095871718841,0.3466789347456956,-3.0,Iowa State,-3.0,STRONG,11.885414866866777,0.7777911454201663,52.5,U,52,,0.0667156900261218,0.5017005457558138,11.724595780373718,54.62005785129492,61.11539515271648,9.324595780373716,18.27281265308985,1.0,DraftKings,-3.0,52.5,0.0,0.0,-162.0,136.0,0.593369754159424,0.25,0.0,0.0,0.0,0.0,0.0,0.0,0.0,6.854166666666667,6.708333333333333,0.1458333333333339,,,,0.0,0.0,0.0,-3.0,52.5,-162.0,136.0,0.0,0.0,0.0,0.0,0.7975,0.5903693035082929,11.885414866866777,STRONG,spread,Iowa State,-3.0,0.4848740048930446,0.7777911454201663,11.885414866866777,0.89,,,,
2026-09-29T04:27:27.369575+00:00,401858246,2026,5,2026-10-03T16:00:00.000Z,Boston College,SMU,18,35,18.235901346647346,34.62836009393256,16.392458747285207,52.8642614405799,-16.392458747285207,52.8642614405799,SMU,0.8410859564181585,84,0.8524691222151883,0.8524691222151883,DraftKings,True,950.0,-1650.0,SMU,-1650.0,STRONG,-10.177118643898432,-0.0958660824990426,-578,0.9082568807339452,Boston College,5.578775851875662,0.5490742167405225,-21.0,Boston College,21.0,BET,4.6075412527147925,0.6165634250710001,55.5,U,53,LEAN,2.6357385594200977,0.5668675005058201,11.992931189800103,53.17530117110579,177.4966838162129,9.592931189800105,11.985524743329432,1.0,DraftKings,-21.0,55.5,0.0,0.0,-1650.0,950.0,0.9082568807339452,0.25,0.0,0.0,0.0,0.0,0.0,0.0,0.0,6.625,7.0,-0.375,,,,0.0,0.0,0.0,-21.0,55.5,-1650.0,950.0,0.0,0.0,0.0,0.0,0.7975,0.7273192699817744,4.6075412527147925,PASS,moneyline,Boston College,950.0,0.5490742167405225,0.1475308777848116,5.5787758518756725,0.0,,,,
2026-09-29T04:27:27.369575+00:00,401858250,2026,5,2026-10-03T16:00:00.000Z,Notre Dame,North Carolina,36,15,35.99181101236783,14.610244523092945,-21.38156648927489,50.60205553546078,21.38156648927489,50.60205553546078,Notre Dame,0.9037057170365368,90,0.1202907226121481,0.8797092773878519,DraftKings,True,-1800.0,1000.0,Notre Dame,-1800.0,BET,-4.366270401609473,-0.0714179849794897,-731,0.912442396313364,North Carolina,3.273311892551216,0.3231979487336291,21.0,Notre Dame,-21.0,,0.381566489274892,0.5097936458272164,47.5,O,51,LEAN,3.102055535460778,0.5785552612762334,-19.423125352085737,49.95256846683233,-223.02848416882648,-21.823125352085743,13.79275281908536,1.0,DraftKings,21.0,47.5,0.0,0.0,1000.0,-1800.0,0.0875576036866359,0.25,0.0,0.0,0.0,0.0,0.0,0.0,0.0,14.0,6.916666666666667,7.083333333333333,,,,0.0,0.0,0.0,21.0,47.5,1000.0,-1800.0,0.0,0.0,0.0,0.0,0.7975,0.6999435296925632,3.102055535460778,PASS,moneyline,North Carolina,1000.0,0.3231979487336291,0.1202907226121481,3.273311892551216,0.0,,,,
2026-09-29T04:27:27.369575+00:00,401858251,2026,5,2026-10-03T16:00:00.000Z,Stanford,Wake Forest,22,33,21.603851921888705,32.85207291619819,11.248220994309486,54.455924838086894,-11.248220994309486,54.455924838086894,Wake Forest,0.7534697395039338,75,0.776303730457853,0.776303730457853,DraftKings,True,390.0,-520.0,Wake Forest,-520.0,STRONG,-8.523993791542106,-0.0744070906079445,-347,0.8042929292929294,Stanford,2.798919883507633,0.0961117207565205,-13.5,Stanford,13.5,LEAN,2.251779005690514,0.5576004915858331,53.5,O,54,,0.9559248380868935,0.5243509245851813,10.420508422028412,54.388682168229145,91.56271605251096,8.020508422028406,16.59976565300775,1.0,DraftKings,-13.5,53.5,0.0,0.0,-520.0,390.0,0.8042929292929294,0.25,0.0,0.0,0.0,0.0,0.0,0.0,0.0,7.0,6.5625,0.4375,,,,0.0,0.0,0.0,-13.5,53.5,-520.0,390.0,0.0,0.0,0.0,0.0,0.7975,0.657423133202043,2.251779005690514,PASS,moneyline,Stanford,390.0,0.0961117207565205,0.223696269542147,2.7989198835076445,0.0,,,,
2026-09-29T04:27:27.369575+00:00,401858252,2026,5,2026-10-03T16:00:00.000Z,Syracuse,UConn,21,33,20.91699690848264,33.01637008531658,12.09937317683394,53.933366993799225,-12.09937317683394,53.933366993799225,UConn,0.7695352241267481,77,0.7906109929509688,0.7906109929509688,DraftKings,True,-245.0,200.0,UConn,200.0,STRONG,43.62018907934148,1.3718329788529064,-378,0.3194444444444444,UConn,47.11665485065244,1.3718329788529064,6.5,UConn,6.5,STRONG,18.599373176833943,0.8842993922505318,50.5,O,54,LEAN,3.433366993799225,0.5868180153659476,8.656638197759587,53.94274355221549,74.48108466123676,6.256638197759587,14.302090124170018,1.0,DraftKings,6.5,50.5,0.0,0.0,200.0,-245.0,0.3194444444444444,0.25,0.0,0.0,0.0,0.0,0.0,0.0,0.0,6.854166666666667,15.6875,-8.833333333333332,,,,0.0,0.0,0.0,6.5,50.5,200.0,-245.0,0.0,0.0,0.0,0.0,0.7975,0.4838826499792983,18.599373176833943,STRONG,moneyline,UConn,200.0,1.3718329788529064,0.7906109929509688,47.11665485065244,0.33,,,,
2026-09-29T04:27:27.369575+00:00,401858474,2026,5,2026-10-03T16:00:00.000Z,Michigan,Minnesota,26,22,26.13172445825735,21.719551453642847,-4.4121730046145045,47.8512759119002,4.4121730046145045,47.8512759119002,Michigan,0.6059855204765032,61,0.423640771739733,0.576359228260267,DraftKings,True,-225.0,185.0,Michigan,-225.0,STRONG,-8.632217183118907,-0.1674811147351699,-136,0.6636481241914618,Minnesota,8.728889593119488,0.2073761994582391,5.5,Minnesota,5.5,,1.0878269953854955,0.5279012153123219,43.5,O,48,LEAN,4.351275911900196,0.6094995737548684,-2.978754181550755,46.52647344286591,-63.6364774579647,-5.378754181550752,16.03127332185313,1.0,DraftKings,5.5,43.5,0.0,0.0,185.0,-225.0,0.3363518758085381,0.25,0.0,0.0,0.0,0.0,0.0,0.0,0.0,6.541666666666667,6.854166666666667,-0.3125,,,,0.0,0.0,0.0,5.5,43.5,185.0,-225.0,0.0,0.0,0.0,0.0,0.7975,0.6660346076600123,4.351275911900196,PASS,moneyline,Minnesota,185.0,0.2073761994582391,0.423640771739733,8.728889593119488,0.0,,,,
2026-09-29T04:27:27.369575+00:00,401862791,2026,5,2026-10-03T16:00:00.000Z,Navy,Air Force,23,31,23.2476553748218,30.826254156837425,7.578598782015624,54.073909531659226,-7.578598782015624,54.073909531659226,Air Force,0.6778976935349259,68,0.7069380055385197,0.7069380055385197,DraftKings,True,142.0,-170.0,Air Force,-170.0,BET,4.826806390529626,0.1227838911494136,-241,0.6037569709421778,Air Force,10.318103459634187,0.1227838911494136,-3.5,Air Force,-3.5,BET,4.078598782015624,0.6035062463139929,46.5,O,54,STRONG,7.5739095316592255,0.6857779379540726,1.2354686240129382,56.898314136833406,-78.56113449452937,-1.1645313759870568,10.85403102616772,1.0,DraftKings,-3.5,46.5,0.0,0.0,-170.0,142.0,0.6037569709421778,0.25,0.0,0.0,0.0,0.0,0.0,0.0,0.0,6.5625,7.708333333333333,-1.145833333333333,,,,0.0,0.0,0.0,-3.5,46.5,-170.0,142.0,0.0,0.0,0.0,0.0,0.7975,0.744459042518197,7.5739095316592255,STRONG,total,O,46.5,0.3092124270032295,0.6857779379540726,7.5739095316592255,1.12,,,,
2026-09-29T04:27:27.369575+00:00,401858479,2026,5,2026-10-03T16:30:00.000Z,Michigan State,Wisconsin,18,27,18.28237673624279,27.4387163395916,9.156339603348808,45.72109307583439,-9.156339603348808,45.72109307583439,Wisconsin,0.7115686449312615,71,0.7382569278008979,0.7382569278008979,DraftKings,True,320.0,-410.0,Wisconsin,-410.0,STRONG,-9.235292369618954,-0.0816804068818099,-282,0.771505376344086,Michigan State,3.3248448543188145,0.0993209032362287,-10.5,Michigan State,10.5,,1.3436603966511915,0.5344482009138749,43.5,O,46,,2.221093075834389,0.556425142363061,5.583716904766153,44.54024738100476,50.80025263199059,3.183716904766155,18.99053829885685,1.0,DraftKings,-10.5,43.5,0.0,0.0,-410.0,320.0,0.771505376344086,0.25,0.0,0.0,0.0,0.0,0.0,0.0,0.0,6.8125,6.8125,0.0,,,,0.0,0.0,0.0,-10.5,43.5,-410.0,320.0,0.0,0.0,0.0,0.0,0.7975,0.6212079083937746,2.221093075834389,PASS,moneyline,Michigan State,320.0,0.0993209032362287,0.2617430721991021,3.324844854318809,0.0,,,,
2026-09-29T04:27:27.369575+00:00,401856705,2026,5,2026-10-03T16:45:00.000Z,Vanderbilt,Georgia,22,37,21.85711373549043,36.86041798807028,15.003304252579852,58.71753172356071,-15.003304252579852,58.71753172356071,Georgia,0.8197146425909005,82,0.8343008873943312,0.8343008873943312,DraftKings,True,1300.0,-2800.0,Georgia,-2800.0,STRONG,-14.580259878840984,-0.1359026523415855,-504,0.9311163895486936,Vanderbilt,9.681550215436244,1.3197875764793636,-24.5,Vanderbilt,24.5,STRONG,9.496695747420148,0.7294183934660305,50.5,O,59,STRONG,8.217531723560711,0.7002225543998629,12.335284523196703,60.42750959803068,124.25991541426151,9.935284523196705,13.329462752898287,1.0,DraftKings,-24.5,50.5,0.0,0.0,-2800.0,1300.0,0.9311163895486936,0.25,0.0,0.0,0.0,0.0,0.0,0.0,0.0,6.885416666666667,6.854166666666667,0.03125,,,,0.0,0.0,0.0,-24.5,50.5,-2800.0,1300.0,0.0,0.0,0.0,0.0,0.7975,0.7069614090076596,9.496695747420148,PASS,moneyline,Vanderbilt,1300.0,1.3197875764793636,0.1656991126056688,9.68155021543623,0.0,,,,
2026-09-29T04:27:27.369575+00:00,401866432,2026,5,2026-10-03T17:00:00.000Z,Western Michigan,Buffalo,26,24,25.574674799824315,23.600776273598303,-1.9738985262260105,49.17545107342262,1.9738985262260105,49.17545107342262,Western Michigan,0.5478718301197416,55,0.4834590002355789,0.516540999764421,DraftKings,True,-600.0,440.0,Western Michigan,-600.0,STRONG,-30.927102702311547,-0.3973688336081755,-107,0.8223350253807106,Buffalo,30.57940256162896,1.6106786012721264,13.5,Buffalo,13.5,STRONG,11.52610147377399,0.7708457194916611,46.5,O,49,LEAN,2.6754510734226216,0.5678652866470059,-4.579868168875997,48.276740795349895,-82.40298752878698,-6.979868168875994,16.240406838362716,1.0,DraftKings,13.5,46.5,0.0,0.0,440.0,-600.0,0.1776649746192893,0.25,0.0,0.0,0.0,0.0,0.0,0.0,0.0,14.041666666666666,6.895833333333333,7.145833333333333,,,,0.0,0.0,0.0,13.5,46.5,440.0,-600.0,0.0,0.0,0.0,0.0,0.7975,0.6274606074786604,11.52610147377399,BET,moneyline,Buffalo,440.0,1.6106786012721264,0.4834590002355789,30.57940256162896,0.23,,,,
2026-09-29T04:27:27.369575+00:00,401866431,2026,5,2026-10-03T18:00:00.000Z,Toledo,Ball State,36,17,35.62141301596722,16.590124350690086,-19.03128866527713,52.2115373666573,19.03128866527713,52.2115373666573,Toledo,0.8769221052888218,88,0.147198573735149,0.8528014262648509,DraftKings,True,-1350.0,800.0,Toledo,-1350.0,BET,-5.411237746979891,-0.0840280977155305,-579,0.8933823529411765,Ball State,4.058092667632554,0.3247871636163417,19.5,Ball State,19.5,,0.4687113347228688,0.5120297726982116,51.5,O,52,,0.7115373666573035,0.5181305002661513,-16.116848766046118,54.86883069515089,-160.72540967674126,-18.51684876604612,16.47715402038841,1.0,DraftKings,19.5,51.5,0.0,0.0,800.0,-1350.0,0.1066176470588235,0.25,0.0,0.0,0.0,0.0,0.0,0.0,0.0,7.083333333333333,7.083333333333333,0.0,,,,0.0,0.0,0.0,19.5,51.5,800.0,-1350.0,0.0,0.0,0.0,0.0,0.7975,0.6592804439953248,0.7115373666573035,PASS,moneyline,Ball State,800.0,0.3247871636163417,0.147198573735149,4.058092667632554,0.0,,,,
2026-09-29T04:27:27.369575+00:00,401856708,2026,5,2026-10-03T19:30:00.000Z,Florida,Missouri,31,24,30.517571719204152,24.46158816892203,-6.055983550282119,54.97915988812618,6.055983550282119,54.97915988812618,Florida,0.643951888647238,64,0.384435632424195,0.6155643675758049,DraftKings,True,-205.0,170.0,Florida,-205.0,LEAN,-2.817925889374562,-0.0841603311677048,-160,0.644729178800233,Missouri,2.916481122442799,0.0379762075453266,4.5,Florida,-4.5,,1.5559835502821189,0.5398747292810421,56.5,U,55,,1.5208401118738166,0.5387045657009589,0.09862028669367,55.79949949867528,19.69839871357226,-2.3013797133063303,15.258122056742849,1.0,DraftKings,4.5,56.5,0.0,0.0,170.0,-205.0,0.355270821199767,0.25,0.0,0.0,0.0,0.0,0.0,0.0,0.0,6.822916666666667,7.0,-0.177083333333333,,,,0.0,0.0,0.0,4.5,56.5,170.0,-205.0,0.0,0.0,0.0,0.0,0.7975,0.6777462385946309,1.5559835502821189,PASS,moneyline,Missouri,170.0,0.0379762075453266,0.384435632424195,2.916481122442799,0.0,,,,
2026-09-29T04:27:27.369575+00:00,401856710,2026,5,2026-10-03T19:30:00.000Z,Auburn,Tennessee,23,31,22.526839832845525,31.021884658915543,8.495044826070021,53.54872449176107,-8.495044826070021,53.54872449176107,Tennessee,0.6976574371938684,70,0.7253960034346244,0.7253960034346244,DraftKings,True,230.0,-285.0,Tennessee,-285.0,BET,-4.260230306587188,-0.0200790830795424,-264,0.7095435684647302,Tennessee,1.5852434969894191,-0.0200790830795424,-7.0,Tennessee,-7.0,,1.495044826070021,0.5383179799655279,53.5,O,54,,0.0487244917610709,0.5012419618941483,6.231968182857326,52.57403030816549,78.07701183572908,3.8319681828573264,14.93423056931324,1.0,DraftKings,-7.0,53.5,0.0,0.0,-285.0,230.0,0.7095435684647302,0.25,0.0,0.0,0.0,0.0,0.0,0.0,0.0,7.145833333333333,6.96875,0.177083333333333,,,,0.0,0.0,0.0,-7.0,53.5,-285.0,230.0,0.0,0.0,0.0,0.0,0.7975,0.6826525198552573,1.495044826070021,PASS,,,,0.0,,,0.0,,,,
2026-09-29T04:27:27.369575+00:00,401858247,2026,5,2026-10-03T19:30:00.000Z,California,UNLV,22,26,21.65604044136588,26.310194837152128,4.654154395786252,47.966235278518006,-4.654154395786252,47.966235278518006,UNLV,0.6116480327149539,61,0.6435297434338073,0.6435297434338073,DraftKings,True,114.0,-135.0,UNLV,-135.0,BET,3.71799476085709,0.1202184422736645,-181,0.551441114716549,UNLV,9.208862871725833,0.1202184422736645,-2.5,UNLV,-2.5,LEAN,2.154154395786252,0.5551195679063907,53.5,U,48,BET,5.533764721481994,0.6381684650509596,8.765867945754412,50.53128672494556,92.93929149787346,6.365867945754415,17.477896037431645,1.0,DraftKings,-2.5,53.5,0.0,0.0,-135.0,114.0,0.551441114716549,0.25,0.0,0.0,0.0,0.0,0.0,0.0,0.0,7.145833333333333,7.708333333333333,-0.5625,,,,0.0,0.0,0.0,-2.5,53.5,-135.0,114.0,0.0,0.0,0.0,0.0,0.7975,0.6441212873163219,5.533764721481994,BET,total,U,53.5,0.2183216150972864,0.6381684650509596,5.533764721481994,0.97,,,,
2026-09-29T04:27:27.369575+00:00,401858248,2026,5,2026-10-03T19:30:00.000Z,Louisville,NC State,28,28,28.454859620633176,28.322099006868594,-0.1327606137645807,56.77695862750177,0.1327606137645807,56.77695862750177,Louisville,0.5032274981258885,50,0.5290389896707751,0.4709610103292249,DraftKings,True,-225.0,185.0,Louisville,-225.0,STRONG,-18.908019418180377,-0.3197229850800085,112,0.6636481241914618,NC State,19.268711386223696,0.5077611205617091,5.5,NC State,5.5,BET,5.367239386235419,0.6350841410005307,58.5,U,57,,1.72304137249823,0.5438309425842932,-1.656727278410667,59.554170070814735,-36.74658446161766,-4.056727278410666,13.39522734614848,1.0,DraftKings,5.5,58.5,0.0,0.0,185.0,-225.0,0.3363518758085381,0.25,0.0,0.0,0.0,0.0,0.0,0.0,0.0,6.833333333333333,7.145833333333333,-0.3125,,,,0.0,0.0,0.0,5.5,58.5,185.0,-225.0,0.0,0.0,0.0,0.0,0.7975,0.7059652124294885,5.367239386235419,BET,moneyline,NC State,185.0,0.5077611205617091,0.5290389896707751,19.268711386223696,0.19,,,,
2026-09-29T04:27:27.369575+00:00,401858253,2026,5,2026-10-03T19:30:00.000Z,Virginia,Florida State,27,26,27.34781960098556,25.62150840579419,-1.7263111951913612,52.96932800677975,1.7263111951913612,52.96932800677975,Virginia,0.541890941645152,54,0.4895890552342555,0.5104109447657444,DraftKings,True,-148.0,124.0,Virginia,-148.0,BET,-5.4883251903235175,-0.1447167952574012,-104,0.5720596355604638,Florida State,6.1648690794719405,0.0966794837247324,2.5,Florida State,2.5,,0.7736888048086388,0.5198520223824165,51.5,O,53,,1.4693280067797474,0.537397524483793,-2.9342684539595503,51.13055495545021,-92.88986704721152,-5.334268453959551,17.35111829901126,1.0,DraftKings,2.5,51.5,0.0,0.0,124.0,-148.0,0.4279403644395361,0.25,0.0,0.0,0.0,0.0,0.0,0.0,0.0,14.0,6.895833333333333,7.104166666666667,,,,0.0,0.0,0.0,2.5,51.5,124.0,-148.0,0.0,0.0,0.0,0.0,0.7975,0.6460417059331024,1.4693280067797474,PASS,moneyline,Florida State,124.0,0.0966794837247324,0.4895890552342555,6.1648690794719405,0.0,,,,
2026-09-29T04:27:27.369575+00:00,401858473,2026,5,2026-10-03T19:30:00.000Z,Ohio State,Iowa,27,20,26.60418515197811,19.698809616597675,-6.905375535380437,46.302994768575786,6.905375535380437,46.302994768575786,Ohio State,0.6630504918847046,66,0.3647175939903114,0.6352824060096887,DraftKings,True,-575.0,425.0,Ohio State,-575.0,STRONG,-18.88013599671473,-0.2542336972929742,-174,0.817258883248731,Iowa,18.19764772390424,0.9147673684491348,14.0,Iowa,14.0,STRONG,7.094624464619563,0.6759833896981156,45.5,O,46,,0.8029947685757861,0.5204589751516868,-6.317539587612021,45.55515579801556,-61.903651346494144,-8.717539587612022,17.80138976701135,1.0,DraftKings,14.0,45.5,0.0,0.0,425.0,-575.0,0.182741116751269,0.25,0.0,0.0,0.0,0.0,0.0,0.0,0.0,7.0,7.145833333333333,-0.145833333333333,,,,0.0,0.0,0.0,14.0,45.5,425.0,-575.0,0.0,0.0,0.0,0.0,0.7975,0.6392210312584594,7.094624464619563,BET,moneyline,Iowa,425.0,0.9147673684491348,0.3647175939903114,18.19764772390424,0.14,,,,
2026-09-29T04:27:27.369575+00:00,401862787,2026,5,2026-10-03T19:30:00.000Z,Memphis,Charlotte,33,16,33.12708426726154,16.476708536506997,-16.650375730754543,49.603792803768535,16.650375730754543,49.603792803768535,Memphis,0.8448632048713438,84,0.179347838597545,0.820652161402455,DraftKings,True,-1450.0,850.0,Memphis,-1450.0,STRONG,-9.062066609639809,-0.1227511378111687,-458,0.8988580750407831,Charlotte,7.820591363832806,0.7038044666766777,20.5,Charlotte,20.5,LEAN,3.849624269245457,0.5978167490631559,54.5,U,50,BET,4.896207196231465,0.6227959051533078,-11.941380006771148,50.73916646206148,-213.60836305385124,-14.341380006771152,14.66862715349701,1.0,DraftKings,20.5,54.5,0.0,0.0,850.0,-1450.0,0.1011419249592169,0.25,0.0,0.0,0.0,0.0,0.0,0.0,0.0,6.875,20.89583333333333,-14.020833333333332,,,,0.0,0.0,0.0,20.5,54.5,850.0,-1450.0,0.0,0.0,0.0,0.0,0.7975,0.6866758582644235,4.896207196231465,PASS,moneyline,Charlotte,850.0,0.7038044666766777,0.179347838597545,7.820591363832806,0.0,,,,
2026-09-29T04:27:27.369575+00:00,401864515,2026,5,2026-10-03T19:30:00.000Z,Wyoming,North Dakota State,17,31,17.445011623014977,31.23176837633773,13.78675675332275,48.6767799993527,-13.78675675332275,48.6767799993527,North Dakota State,0.7995860664198757,80,0.8169545015000119,0.8169545015000119,DraftKings,True,750.0,-1200.0,North Dakota State,-1200.0,STRONG,-12.34908566570474,-0.1149659567083204,-446,0.8869565217391304,Wyoming,7.000202023911853,0.5558867372498988,-18.5,Wyoming,18.5,BET,4.71324324667725,0.619157450029661,45.5,O,49,LEAN,3.1767799993527035,0.5804220157462994,12.085068082543792,44.708641500341805,130.1099555447379,9.685068082543795,14.60655055445303,1.0,DraftKings,-18.5,45.5,0.0,0.0,-1200.0,750.0,0.8869565217391304,0.25,0.0,0.0,0.0,0.0,0.0,0.0,0.0,13.708333333333334,7.020833333333333,6.687500000000001,,,,0.0,0.0,0.0,-18.5,45.5,-1200.0,750.0,0.0,0.0,0.0,0.0,0.7975,0.6876161894136917,4.71324324667725,PASS,moneyline,Wyoming,750.0,0.5558867372498988,0.183045498499988,7.00020202391185,0.0,,,,
2026-09-29T04:27:27.369575+00:00,401866430,2026,5,2026-10-03T19:30:00.000Z,Akron,Central Michigan,20,30,20.3858526808148,29.83733175988208,9.451479079067278,50.22318444069688,-9.451479079067278,50.22318444069688,Central Michigan,0.7176783856163303,72,0.7438697338569894,0.7438697338569894,DraftKings,True,195.0,-238.0,Central Michigan,-238.0,,1.353637378201078,0.0564200422002622,-290,0.6750312469954812,Central Michigan,6.8838486861508175,0.0564200422002622,-6.5,Central Michigan,-6.5,LEAN,2.951479079067278,0.5753101044493869,46.5,O,50,LEAN,3.723184440696876,0.5940146600215548,6.545483025869114,49.466756374435406,67.3369627536008,4.145483025869115,22.49536725186394,1.0,DraftKings,-6.5,46.5,0.0,0.0,-238.0,195.0,0.6750312469954812,0.25,0.0,0.0,0.0,0.0,0.0,0.0,0.0,6.875,7.145833333333333,-0.270833333333333,,,,0.0,0.0,0.0,-6.5,46.5,-238.0,195.0,0.0,0.0,0.0,0.0,0.7975,0.5681170514827028,3.723184440696876,LEAN,total,O,46.5,0.1340279873138773,0.5940146600215548,3.723184440696876,0.76,,,,
2026-09-29T04:27:27.369575+00:00,401866433,2026,5,2026-10-03T19:30:00.000Z,Eastern Michigan,Massachusetts,24,31,23.50380063087202,30.732352122638424,7.228551491766403,54.236152753510446,-7.228551491766403,54.236152753510446,Massachusetts,0.6702113132997162,67,0.6996991507890394,0.6996991507890394,DraftKings,True,180.0,-218.0,Massachusetts,-218.0,,-1.532327789525234,0.0206620639950208,-233,0.6574752261956054,Massachusetts,4.222392459343405,0.0206620639950208,-6.0,Massachusetts,-6.0,,1.228551491766403,0.5315035169521226,48.5,O,54,BET,5.736152753510446,0.6430034642220146,3.1485108225066014,53.83509764006634,-44.13873602092508,0.7485108225066028,19.79097085689323,1.0,DraftKings,-6.0,48.5,0.0,0.0,-218.0,180.0,0.6574752261956054,0.25,0.0,0.0,0.0,0.0,0.0,0.0,0.0,6.770833333333333,14.125,-7.354166666666667,,,,0.0,0.0,0.0,-6.0,48.5,-218.0,180.0,0.0,0.0,0.0,0.0,0.7975,0.6090830227073528,5.736152753510446,BET,total,O,48.5,0.2275520680602096,0.6430034642220146,5.736152753510446,0.91,,,,
2026-09-29T04:27:27.369575+00:00,401866434,2026,5,2026-10-03T19:30:00.000Z,Ohio,Kent State,34,22,33.58164245523182,21.94896568543229,-11.632676769799527,55.53060814066412,11.632676769799527,55.53060814066412,Ohio,0.7607996937586337,76,0.2643523103347296,0.7356476896652704,DraftKings,True,-162.0,136.0,Ohio,-162.0,STRONG,14.247908307161072,0.1897512018043261,-278,0.593369754159424,Ohio,14.227793550584645,0.1897512018043261,3.0,Ohio,-3.0,STRONG,8.632676769799529,0.7107101528700785,50.5,O,56,BET,5.030608140664121,0.6260537061174625,-10.024475842517065,56.95963738487795,-145.8758629423112,-12.424475842517062,20.55127528341332,1.0,DraftKings,3.0,50.5,0.0,0.0,136.0,-162.0,0.4066302458405761,0.25,0.0,0.0,0.0,0.0,0.0,0.0,0.0,7.145833333333333,13.854166666666666,-6.708333333333333,,,,0.0,0.0,0.0,3.0,50.5,136.0,-162.0,0.0,0.0,0.0,0.0,0.7975,0.5975659946131288,8.632676769799529,STRONG,spread,Ohio,-3.0,0.3568102918428771,0.7107101528700785,8.632676769799529,0.9,,,,
2026-09-29T04:27:27.369575+00:00,401866477,2026,5,2026-10-03T19:30:00.000Z,Bowling Green,Miami (OH),23,27,23.10250160899758,26.520800465965923,3.418298856968339,49.62330207496351,-3.418298856968339,49.62330207496351,Miami (OH),0.5825049145357295,58,0.6149651941849733,0.6149651941849733,DraftKings,True,410.0,-550.0,Miami (OH),-550.0,STRONG,-26.364893161811665,-0.2732229523268497,-160,0.8118668596237336,Bowling Green,19.69016654387604,0.963677509656636,-13.5,Bowling Green,13.5,STRONG,10.081701143031662,0.7417327142743555,42.5,O,50,BET,7.1233020749635045,0.675491194737115,9.403334490219953,49.20229706759147,91.487560502723,7.003334490219958,19.987408021763645,1.0,DraftKings,-13.5,42.5,0.0,0.0,-550.0,410.0,0.8118668596237336,0.25,0.0,0.0,0.0,0.0,0.0,0.0,0.0,7.0,6.9375,0.0625,,,,0.0,0.0,0.0,-13.5,42.5,-550.0,410.0,0.0,0.0,0.0,0.0,0.7975,0.604374220519901,10.081701143031662,BET,moneyline,Bowling Green,410.0,0.963677509656636,0.3850348058150267,19.690166543876032,0.14,,,,
2026-09-29T04:27:27.369575+00:00,401869956,2026,5,2026-10-03T19:30:00.000Z,Old Dominion,Georgia State,29,22,29.236973548402013,22.123118719225225,-7.113854829176784,51.36009226762724,7.113854829176784,51.36009226762724,Old Dominion,0.6676768688559664,67,0.3599436668670148,0.6400563331329852,DraftKings,True,-102.0,-118.0,Old Dominion,-102.0,STRONG,16.27263738064615,0.2675625420868921,-178,0.4826358742837298,Old Dominion,15.742045884925538,0.2675625420868921,-1.5,Old Dominion,1.5,STRONG,8.613854829176784,0.7102959335572214,50.5,O,51,,0.8600922676272376,0.5219123095313201,-1.4381734926192635,54.89243411135307,-93.77261182649067,-3.838173492619264,16.23634377676519,1.0,DraftKings,-1.5,50.5,0.0,0.0,-118.0,-102.0,0.5173641257162701,0.25,0.0,0.0,0.0,0.0,0.0,0.0,0.0,7.0625,6.895833333333333,0.1666666666666669,,,,0.0,0.0,0.0,-1.5,50.5,-118.0,-102.0,0.0,0.0,0.0,0.0,0.7975,0.6629282174982091,8.613854829176784,STRONG,spread,Old Dominion,1.5,0.3560195095183318,0.7102959335572214,8.613854829176784,0.99,,,,
2026-09-29T04:27:27.369575+00:00,401869962,2026,5,2026-10-03T19:45:00.000Z,Marshall,James Madison,17,34,17.167949031822836,34.33258678293124,17.164637751108405,51.50053581475407,-17.164637751108405,51.50053581475407,James Madison,0.8522163572944199,85,0.8618367689150863,0.8618367689150863,DraftKings,True,650.0,-1000.0,James Madison,-1000.0,BET,-5.687455179648914,-0.051979554193405,-624,0.8720930232558138,Marshall,1.0256254340727633,0.0362242331368526,-18.5,Marshall,18.5,,1.3353622488915953,0.534235981138404,55.5,U,52,LEAN,3.999464185245927,0.6008457261805884,16.904272520645137,54.47465855555829,135.40044381576172,14.504272520645138,15.421518798118807,1.0,DraftKings,-18.5,55.5,0.0,0.0,-1000.0,650.0,0.8720930232558138,0.25,0.0,0.0,0.0,0.0,0.0,0.0,0.0,6.90625,13.885416666666666,-6.979166666666666,,,,0.0,0.0,0.0,-18.5,55.5,-1000.0,650.0,0.0,0.0,0.0,0.0,0.7975,0.6752711183726628,3.999464185245927,LEAN,total,U,55.5,0.1470691136174869,0.6008457261805884,3.999464185245927,0.99,,,,
2026-09-29T04:27:27.369575+00:00,401858475,2026,5,2026-10-03T20:00:00.000Z,Maryland,Nebraska,19,38,18.83797414543589,38.34980272649919,19.511828581063305,57.187776871935085,-19.511828581063305,57.187776871935085,Nebraska,0.8827842260409055,88,0.8872806159065294,0.8872806159065294,DraftKings,True,490.0,-675.0,Nebraska,-675.0,,1.1816484105421576,0.01872959604083,-787,0.8370993168681029,Nebraska,5.01812990384265,0.01872959604083,-14.5,Nebraska,-14.5,BET,5.011828581063305,0.62645578117727,52.5,O,57,BET,4.687776871935085,0.6177264208733384,16.88235604562223,55.89849462808074,116.91181132082556,14.482356045622227,21.751255520876224,1.0,DraftKings,-14.5,52.5,0.0,0.0,-675.0,490.0,0.8370993168681029,0.25,0.0,0.0,0.0,0.0,0.0,0.0,0.0,6.958333333333333,7.104166666666667,-0.1458333333333339,,,,0.0,0.0,0.0,-14.5,52.5,-675.0,490.0,0.0,0.0,0.0,0.0,0.7975,0.5793887939743937,5.011828581063305,STRONG,spread,Nebraska,-14.5,0.1959610367929699,0.62645578117727,5.011828581063305,0.87,,,,
2026-09-29T04:27:27.369575+00:00,401864514,2026,5,2026-10-03T20:00:00.000Z,UTEP,New Mexico,14,37,13.996738984551026,37.3018328263761,23.30509384182507,51.29857181092712,-23.30509384182507,51.29857181092712,New Mexico,0.9222218259468418,92,0.9197688094770872,0.9197688094770872,DraftKings,True,1100.0,-2100.0,New Mexico,-2100.0,BET,-3.232362859861282,-0.0364326757859088,-1146,0.9197080291970804,New Mexico,0.0060780280006667,-0.0364326757859088,-22.5,New Mexico,-22.5,,0.8050938418250695,0.5206571353432592,48.5,O,51,LEAN,2.798571810927122,0.5709559458935376,20.95987345014652,53.19147044702383,183.6895123817992,18.55987345014652,16.480214353080534,1.0,DraftKings,-22.5,48.5,0.0,0.0,-2100.0,1100.0,0.9197080291970804,0.25,0.0,0.0,0.0,0.0,0.0,0.0,0.0,7.020833333333333,6.791666666666667,0.229166666666666,,,,0.0,0.0,0.0,-22.5,48.5,-2100.0,1100.0,0.0,0.0,0.0,0.0,0.7975,0.6592340863307322,2.798571810927122,LEAN,total,O,48.5,0.0900068057967535,0.5709559458935376,2.798571810927122,0.59,,,,
2026-09-29T04:27:27.369575+00:00,401856709,2026,5,2026-10-03T20:15:00.000Z,Kentucky,South Carolina,24,31,23.692600243880754,31.288289251973268,7.595689008092516,54.98088949585402,-7.595689008092516,54.98088949585402,South Carolina,0.6782710558573314,68,0.7072888004854927,0.7072888004854927,DraftKings,True,120.0,-142.0,South Carolina,-142.0,STRONG,9.14941963531991,0.205379505052741,-242,0.5634920634920635,South Carolina,14.37967369934292,0.205379505052741,-2.5,South Carolina,-2.5,BET,5.095689008092516,0.628497580109034,53.5,O,55,,1.4808894958540222,0.5376909153143052,4.969104487152304,53.40412071811144,-19.22254897221228,2.5691044871523068,25.490348309291942,1.0,DraftKings,-2.5,53.5,0.0,0.0,-142.0,120.0,0.5634920634920635,0.25,0.0,0.0,0.0,0.0,0.0,0.0,0.0,6.885416666666667,7.145833333333333,-0.2604166666666661,,,,0.0,0.0,0.0,-2.5,53.5,-142.0,120.0,0.0,0.0,0.0,0.0,0.7975,0.5227493280065381,5.095689008092516,STRONG,moneyline,South Carolina,-142.0,0.205379505052741,0.7072888004854927,14.37967369934292,0.15,,,,
2026-09-29T04:27:27.369575+00:00,401858472,2026,5,2026-10-03T20:15:00.000Z,Purdue,Illinois,23,36,22.80534315279122,36.10269221310216,13.297349060310935,58.908035365893376,-13.297349060310935,58.908035365893376,Illinois,0.7911218207970042,79,0.8095892614092197,0.8095892614092197,DraftKings,True,295.0,-375.0,Illinois,-375.0,,0.1648136586477888,0.0254797311183449,-425,0.7571884984025559,Illinois,5.240076300666385,0.0254797311183449,-10.0,Illinois,-10.0,LEAN,3.2973490603109354,0.5840106374461642,61.5,U,59,LEAN,2.591964634106624,0.5657671766144778,12.49822211441344,60.14721035026868,175.33395120074806,10.098222114413442,16.348359154350444,1.0,DraftKings,-10.0,61.5,0.0,0.0,-375.0,295.0,0.7571884984025559,0.25,0.0,0.0,0.0,0.0,0.0,0.0,0.0,7.177083333333333,7.09375,0.083333333333333,,,,0.0,0.0,0.0,-10.0,61.5,-375.0,295.0,0.0,0.0,0.0,0.0,0.7975,0.6612314178931624,3.2973490603109354,BET,spread,Illinois,-10.0,0.1149293987608589,0.5840106374461642,3.2973490603109354,0.76,,,,
2026-09-29T04:27:27.369575+00:00,401860899,2026,5,2026-10-03T22:00:00.000Z,Oregon State,Colorado State,27,30,26.97057430362003,30.329359175779626,3.3587848721595965,57.299933479399655,-3.3587848721595965,57.299933479399655,Colorado State,0.5810885947810317,58,0.6135676038450617,0.6135676038450617,DraftKings,True,-230.0,190.0,Colorado State,190.0,STRONG,23.626100857413512,0.7793460511506789,-159,0.3309929789368104,Colorado State,28.257462490825127,0.7793460511506789,6.0,Colorado State,6.0,STRONG,9.358784872159596,0.7264732369549389,60.5,U,57,LEAN,3.2000665206003447,0.5810033882326382,0.9004549229835206,55.29910503271504,-0.0323585863511652,-1.4995450770164744,15.43800263352118,1.0,DraftKings,6.0,60.5,0.0,0.0,190.0,-230.0,0.3309929789368104,0.25,0.0,0.0,0.0,0.0,0.0,0.0,0.0,7.25,6.875,0.375,,,,0.0,0.0,0.0,6.0,60.5,190.0,-230.0,0.0,0.0,0.0,0.0,0.7975,0.6750214226076408,9.358784872159596,STRONG,moneyline,Colorado State,190.0,0.7793460511506789,0.6135676038450617,28.257462490825127,0.28,,,,
2026-09-29T04:27:27.369575+00:00,401856711,2026,5,2026-10-03T23:00:00.000Z,Arkansas,Texas A&M,21,34,21.418277547789263,34.15170893994905,12.73343139215979,55.56998648773832,-12.73343139215979,55.56998648773832,Texas A&M,0.7811123989004038,78,0.8008242159508953,0.8008242159508953,DraftKings,True,455.0,-625.0,Texas A&M,-625.0,STRONG,-8.095656661683748,-0.0710439094969614,-402,0.827123695976155,Arkansas,2.6299480025259725,0.1054256014725313,-14.0,Arkansas,14.0,,1.2665686078402096,0.532476258837118,51.5,O,56,LEAN,4.069986487738319,0.602584556322609,9.985038823473566,56.96014140863228,131.16788910302444,7.585038823473562,23.38551176957481,1.0,DraftKings,-14.0,51.5,0.0,0.0,-625.0,455.0,0.827123695976155,0.25,0.0,0.0,0.0,0.0,0.0,0.0,0.0,6.979166666666667,6.958333333333333,0.0208333333333339,,,,0.0,0.0,0.0,-14.0,51.5,-625.0,455.0,0.0,0.0,0.0,0.0,0.7975,0.5546332165071283,4.069986487738319,BET,total,O,51.5,0.1503886984340716,0.602584556322609,4.069986487738319,0.83,,,,
2026-09-29T04:27:27.369575+00:00,401856818,2026,5,2026-10-03T23:00:00.000Z,BYU,TCU,26,24,26.21044230029938,24.1235068867275,-2.0869354135718794,50.33394918702688,2.0869354135718794,50.33394918702688,BYU,0.5505989012924416,55,0.4806618446833725,0.5193381553166275,DraftKings,True,-250.0,205.0,BYU,-250.0,STRONG,-16.36868129932727,-0.2729265825567214,-108,0.6853932584269663,TCU,16.605510311033882,0.4660186262842859,6.5,TCU,6.5,BET,4.413064586428121,0.6117771894780424,48.5,O,50,,1.8339491870268816,0.5466397308539485,-1.794844028097927,48.744623469466426,-86.67468125545315,-4.1948440280979264,13.781918705093087,1.0,DraftKings,6.5,48.5,0.0,0.0,205.0,-250.0,0.3146067415730336,0.25,0.0,0.0,0.0,0.0,0.0,0.0,0.0,7.145833333333333,13.979166666666666,-6.833333333333333,,,,0.0,0.0,0.0,6.5,48.5,205.0,-250.0,0.0,0.0,0.0,0.0,0.7975,0.7001076439484754,4.413064586428121,BET,moneyline,TCU,205.0,0.4660186262842859,0.4806618446833725,16.605510311033882,0.16,,,,
2026-09-29T04:27:27.369575+00:00,401862788,2026,5,2026-10-03T23:00:00.000Z,UTSA,Rice,33,23,33.34047982542086,23.3529609781188,-9.98751884730206,56.69344080353966,9.98751884730206,56.69344080353966,UTSA,0.728613133584553,73,0.2972521924014618,0.7027478075985382,DraftKings,True,-440.0,340.0,UTSA,-440.0,STRONG,-8.620168123026172,-0.1375367815836122,-236,0.7819063004846527,Rice,7.915849288611448,0.307909646566432,11.5,Rice,11.5,,1.512481152697939,0.5387634718648524,54.5,O,57,,2.193440803539658,0.555727273883265,-10.566866514641276,60.38343380528774,-141.4346196341371,-12.966866514641278,17.547703765833205,1.0,DraftKings,11.5,54.5,0.0,0.0,340.0,-440.0,0.2180936995153473,0.25,0.0,0.0,0.0,0.0,0.0,0.0,0.0,6.875,7.291666666666667,-0.4166666666666669,,,,0.0,0.0,0.0,11.5,54.5,340.0,-440.0,0.0,0.0,0.0,0.0,0.7975,0.6430638456638059,2.193440803539658,PASS,moneyline,Rice,340.0,0.307909646566432,0.2972521924014618,7.915849288611448,0.0,,,,
2026-09-29T04:27:27.369575+00:00,401869942,2026,5,2026-10-03T23:00:00.000Z,Georgia Southern,Coastal Carolina,27,28,27.24196864323388,27.608527518721413,0.3665588754875348,54.85049616195529,-0.3665588754875348,54.85049616195529,Coastal Carolina,0.508910644332613,51,0.5413489312110797,0.5413489312110797,DraftKings,True,-135.0,114.0,Coastal Carolina,114.0,BET,4.162092470644479,0.1584867127917105,-118,0.448558885283451,Coastal Carolina,9.279004592762874,0.1584867127917105,2.5,Coastal Carolina,2.5,LEAN,2.866558875487535,0.5731680996700672,54.5,O,55,,0.3504961619552915,0.5089332322064539,-0.6724277697792154,54.98845829550034,-36.04689759093708,-3.0724277697792086,12.031185352099316,1.0,DraftKings,2.5,54.5,0.0,0.0,114.0,-135.0,0.448558885283451,0.25,0.0,0.0,0.0,0.0,0.0,0.0,0.0,8.979166666666666,7.125,1.854166666666666,,,,0.0,0.0,0.0,2.5,54.5,114.0,-135.0,0.0,0.0,0.0,0.0,0.7975,0.726627606885179,2.866558875487535,BET,moneyline,Coastal Carolina,114.0,0.1584867127917105,0.5413489312110797,9.279004592762874,0.1,,,,
2026-09-29T04:27:27.369575+00:00,401871089,2026,5,2026-10-03T23:00:00.000Z,UL Monroe,South Alabama,19,38,18.81836337833592,38.251417257399424,19.43305387906351,57.06978063573534,-19.43305387906351,57.06978063573534,South Alabama,0.8818370508074798,88,0.8864974093976342,0.8864974093976342,DraftKings,True,440.0,-600.0,South Alabama,-600.0,LEAN,2.4694193664622666,0.0342469776305732,-781,0.8223350253807106,South Alabama,6.416238401692365,0.0342469776305732,-14.0,South Alabama,-14.0,BET,5.433053879063511,0.6366745989011628,56.5,O,57,,0.5697806357353414,0.5145202274494366,12.689666300138306,57.49494229172067,109.59921386586348,10.289666300138304,14.71093445510769,1.0,DraftKings,-14.0,56.5,0.0,0.0,-600.0,440.0,0.8223350253807106,0.25,0.0,0.0,0.0,0.0,0.0,0.0,0.0,7.260416666666667,6.958333333333333,0.3020833333333339,,,,0.0,0.0,0.0,-14.0,56.5,-600.0,440.0,0.0,0.0,0.0,0.0,0.7975,0.6860349907852333,5.433053879063511,STRONG,spread,South Alabama,-14.0,0.2154696888113109,0.6366745989011628,5.433053879063511,1.03,,,,
2026-09-29T04:27:27.369575+00:00,401856821,2026,5,2026-10-03T23:30:00.000Z,Texas Tech,Colorado,33,16,32.841089032770626,16.135581016273555,-16.70550801649707,48.97667004904418,16.70550801649707,48.97667004904418,Texas Tech,0.8456628756246767,85,0.1785450209339578,0.8214549790660421,DraftKings,True,-550.0,410.0,Texas Tech,-550.0,,-0.0490970529169465,-0.0291895701946774,-460,0.8118668596237336,Texas Tech,0.9588119442308528,-0.0291895701946774,13.5,Texas Tech,-13.5,LEAN,3.2055080164970704,0.5817041571661237,50.5,U,49,,1.5233299509558194,0.5387677310996781,-14.216000132001785,50.05273855294435,-187.1693405685719,-16.616000132001787,14.85353606277294,1.0,DraftKings,13.5,50.5,0.0,0.0,410.0,-550.0,0.1881331403762662,0.25,0.0,0.0,0.0,0.0,0.0,0.0,0.0,7.3125,7.3125,0.0,,,,0.0,0.0,0.0,13.5,50.5,410.0,-550.0,0.0,0.0,0.0,0.0,0.7975,0.6838748735157875,3.2055080164970704,BET,spread,Texas Tech,-13.5,0.110526118226236,0.5817041571661237,3.2055080164970704,0.76,,,,
2026-09-29T04:27:27.369575+00:00,401858249,2026,5,2026-10-03T23:30:00.000Z,Miami,Clemson,31,17,30.85267397153233,16.80400367863021,-14.048670292902113,47.656677650162536,14.048670292902113,47.656677650162536,Miami,0.8040299333982539,80,0.2204720781134333,0.7795279218865667,DraftKings,True,-800.0,550.0,Miami,-800.0,STRONG,-8.485895549063493,-0.1230310878776124,-354,0.8524590163934427,Clemson,7.293109450687591,0.4330685077373164,16.5,Clemson,16.5,LEAN,2.4513297070978872,0.5626645269245675,48.5,U,48,,0.8433223498374645,0.5214854848474896,-11.487345233953594,47.11781846434502,-83.05865693843771,-13.887345233953594,18.63265232090964,1.0,DraftKings,16.5,48.5,0.0,0.0,550.0,-800.0,0.1475409836065574,0.25,0.0,0.0,0.0,0.0,0.0,0.0,0.0,7.875,7.041666666666667,0.833333333333333,,,,0.0,0.0,0.0,16.5,48.5,550.0,-800.0,0.0,0.0,0.0,0.0,0.7975,0.6266291353638875,2.4513297070978872,PASS,moneyline,Clemson,550.0,0.4330685077373164,0.2204720781134333,7.293109450687591,0.0,,,,
2026-09-29T04:27:27.369575+00:00,401858478,2026,5,2026-10-03T23:30:00.000Z,Washington,USC,25,31,24.879041313134,30.592661565982272,5.7136202528482745,55.47170287911627,-5.7136202528482745,55.47170287911627,USC,0.6361471865859122,64,0.6672383781071911,0.6672383781071911,DraftKings,True,295.0,-375.0,USC,-375.0,STRONG,-15.332649762461417,-0.1548313877308912,-201,0.7571884984025559,Washington,8.995012029536479,0.3144084064765952,-9.5,Washington,9.5,LEAN,3.7863797471517255,0.5962415506059272,57.5,U,55,,2.028297120883728,0.5515559703154611,4.449756986029033,56.02796727969627,24.251092044442657,2.049756986029037,14.685906838337337,1.0,DraftKings,-9.5,57.5,0.0,0.0,-375.0,295.0,0.7571884984025559,0.25,0.0,0.0,0.0,0.0,0.0,0.0,0.0,7.0,6.854166666666667,0.145833333333333,,,,0.0,0.0,0.0,-9.5,57.5,-375.0,295.0,0.0,0.0,0.0,0.0,0.7975,0.686414107038436,3.7863797471517255,PASS,moneyline,Washington,295.0,0.3144084064765952,0.3327616218928089,8.995012029536475,0.0,,,,
2026-09-29T04:27:27.369575+00:00,401860898,2026,5,2026-10-03T23:30:00.000Z,Utah State,Boise State,17,32,17.37255850133236,32.36195094557503,14.989392444242672,49.7345094469074,-14.989392444242672,49.7345094469074,Boise State,0.8194918816828942,82,0.8341101904978081,0.8341101904978081,DraftKings,True,900.0,-1600.0,Boise State,-1600.0,STRONG,-12.168458890534106,-0.1137579225960788,-503,0.9039548022598868,Utah State,6.9844611762078905,0.658898095021919,-19.5,Utah State,19.5,BET,4.510607555757327,0.6141799773100008,51.5,U,50,,1.7654905530926044,0.5449062529258325,9.925735689808064,50.6287157167684,127.8821216846734,7.525735689808061,17.248874377941718,1.0,DraftKings,-19.5,51.5,0.0,0.0,-1600.0,900.0,0.9039548022598868,0.25,0.0,0.0,0.0,0.0,0.0,0.0,0.0,7.166666666666667,7.0,0.1666666666666669,,,,0.0,0.0,0.0,-19.5,51.5,-1600.0,900.0,0.0,0.0,0.0,0.0,0.7975,0.6475904883291371,4.510607555757327,PASS,moneyline,Utah State,900.0,0.658898095021919,0.1658898095021919,6.984461176207879,0.0,,,,
2026-09-29T04:27:27.369575+00:00,401862792,2026,5,2026-10-03T23:30:00.000Z,Temple,South Florida,18,34,18.364636993831745,34.20116009125399,15.836523097422246,52.56579708508573,-15.836523097422246,52.56579708508573,South Florida,0.8327409182766734,83,0.8454041849917563,0.8454041849917563,DraftKings,True,195.0,-238.0,South Florida,-238.0,STRONG,12.859890644235383,0.2006160274252673,-547,0.6750312469954812,South Florida,17.037293799627506,0.2006160274252673,-6.0,South Florida,-6.0,STRONG,9.836523097422246,0.7366073078168124,49.5,O,53,LEAN,3.065797085085734,0.5776488191834313,12.09580255734491,54.38914910414081,176.2925111185698,9.695802557344912,11.491310256272062,1.0,DraftKings,-6.0,49.5,0.0,0.0,-238.0,195.0,0.6750312469954812,0.25,0.0,0.0,0.0,0.0,0.0,0.0,0.0,7.104166666666667,8.145833333333334,-1.041666666666667,,,,0.0,0.0,0.0,-6.0,50.5,-238.0,195.0,0.0,-1.0,0.0,0.0,0.7975,0.7348055898471789,9.836523097422246,STRONG,spread,South Florida,-6.0,0.4062503149230054,0.7366073078168124,9.836523097422246,1.1,,,,
2026-09-29T04:27:27.369575+00:00,401869842,2026,5,2026-10-03T23:30:00.000Z,Army,Louisiana Tech,25,22,24.808171824929573,21.71503300705132,-3.0931388178782555,46.52320483198089,3.0931388178782555,46.52320483198089,Army,0.5747541509965453,57,0.4558364073928371,0.5441635926071628,DraftKings,True,-130.0,110.0,Army,-130.0,,0.9536759692197472,-0.0372490284642503,-119,0.5427435387673957,Army,0.1420053839767177,-0.0372490284642503,2.5,Army,-2.5,,0.5931388178782555,0.5152218951110002,46.5,O,47,,0.023204831980891,0.500591479808857,-2.8684215839563443,46.64965712594704,-82.2115301603003,-5.268421583956343,12.865466734543237,1.0,DraftKings,2.5,46.5,0.0,0.0,110.0,-130.0,0.4572564612326044,0.25,0.0,0.0,0.0,0.0,0.0,0.0,0.0,14.145833333333334,8.145833333333334,6.0,,,,0.0,0.0,0.0,2.5,46.5,110.0,-130.0,0.0,0.0,0.0,0.0,0.7975,0.713989982027367,0.5931388178782555,PASS,,,,0.0,,,0.0,,,,
2026-09-29T04:27:27.369575+00:00,401858477,2026,5,2026-10-04T00:00:00.000Z,Indiana,Rutgers,39,16,39.31623599600773,16.027321724694808,-23.28891427131292,55.34355772070254,23.28891427131292,55.34355772070254,Indiana,0.922078241288177,92,0.1016780555317436,0.8983219444682563,DraftKings,True,-2400.0,1200.0,Indiana,-2400.0,BET,-3.7921758711823017,-0.064247974512233,-883,0.9258160237388724,Rutgers,2.749407927061605,0.3218147219126676,24.5,Rutgers,24.5,,1.2110857286870775,0.5310565580063737,56.5,U,55,,1.1564422792974582,0.5294503587436061,-20.448439475463783,57.6031270031848,-266.78349135322765,-22.84843947546379,13.858687066387702,1.0,DraftKings,24.5,56.5,0.0,0.0,1200.0,-2400.0,0.0741839762611276,0.25,0.0,0.0,0.0,0.0,0.0,0.0,0.0,14.1875,8.0,6.1875,,,,0.0,0.0,0.0,24.5,56.5,1200.0,-2400.0,0.0,0.0,0.0,0.0,0.7975,0.698944763208948,1.2110857286870775,PASS,moneyline,Rutgers,1200.0,0.3218147219126676,0.1016780555317436,2.749407927061605,0.0,,,,
2026-09-29T04:27:27.369575+00:00,401869932,2026,5,2026-10-04T00:00:00.000Z,Arkansas State,Louisiana,23,25,23.4477673724228,25.1229850450092,1.6752176725864087,48.570752417432,-1.6752176725864087,48.570752417432,Louisiana,0.5406554647259078,54,0.5733360582949737,0.5733360582949737,DraftKings,True,205.0,-250.0,Louisiana,-250.0,STRONG,-17.363024955980656,-0.1973295183870368,-134,0.6853932584269663,Arkansas State,11.205720013199269,0.3013250222003302,-6.5,Arkansas State,6.5,BET,4.824782327413591,0.621888924509988,46.5,O,49,,2.070752417431997,0.5526288963799565,6.146767928147561,50.90316943213555,27.89959301056342,3.7467679281475617,14.579052973228803,1.0,DraftKings,-6.5,46.5,0.0,0.0,-250.0,205.0,0.6853932584269663,0.25,0.0,0.0,0.0,0.0,0.0,0.0,0.0,7.0625,7.041666666666667,0.020833333333333,,,,0.0,0.0,0.0,-6.5,46.5,-250.0,205.0,0.0,0.0,0.0,0.0,0.7975,0.6880327204826112,4.824782327413591,BET,moneyline,Arkansas State,205.0,0.3013250222003302,0.4266639417050263,11.205720013199262,0.1,,,,
2026-09-29T04:27:27.369575+00:00,401860921,2026,5,2026-10-04T01:30:00.000Z,Fresno State,Washington State,24,23,23.870773728730832,23.17490791946023,-0.6958658092705976,47.04568164819106,0.6958658092705976,47.04568164819106,Fresno State,0.5169120728965264,52,0.5151147758280449,0.4848852241719551,DraftKings,True,110.0,-130.0,Fresno State,110.0,BET,4.072159670605025,0.0182589707611058,106,0.4572564612326044,Fresno State,2.762876293935074,0.0182589707611058,-2.5,Fresno State,2.5,LEAN,3.1958658092705976,0.5814618399201087,46.5,O,47,,0.5456816481910636,0.5139063457815701,-1.8091789667192053,44.19878797040551,-88.09022214831407,-4.209178966719204,17.625953464334962,1.0,DraftKings,-2.5,46.5,0.0,0.0,-130.0,110.0,0.5427435387673957,0.25,0.0,0.0,0.0,0.0,0.0,0.0,0.0,7.083333333333333,6.979166666666667,0.104166666666666,,,,0.0,0.0,0.0,-2.5,46.5,-130.0,110.0,0.0,0.0,0.0,0.0,0.7975,0.6418785257517095,3.1958658092705976,BET,spread,Fresno State,2.5,0.1100635125747528,0.5814618399201087,3.1958658092705976,0.71,,,,
2026-09-29T04:27:27.369575+00:00,401856817,2026,5,2026-10-04T02:30:00.000Z,Baylor,Arizona State,25,29,25.04618754653705,28.615690964558457,3.569503418021404,53.66187851109551,-3.569503418021404,53.66187851109551,Arizona State,0.5860984439963259,59,0.6185074238503827,0.6185074238503827,DraftKings,True,160.0,-192.0,Arizona State,-192.0,STRONG,-7.143580257901649,-0.0593532928942096,-162,0.6309403437815976,Baylor,1.2432919931214814,-0.0081193020109949,-4.0,Baylor,4.0,,0.4304965819785966,0.5110492288710465,49.5,O,54,LEAN,4.161878511095509,0.6048472278661534,2.15359278656214,54.32318624440354,47.43332340821348,-0.2464072134378585,14.187805577433569,1.0,DraftKings,-4.0,49.5,0.0,0.0,-192.0,160.0,0.6309403437815976,0.25,0.0,0.0,0.0,0.0,0.0,0.0,0.0,14.4375,7.4375,7.0,,,,0.0,0.0,0.0,-4.0,49.5,-192.0,160.0,0.0,0.0,0.0,0.0,0.7975,0.6939593034301678,4.161878511095509,BET,total,O,49.5,0.154708344108111,0.6048472278661534,4.161878511095509,1.04,,,,
2026-09-29T04:27:27.369575+00:00,401860900,2026,5,2026-10-04T02:30:00.000Z,Texas State,San Diego State,23,31,22.51578625413716,31.24134060562732,8.72555435149016,53.75712685976448,-8.72555435149016,53.75712685976448,San Diego State,0.7025406463697983,70,0.7299232953221315,0.7299232953221315,DraftKings,True,-192.0,160.0,San Diego State,160.0,STRONG,31.792526175441367,0.897800567837542,-270,0.3690596562184025,San Diego State,36.0863639103729,0.897800567837542,4.5,San Diego State,4.5,STRONG,13.22555435149016,0.8026109998322797,59.5,U,54,BET,5.742873140235524,0.6431636242938568,0.0105486757163539,55.94210406844081,-43.678046460000814,-2.389451324283641,18.1791817018314,1.0,DraftKings,4.5,59.5,0.0,0.0,160.0,-192.0,0.3690596562184025,0.25,0.0,0.0,0.0,0.0,0.0,0.0,0.0,7.4375,14.4375,-7.0,,,,0.0,0.0,0.0,4.5,59.5,160.0,-192.0,0.0,0.0,0.0,0.0,0.7975,0.5619798619035123,13.22555435149016,STRONG,moneyline,San Diego State,160.0,0.897800567837542,0.7299232953221315,36.0863639103729,0.32,,,,
2026-09-29T04:27:27.369575+00:00,401856820,2026,5,2026-10-04T03:00:00.000Z,Cincinnati,Arizona,23,32,23.438194720103336,32.22273980832496,8.78454508822162,55.66093452842829,-8.78454508822162,55.66093452842829,Arizona,0.7037845185582133,70,0.7310743090801848,0.7310743090801848,DraftKings,True,235.0,-290.0,Arizona,-290.0,BET,-3.980522503153028,-0.0168311015818204,-272,0.7135512302607419,Arizona,1.7523078819442928,-0.0168311015818204,-7.0,Arizona,-7.0,,1.7845450882216198,0.5457079579933944,54.5,O,56,,1.1609345284282924,0.5295645506613222,6.822558485929832,55.53884505847343,29.22569998334893,4.422558485929836,12.727964125769825,1.0,DraftKings,-7.0,54.5,0.0,0.0,-290.0,235.0,0.7135512302607419,0.25,0.0,0.0,0.0,0.0,0.0,0.0,0.0,7.145833333333333,7.166666666666667,-0.0208333333333339,,,,0.0,0.0,0.0,-7.0,54.5,-290.0,235.0,0.0,0.0,0.0,0.0,0.7975,0.7160728600865159,1.7845450882216198,PASS,,,,0.0,,,0.0,,,,
2026-09-29T04:27:27.369575+00:00,401864513,2026,5,2026-10-04T03:59:00.000Z,San José State,Hawai'i,21,28,21.35718460381696,27.596290638408423,6.239106034591464,48.95347524222538,-6.239106034591464,48.95347524222538,Hawai'i,0.6481020639407713,65,0.6786995393130479,0.6786995393130479,DraftKings,True,120.0,-142.0,Hawai'i,-142.0,STRONG,6.132520443663903,0.1566569613644901,-211,0.5634920634920635,Hawai'i,11.520747582098444,0.1566569613644901,-3.0,Hawai'i,-3.0,LEAN,3.2391060345914644,0.5825482624243714,51.5,U,49,LEAN,2.54652475777462,0.5646244374008444,5.155631541663109,51.51285519941719,39.007142623184336,2.755631541663112,13.754445015620842,1.0,DraftKings,-3.0,51.5,0.0,0.0,-142.0,120.0,0.5634920634920635,0.25,0.0,0.0,0.0,0.0,0.0,0.0,0.0,7.374305555555556,14.040972222222225,-6.666666666666667,,,,0.0,0.0,0.0,-3.0,51.5,-142.0,120.0,0.0,0.0,0.0,0.0,0.7975,0.7005238131071269,3.2391060345914644,STRONG,moneyline,Hawai'i,-142.0,0.1566569613644901,0.6786995393130479,11.520747582098444,0.16,,,,
2026-09-29T04:28:25.016158+00:00,401871049,2026,5,2026-10-02T00:00:00.000Z,Western Kentucky,New Mexico State,29,23,29.375893327113893,22.94888830802456,-6.427005019089334,52.32478163513845,6.427005019089334,52.32478163513845,Western Kentucky,0.6523422228350664,65,0.3757715458843073,0.6242284541156927,Draft Kings,True,110.0,-130.0,Western Kentucky,110.0,STRONG,17.615174664459023,0.3108797536429547,-166,0.4572564612326044,Western Kentucky,16.697199288308834,0.3108797536429547,-2.5,Western Kentucky,2.5,STRONG,8.927005019089334,0.7171510113351609,56.5,U,52,LEAN,4.17521836486155,0.6051754054666025,1.4908568508229223,56.24803983885192,-114.16383763618228,-0.9091431491770728,17.58033307200067,1.0,Draft Kings,-2.5,56.5,0.0,0.0,-130.0,110.0,0.5427435387673957,0.25,0.0,0.0,0.0,0.0,0.0,0.0,0.0,5.1875,12.166666666666666,-6.979166666666666,,,,0.0,0.0,0.0,-2.5,56.5,-130.0,110.0,0.0,0.0,0.0,0.0,0.7975,0.6425695796530899,8.927005019089334,STRONG,spread,Western Kentucky,2.5,0.3691064761853071,0.7171510113351609,8.927005019089334,0.96,,,,
2026-09-29T04:28:25.016158+00:00,401862786,2026,5,2026-10-02T01:00:00.000Z,North Texas,Tulsa,33,22,32.83360787420472,22.05535720638396,-10.77825066782077,54.88896508058868,10.77825066782077,54.88896508058868,North Texas,0.7443484252176478,74,0.2811455245470325,0.7188544754529674,Draft Kings,True,100.0,-120.0,North Texas,100.0,STRONG,24.43484252176478,0.4377089509059348,-256,0.4782608695652174,North Texas,24.059360588775004,0.4377089509059348,-1.5,North Texas,1.5,STRONG,12.27825066782077,0.785245217549803,57.5,U,55,LEAN,2.611034919411317,0.5662466002677328,-9.508278155766844,61.31967257671526,-132.40035475631498,-11.90827815576684,20.134369327589887,1.0,Draft Kings,-1.5,57.5,0.0,0.0,-120.0,100.0,0.5217391304347826,0.25,0.0,0.0,0.0,0.0,0.0,0.0,0.0,5.041666666666667,12.375,-7.333333333333333,,,,0.0,0.0,0.0,-1.5,57.5,-120.0,100.0,0.0,0.0,0.0,0.0,0.7975,0.5557285010485407,12.27825066782077,STRONG,spread,North Texas,1.5,0.4991045062314421,0.785245217549803,12.27825066782077,0.83,,,,
2026-09-29T04:28:25.016158+00:00,401858245,2026,5,2026-10-02T23:00:00.000Z,Pittsburgh,Virginia Tech,26,26,25.52167300555404,25.978192916821875,0.4565199112678328,51.49986592237592,-0.4565199112678328,51.49986592237592,Virginia Tech,0.51109698995318,51,0.5435618637610956,0.5435618637610956,Draft Kings,True,136.0,-162.0,Virginia Tech,-162.0,STRONG,-10.722362073384296,-0.1209061215715614,-119,0.593369754159424,Pittsburgh,4.980789039832828,0.0771940015238143,-3.5,Pittsburgh,3.5,LEAN,3.043480088732167,0.5776282045275216,54.5,U,51,LEAN,3.0001340776240824,0.5760062347224522,-1.873495179031185,52.32890263301809,-61.04675057396412,-4.273495179031182,13.721754640711014,1.0,Draft Kings,-3.5,54.5,0.0,0.0,-162.0,136.0,0.593369754159424,0.25,0.0,0.0,0.0,0.0,0.0,0.0,0.0,6.291666666666667,14.979166666666666,-8.6875,,,,0.0,0.0,0.0,-3.5,54.5,-162.0,136.0,0.0,0.0,0.0,0.0,0.7975,0.701019004182063,3.043480088732167,BET,spread,Pittsburgh,3.5,0.1027447540979957,0.5776282045275216,3.043480088732167,0.72,,,,
2026-09-29T04:28:25.016158+00:00,401871050,2026,5,2026-10-02T23:00:00.000Z,Liberty,Delaware,29,24,29.4564687766858,24.445214173733085,-5.011254602952713,53.90168295041888,5.011254602952713,53.90168295041888,Liberty,0.6199608999073486,62,0.4092128949486176,0.5907871050513824,Draft Kings,True,-270.0,220.0,Liberty,-270.0,STRONG,-10.976882982238113,-0.1904028560406981,-144,0.7001620745542949,Delaware,10.937496950291264,0.3094812638355764,7.0,Delaware,7.0,,1.988745397047288,0.5509111650830183,49.5,O,54,LEAN,4.401682950418881,0.6107351622432623,-4.8077698462581,55.08677650869356,-17.556428727406,-7.207769846258097,17.503259713264278,1.0,Draft Kings,7.0,49.5,0.0,0.0,220.0,-270.0,0.299837925445705,0.25,0.0,0.0,0.0,0.0,0.0,0.0,0.0,6.041666666666667,7.979166666666667,-1.9375,,,,0.0,0.0,0.0,7.0,49.5,220.0,-270.0,0.0,0.0,0.0,0.0,0.7975,0.6437370804684489,4.401682950418881,BET,moneyline,Delaware,220.0,0.3094812638355764,0.4092128949486176,10.937496950291264,0.09,,,,
2026-09-29T04:28:25.016158+00:00,401858476,2026,5,2026-10-03T00:00:00.000Z,Penn State,Northwestern,27,24,27.13909315553469,23.699002082274543,-3.4400910732601453,50.83809523780924,3.4400910732601453,50.83809523780924,Penn State,0.5830232612909794,58,0.4473206468163413,0.5526793531836587,Draft Kings,True,-142.0,120.0,Penn State,-142.0,,-0.3753598213152909,-0.0581098347151732,-124,0.5634920634920635,Northwestern,1.0812710308404916,-0.015894577004049,2.5,Penn State,-2.5,,0.9400910732601452,0.5241169813343479,45.5,O,51,BET,5.338095237809242,0.633472897822207,-3.827395250453783,49.44196316682065,-83.69981449003899,-6.227395250453782,18.78524557064416,1.0,Draft Kings,2.5,45.5,0.0,0.0,120.0,-142.0,0.4365079365079364,0.25,0.0,0.0,0.0,0.0,0.0,0.0,0.0,7.0,6.125,0.875,,,,0.0,0.0,0.0,2.5,45.5,120.0,-142.0,0.0,0.0,0.0,0.0,0.7975,0.6243176655330132,5.338095237809242,BET,total,O,45.5,0.2093573503878496,0.633472897822207,5.338095237809242,0.94,,,,
2026-09-29T04:28:25.016158+00:00,401856707,2026,5,2026-10-03T16:00:00.000Z,Alabama,Mississippi State,33,29,32.997847984171486,28.86602997890592,-4.131818005265568,61.8638779630774,4.131818005265568,61.8638779630774,Alabama,0.5993969899457892,60,0.4304392345713202,0.5695607654286798,Draft Kings,True,-225.0,185.0,Alabama,-225.0,STRONG,-9.291070236190311,-0.177301116603018,-132,0.6636481241914618,Mississippi State,9.408735876278207,0.2267518185282626,6.0,Mississippi State,6.0,,1.8681819947344325,0.5478401016550182,60.5,O,62,,1.3638779630773996,0.5347206457661771,-5.053301241720714,65.28334382228644,-136.81128256099328,-7.453301241720712,15.738666608716663,1.0,Draft Kings,6.0,60.5,0.0,0.0,185.0,-225.0,0.3363518758085381,0.25,0.0,0.0,0.0,0.0,0.0,0.0,0.0,6.677083333333333,6.708333333333333,-0.03125,,,,0.0,0.0,0.0,6.0,60.5,185.0,-225.0,0.0,0.0,0.0,0.0,0.7975,0.6704669897667107,1.8681819947344325,BET,moneyline,Mississippi State,185.0,0.2267518185282626,0.4304392345713202,9.408735876278207,0.08,,,,
2026-09-29T04:28:25.016158+00:00,401856807,2026,5,2026-10-03T16:00:00.000Z,Middle Tennessee,Kansas,20,31,20.40389591718825,31.13868013822492,10.734784221036666,51.54257605541317,-10.734784221036666,51.54257605541317,Kansas,0.7434960009750686,74,0.7673428861528064,0.7673428861528064,Draft Kings,True,800.0,-1350.0,Kansas,-1350.0,STRONG,-18.7538481783552,-0.1758169000580968,-330,0.8933823529411765,Middle Tennessee,12.603946678837003,1.093914024624742,-19.5,Middle Tennessee,19.5,STRONG,8.765215778963334,0.7136190623348124,50.5,O,52,,1.042576055413171,0.5265551227804588,5.660736367526006,52.58175717079437,41.56437435521616,3.2607363675260084,10.650752997808157,1.0,Draft Kings,-19.5,50.5,0.0,0.0,-1350.0,800.0,0.8933823529411765,0.25,0.0,0.0,0.0,0.0,0.0,0.0,0.0,14.0,6.708333333333333,7.291666666666667,,,,0.0,0.0,0.0,-19.5,50.5,-1350.0,800.0,0.0,0.0,0.0,0.0,0.7975,0.7475382811519519,8.765215778963334,BET,moneyline,Middle Tennessee,800.0,1.093914024624742,0.2326571138471935,12.603946678837008,0.1,,,,
2026-09-29T04:28:25.016158+00:00,401856819,2026,5,2026-10-03T16:00:00.000Z,UCF,Houston,22,30,22.18011551112022,29.8007055990945,7.62059008797428,51.98082111021472,-7.62059008797428,51.98082111021472,Houston,0.6788147361411452,68,0.7077994806115614,0.7077994806115614,Draft Kings,True,350.0,-455.0,Houston,-455.0,STRONG,-14.10050836786746,-0.1366401939793042,-242,0.7867435158501441,UCF,7.89440352385827,0.3149023372479737,-12.5,UCF,12.5,BET,4.87940991202572,0.623224486626176,51.5,O,52,,0.4808211102147197,0.5122539716995885,5.493007045678876,50.995864548717705,73.34919208988708,3.0930070456788785,11.31308437250763,1.0,Draft Kings,-12.5,51.5,0.0,0.0,-455.0,350.0,0.7867435158501441,0.25,0.0,0.0,0.0,0.0,0.0,0.0,0.0,6.833333333333333,6.854166666666667,-0.0208333333333339,,,,0.0,0.0,0.0,-12.5,51.5,-455.0,350.0,0.0,0.0,0.0,0.0,0.7975,0.7375053406822855,4.87940991202572,PASS,moneyline,UCF,350.0,0.3149023372479737,0.2922005193884386,7.894403523858273,0.0,,,,
2026-09-29T04:28:25.016158+00:00,401856822,2026,5,2026-10-03T16:00:00.000Z,West Virginia,Iowa State,19,34,18.77393472155355,33.659349588420326,14.885414866866777,52.43328430997388,-14.885414866866777,52.43328430997388,Iowa State,0.8178214921383985,82,0.832679341331308,0.832679341331308,Draft Kings,True,136.0,-162.0,Iowa State,-162.0,STRONG,19.95008814513756,0.3466789347456956,-498,0.593369754159424,Iowa State,23.93095871718841,0.3466789347456956,-3.0,Iowa State,-3.0,STRONG,11.885414866866777,0.7777911454201663,52.5,U,52,,0.0667156900261218,0.5017005457558138,11.724595780373718,54.62005785129492,61.11539515271648,9.324595780373716,18.27281265308985,1.0,Draft Kings,-3.0,52.5,0.0,0.0,-162.0,136.0,0.593369754159424,0.25,0.0,0.0,0.0,0.0,0.0,0.0,0.0,6.854166666666667,6.708333333333333,0.1458333333333339,,,,0.0,0.0,0.0,-3.0,52.5,-162.0,136.0,0.0,0.0,0.0,0.0,0.7975,0.5903693035082929,11.885414866866777,STRONG,spread,Iowa State,-3.0,0.4848740048930446,0.7777911454201663,11.885414866866777,0.89,,,,
2026-09-29T04:28:25.016158+00:00,401858246,2026,5,2026-10-03T16:00:00.000Z,Boston College,SMU,18,35,18.235901346647346,34.62836009393256,16.392458747285207,52.8642614405799,-16.392458747285207,52.8642614405799,SMU,0.8410859564181585,84,0.8524691222151883,0.8524691222151883,Draft Kings,True,950.0,-1650.0,SMU,-1650.0,STRONG,-10.177118643898432,-0.0958660824990426,-578,0.9082568807339452,Boston College,5.578775851875662,0.5490742167405225,-21.0,Boston College,21.0,BET,4.6075412527147925,0.6165634250710001,55.5,U,53,LEAN,2.6357385594200977,0.5668675005058201,11.992931189800103,53.17530117110579,177.4966838162129,9.592931189800105,11.985524743329432,1.0,Draft Kings,-21.0,55.5,0.0,0.0,-1650.0,950.0,0.9082568807339452,0.25,0.0,0.0,0.0,0.0,0.0,0.0,0.0,6.625,7.0,-0.375,,,,0.0,0.0,0.0,-21.0,55.5,-1650.0,950.0,0.0,0.0,0.0,0.0,0.7975,0.7273192699817744,4.6075412527147925,PASS,moneyline,Boston College,950.0,0.5490742167405225,0.1475308777848116,5.5787758518756725,0.0,,,,
2026-09-29T04:28:25.016158+00:00,401858250,2026,5,2026-10-03T16:00:00.000Z,Notre Dame,North Carolina,36,15,35.99181101236783,14.610244523092945,-21.38156648927489,50.60205553546078,21.38156648927489,50.60205553546078,Notre Dame,0.9037057170365368,90,0.1202907226121481,0.8797092773878519,Draft Kings,True,-1800.0,1000.0,Notre Dame,-1800.0,BET,-4.366270401609473,-0.0714179849794897,-731,0.912442396313364,North Carolina,3.273311892551216,0.3231979487336291,21.0,Notre Dame,-21.0,,0.381566489274892,0.5097936458272164,47.5,O,51,LEAN,3.102055535460778,0.5785552612762334,-19.423125352085737,49.95256846683233,-223.02848416882648,-21.823125352085743,13.79275281908536,1.0,Draft Kings,21.0,47.5,0.0,0.0,1000.0,-1800.0,0.0875576036866359,0.25,0.0,0.0,0.0,0.0,0.0,0.0,0.0,14.0,6.916666666666667,7.083333333333333,,,,0.0,0.0,0.0,21.0,47.5,1000.0,-1800.0,0.0,0.0,0.0,0.0,0.7975,0.6999435296925632,3.102055535460778,PASS,moneyline,North Carolina,1000.0,0.3231979487336291,0.1202907226121481,3.273311892551216,0.0,,,,
2026-09-29T04:28:25.016158+00:00,401858251,2026,5,2026-10-03T16:00:00.000Z,Stanford,Wake Forest,22,33,21.603851921888705,32.85207291619819,11.248220994309486,54.455924838086894,-11.248220994309486,54.455924838086894,Wake Forest,0.7534697395039338,75,0.776303730457853,0.776303730457853,Draft Kings,True,390.0,-520.0,Wake Forest,-520.0,STRONG,-8.523993791542106,-0.0744070906079445,-347,0.8042929292929294,Stanford,2.798919883507633,0.0961117207565205,-13.5,Stanford,13.5,LEAN,2.251779005690514,0.5576004915858331,53.5,O,54,,0.9559248380868935,0.5243509245851813,10.420508422028412,54.388682168229145,91.56271605251096,8.020508422028406,16.59976565300775,1.0,Draft Kings,-13.5,53.5,0.0,0.0,-520.0,390.0,0.8042929292929294,0.25,0.0,0.0,0.0,0.0,0.0,0.0,0.0,7.0,6.5625,0.4375,,,,0.0,0.0,0.0,-13.5,53.5,-520.0,390.0,0.0,0.0,0.0,0.0,0.7975,0.657423133202043,2.251779005690514,PASS,moneyline,Stanford,390.0,0.0961117207565205,0.223696269542147,2.7989198835076445,0.0,,,,
2026-09-29T04:28:25.016158+00:00,401858252,2026,5,2026-10-03T16:00:00.000Z,Syracuse,UConn,21,33,20.916996908482645,33.01637008531658,12.09937317683394,53.933366993799225,-12.09937317683394,53.933366993799225,UConn,0.769535224126748,77,0.7906109929509687,0.7906109929509687,Draft Kings,True,-245.0,200.0,UConn,200.0,STRONG,43.62018907934147,1.3718329788529062,-378,0.3194444444444444,UConn,47.11665485065243,1.3718329788529062,6.5,UConn,6.5,STRONG,18.59937317683394,0.8842993922505317,50.5,O,54,LEAN,3.433366993799225,0.5868180153659476,8.656638197759587,53.94274355221549,74.48108466123676,6.256638197759587,14.302090124170018,1.0,Draft Kings,6.5,50.5,0.0,0.0,200.0,-245.0,0.3194444444444444,0.25,0.0,0.0,0.0,0.0,0.0,0.0,0.0,6.854166666666667,15.6875,-8.833333333333332,,,,0.0,0.0,0.0,6.5,50.5,200.0,-245.0,0.0,0.0,0.0,0.0,0.7975,0.4838826499792984,18.59937317683394,STRONG,moneyline,UConn,200.0,1.3718329788529062,0.7906109929509687,47.11665485065243,0.33,,,,
2026-09-29T04:28:25.016158+00:00,401858474,2026,5,2026-10-03T16:00:00.000Z,Michigan,Minnesota,26,22,26.13172445825735,21.719551453642847,-4.4121730046145045,47.8512759119002,4.4121730046145045,47.8512759119002,Michigan,0.6059855204765032,61,0.423640771739733,0.576359228260267,Draft Kings,True,-225.0,185.0,Michigan,-225.0,STRONG,-8.632217183118907,-0.1674811147351699,-136,0.6636481241914618,Minnesota,8.728889593119488,0.2073761994582391,5.5,Minnesota,5.5,,1.0878269953854955,0.5279012153123219,43.5,O,48,LEAN,4.351275911900196,0.6094995737548684,-2.978754181550755,46.52647344286591,-63.6364774579647,-5.378754181550752,16.03127332185313,1.0,Draft Kings,5.5,43.5,0.0,0.0,185.0,-225.0,0.3363518758085381,0.25,0.0,0.0,0.0,0.0,0.0,0.0,0.0,6.541666666666667,6.854166666666667,-0.3125,,,,0.0,0.0,0.0,5.5,43.5,185.0,-225.0,0.0,0.0,0.0,0.0,0.7975,0.6660346076600123,4.351275911900196,PASS,moneyline,Minnesota,185.0,0.2073761994582391,0.423640771739733,8.728889593119488,0.0,,,,
2026-09-29T04:28:25.016158+00:00,401862791,2026,5,2026-10-03T16:00:00.000Z,Navy,Air Force,23,31,23.2476553748218,30.826254156837425,7.578598782015625,54.073909531659226,-7.578598782015625,54.073909531659226,Air Force,0.6778976935349259,68,0.7069380055385197,0.7069380055385197,Draft Kings,True,142.0,-170.0,Air Force,-170.0,BET,4.826806390529626,0.1227838911494136,-241,0.6037569709421778,Air Force,10.318103459634187,0.1227838911494136,-3.5,Air Force,-3.5,BET,4.078598782015625,0.6035062463139929,46.5,O,54,STRONG,7.5739095316592255,0.6857779379540726,1.2354686240129382,56.898314136833406,-78.56113449452937,-1.1645313759870568,10.85403102616772,1.0,Draft Kings,-3.5,46.5,0.0,0.0,-170.0,142.0,0.6037569709421778,0.25,0.0,0.0,0.0,0.0,0.0,0.0,0.0,6.5625,7.708333333333333,-1.145833333333333,,,,0.0,0.0,0.0,-3.5,46.5,-170.0,142.0,0.0,0.0,0.0,0.0,0.7975,0.744459042518197,7.5739095316592255,STRONG,total,O,46.5,0.3092124270032295,0.6857779379540726,7.5739095316592255,1.12,,,,
2026-09-29T04:28:25.016158+00:00,401858479,2026,5,2026-10-03T16:30:00.000Z,Michigan State,Wisconsin,18,27,18.28237673624279,27.4387163395916,9.156339603348808,45.72109307583439,-9.156339603348808,45.72109307583439,Wisconsin,0.7115686449312615,71,0.7382569278008979,0.7382569278008979,Draft Kings,True,320.0,-410.0,Wisconsin,-410.0,STRONG,-9.235292369618954,-0.0816804068818099,-282,0.771505376344086,Michigan State,3.3248448543188145,0.0993209032362287,-10.5,Michigan State,10.5,,1.3436603966511915,0.5344482009138749,43.5,O,46,,2.221093075834389,0.556425142363061,5.583716904766153,44.54024738100476,50.80025263199059,3.183716904766155,18.99053829885685,1.0,Draft Kings,-10.5,43.5,0.0,0.0,-410.0,320.0,0.771505376344086,0.25,0.0,0.0,0.0,0.0,0.0,0.0,0.0,6.8125,6.8125,0.0,,,,0.0,0.0,0.0,-10.5,43.5,-410.0,320.0,0.0,0.0,0.0,0.0,0.7975,0.6212079083937746,2.221093075834389,PASS,moneyline,Michigan State,320.0,0.0993209032362287,0.2617430721991021,3.324844854318809,0.0,,,,
2026-09-29T04:28:25.016158+00:00,401856705,2026,5,2026-10-03T16:45:00.000Z,Vanderbilt,Georgia,22,37,21.85711373549043,36.86041798807028,15.003304252579852,58.71753172356071,-15.003304252579852,58.71753172356071,Georgia,0.8197146425909005,82,0.8343008873943312,0.8343008873943312,Draft Kings,True,1300.0,-2800.0,Georgia,-2800.0,STRONG,-14.580259878840984,-0.1359026523415855,-504,0.9311163895486936,Vanderbilt,9.681550215436244,1.3197875764793636,-24.5,Vanderbilt,24.5,STRONG,9.496695747420148,0.7294183934660305,50.5,O,59,STRONG,8.217531723560711,0.7002225543998629,12.335284523196703,60.42750959803068,124.25991541426151,9.935284523196705,13.329462752898287,1.0,Draft Kings,-24.5,50.5,0.0,0.0,-2800.0,1300.0,0.9311163895486936,0.25,0.0,0.0,0.0,0.0,0.0,0.0,0.0,6.885416666666667,6.854166666666667,0.03125,,,,0.0,0.0,0.0,-24.5,50.5,-2800.0,1300.0,0.0,0.0,0.0,0.0,0.7975,0.7069614090076596,9.496695747420148,PASS,moneyline,Vanderbilt,1300.0,1.3197875764793636,0.1656991126056688,9.68155021543623,0.0,,,,
2026-09-29T04:28:25.016158+00:00,401866432,2026,5,2026-10-03T17:00:00.000Z,Western Michigan,Buffalo,26,24,25.574674799824315,23.600776273598303,-1.97389852622601,49.17545107342262,1.97389852622601,49.17545107342262,Western Michigan,0.5478718301197416,55,0.4834590002355789,0.516540999764421,Draft Kings,True,-600.0,440.0,Western Michigan,-600.0,STRONG,-30.927102702311547,-0.3973688336081755,-107,0.8223350253807106,Buffalo,30.57940256162896,1.6106786012721264,13.5,Buffalo,13.5,STRONG,11.52610147377399,0.7708457194916611,46.5,O,49,LEAN,2.6754510734226216,0.5678652866470059,-4.579868168875997,48.276740795349895,-82.40298752878698,-6.979868168875994,16.240406838362716,1.0,Draft Kings,13.5,46.5,0.0,0.0,440.0,-600.0,0.1776649746192893,0.25,0.0,0.0,0.0,0.0,0.0,0.0,0.0,14.041666666666666,6.895833333333333,7.145833333333333,,,,0.0,0.0,0.0,13.5,46.5,440.0,-600.0,0.0,0.0,0.0,0.0,0.7975,0.6274606074786604,11.52610147377399,BET,moneyline,Buffalo,440.0,1.6106786012721264,0.4834590002355789,30.57940256162896,0.23,,,,
2026-09-29T04:28:25.016158+00:00,401866431,2026,5,2026-10-03T18:00:00.000Z,Toledo,Ball State,36,17,35.62141301596722,16.590124350690086,-19.03128866527713,52.2115373666573,19.03128866527713,52.2115373666573,Toledo,0.8769221052888218,88,0.147198573735149,0.8528014262648509,Draft Kings,True,-1350.0,800.0,Toledo,-1350.0,BET,-5.411237746979891,-0.0840280977155305,-579,0.8933823529411765,Ball State,4.058092667632554,0.3247871636163417,19.5,Ball State,19.5,,0.4687113347228688,0.5120297726982116,51.5,O,52,,0.7115373666573035,0.5181305002661513,-16.116848766046118,54.86883069515089,-160.72540967674126,-18.51684876604612,16.47715402038841,1.0,Draft Kings,19.5,51.5,0.0,0.0,800.0,-1350.0,0.1066176470588235,0.25,0.0,0.0,0.0,0.0,0.0,0.0,0.0,7.083333333333333,7.083333333333333,0.0,,,,0.0,0.0,0.0,19.5,51.5,800.0,-1350.0,0.0,0.0,0.0,0.0,0.7975,0.6592804439953248,0.7115373666573035,PASS,moneyline,Ball State,800.0,0.3247871636163417,0.147198573735149,4.058092667632554,0.0,,,,
2026-09-29T04:28:25.016158+00:00,401856708,2026,5,2026-10-03T19:30:00.000Z,Florida,Missouri,31,24,30.517571719204152,24.46158816892203,-6.055983550282119,54.97915988812618,6.055983550282119,54.97915988812618,Florida,0.643951888647238,64,0.3844356324241951,0.6155643675758049,Draft Kings,True,-205.0,170.0,Florida,-205.0,LEAN,-2.817925889374562,-0.0841603311677048,-160,0.644729178800233,Missouri,2.9164811224428098,0.0379762075453268,4.5,Florida,-4.5,,1.5559835502821189,0.5398747292810421,56.5,U,55,,1.5208401118738166,0.5387045657009589,0.09862028669367,55.79949949867528,19.69839871357226,-2.3013797133063303,15.258122056742849,1.0,Draft Kings,4.5,56.5,0.0,0.0,170.0,-205.0,0.355270821199767,0.25,0.0,0.0,0.0,0.0,0.0,0.0,0.0,6.822916666666667,7.0,-0.177083333333333,,,,0.0,0.0,0.0,4.5,56.5,170.0,-205.0,0.0,0.0,0.0,0.0,0.7975,0.6777462385946309,1.5559835502821189,PASS,moneyline,Missouri,170.0,0.0379762075453268,0.3844356324241951,2.9164811224428098,0.0,,,,
2026-09-29T04:28:25.016158+00:00,401856710,2026,5,2026-10-03T19:30:00.000Z,Auburn,Tennessee,23,31,22.526839832845525,31.021884658915543,8.495044826070021,53.54872449176107,-8.495044826070021,53.54872449176107,Tennessee,0.6976574371938684,70,0.7253960034346244,0.7253960034346244,Draft Kings,True,230.0,-285.0,Tennessee,-285.0,BET,-4.260230306587188,-0.0200790830795424,-264,0.7095435684647302,Tennessee,1.5852434969894191,-0.0200790830795424,-7.0,Tennessee,-7.0,,1.495044826070021,0.5383179799655279,53.5,O,54,,0.0487244917610709,0.5012419618941483,6.231968182857326,52.57403030816549,78.07701183572908,3.8319681828573264,14.93423056931324,1.0,Draft Kings,-7.0,53.5,0.0,0.0,-285.0,230.0,0.7095435684647302,0.25,0.0,0.0,0.0,0.0,0.0,0.0,0.0,7.145833333333333,6.96875,0.177083333333333,,,,0.0,0.0,0.0,-7.0,53.5,-285.0,230.0,0.0,0.0,0.0,0.0,0.7975,0.6826525198552573,1.495044826070021,PASS,,,,0.0,,,0.0,,,,
2026-09-29T04:28:25.016158+00:00,401858247,2026,5,2026-10-03T19:30:00.000Z,California,UNLV,22,26,21.65604044136588,26.310194837152128,4.654154395786252,47.966235278518006,-4.654154395786252,47.966235278518006,UNLV,0.6116480327149539,61,0.6435297434338073,0.6435297434338073,Draft Kings,True,114.0,-135.0,UNLV,-135.0,BET,3.71799476085709,0.1202184422736645,-181,0.551441114716549,UNLV,9.208862871725833,0.1202184422736645,-2.5,UNLV,-2.5,LEAN,2.154154395786252,0.5551195679063907,53.5,U,48,BET,5.533764721481994,0.6381684650509596,8.765867945754412,50.53128672494556,92.93929149787346,6.365867945754415,17.477896037431645,1.0,Draft Kings,-2.5,53.5,0.0,0.0,-135.0,114.0,0.551441114716549,0.25,0.0,0.0,0.0,0.0,0.0,0.0,0.0,7.145833333333333,7.708333333333333,-0.5625,,,,0.0,0.0,0.0,-2.5,53.5,-135.0,114.0,0.0,0.0,0.0,0.0,0.7975,0.6441212873163219,5.533764721481994,BET,total,U,53.5,0.2183216150972864,0.6381684650509596,5.533764721481994,0.97,,,,
2026-09-29T04:28:25.016158+00:00,401858248,2026,5,2026-10-03T19:30:00.000Z,Louisville,NC State,28,28,28.454859620633176,28.322099006868594,-0.1327606137645809,56.77695862750177,0.1327606137645809,56.77695862750177,Louisville,0.5032274981258885,50,0.5290389896707751,0.4709610103292249,Draft Kings,True,-225.0,185.0,Louisville,-225.0,STRONG,-18.908019418180377,-0.3197229850800085,112,0.6636481241914618,NC State,19.268711386223696,0.5077611205617091,5.5,NC State,5.5,BET,5.367239386235419,0.6350841410005307,58.5,U,57,,1.72304137249823,0.5438309425842932,-1.656727278410667,59.554170070814735,-36.74658446161766,-4.056727278410666,13.39522734614848,1.0,Draft Kings,5.5,58.5,0.0,0.0,185.0,-225.0,0.3363518758085381,0.25,0.0,0.0,0.0,0.0,0.0,0.0,0.0,6.833333333333333,7.145833333333333,-0.3125,,,,0.0,0.0,0.0,5.5,58.5,185.0,-225.0,0.0,0.0,0.0,0.0,0.7975,0.7059652124294885,5.367239386235419,BET,moneyline,NC State,185.0,0.5077611205617091,0.5290389896707751,19.268711386223696,0.19,,,,
2026-09-29T04:28:25.016158+00:00,401858253,2026,5,2026-10-03T19:30:00.000Z,Virginia,Florida State,27,26,27.347819600985552,25.621508405794195,-1.7263111951913603,52.96932800677975,1.7263111951913603,52.96932800677975,Virginia,0.5418909416451518,54,0.4895890552342555,0.5104109447657444,Draft Kings,True,-148.0,124.0,Virginia,-148.0,BET,-5.488325190323529,-0.1447167952574012,-104,0.5720596355604638,Florida State,6.1648690794719405,0.0966794837247324,2.5,Florida State,2.5,,0.7736888048086397,0.5198520223824165,51.5,O,53,,1.4693280067797474,0.537397524483793,-2.9342684539595503,51.13055495545021,-92.88986704721152,-5.334268453959551,17.35111829901126,1.0,Draft Kings,2.5,51.5,0.0,0.0,124.0,-148.0,0.4279403644395361,0.25,0.0,0.0,0.0,0.0,0.0,0.0,0.0,14.0,6.895833333333333,7.104166666666667,,,,0.0,0.0,0.0,2.5,51.5,124.0,-148.0,0.0,0.0,0.0,0.0,0.7975,0.6460417059331024,1.4693280067797474,PASS,moneyline,Florida State,124.0,0.0966794837247324,0.4895890552342555,6.1648690794719405,0.0,,,,
2026-09-29T04:28:25.016158+00:00,401858473,2026,5,2026-10-03T19:30:00.000Z,Ohio State,Iowa,27,20,26.60418515197811,19.698809616597675,-6.905375535380436,46.302994768575786,6.905375535380436,46.302994768575786,Ohio State,0.6630504918847046,66,0.3647175939903114,0.6352824060096887,Draft Kings,True,-575.0,425.0,Ohio State,-575.0,STRONG,-18.88013599671473,-0.2542336972929742,-174,0.817258883248731,Iowa,18.19764772390424,0.9147673684491348,14.0,Iowa,14.0,STRONG,7.094624464619564,0.6759833896981156,45.5,O,46,,0.8029947685757861,0.5204589751516868,-6.317539587612021,45.55515579801556,-61.903651346494144,-8.717539587612022,17.80138976701135,1.0,Draft Kings,14.0,45.5,0.0,0.0,425.0,-575.0,0.182741116751269,0.25,0.0,0.0,0.0,0.0,0.0,0.0,0.0,7.0,7.145833333333333,-0.145833333333333,,,,0.0,0.0,0.0,14.0,45.5,425.0,-575.0,0.0,0.0,0.0,0.0,0.7975,0.6392210312584594,7.094624464619564,BET,moneyline,Iowa,425.0,0.9147673684491348,0.3647175939903114,18.19764772390424,0.14,,,,
2026-09-29T04:28:25.016158+00:00,401862787,2026,5,2026-10-03T19:30:00.000Z,Memphis,Charlotte,33,16,33.12708426726154,16.47670853650699,-16.65037573075455,49.60379280376853,16.65037573075455,49.60379280376853,Memphis,0.844863204871344,84,0.1793478385975448,0.8206521614024551,Draft Kings,True,-1450.0,850.0,Memphis,-1450.0,STRONG,-9.062066609639784,-0.1227511378111686,-458,0.8988580750407831,Charlotte,7.820591363832789,0.7038044666766761,20.5,Charlotte,20.5,LEAN,3.8496242692454494,0.5978167490631556,54.5,U,50,BET,4.896207196231472,0.6227959051533081,-11.941380006771148,50.73916646206148,-213.60836305385124,-14.341380006771152,14.66862715349701,1.0,Draft Kings,20.5,54.5,0.0,0.0,850.0,-1450.0,0.1011419249592169,0.25,0.0,0.0,0.0,0.0,0.0,0.0,0.0,6.875,20.89583333333333,-14.020833333333332,,,,0.0,0.0,0.0,20.5,54.5,850.0,-1450.0,0.0,0.0,0.0,0.0,0.7975,0.6866758582644235,4.896207196231472,PASS,moneyline,Charlotte,850.0,0.7038044666766761,0.1793478385975448,7.820591363832789,0.0,,,,
2026-09-29T04:28:25.016158+00:00,401864515,2026,5,2026-10-03T19:30:00.000Z,Wyoming,North Dakota State,17,31,17.445011623014977,31.23176837633773,13.78675675332275,48.6767799993527,-13.78675675332275,48.6767799993527,North Dakota State,0.7995860664198757,80,0.8169545015000119,0.8169545015000119,Draft Kings,True,750.0,-1200.0,North Dakota State,-1200.0,STRONG,-12.34908566570474,-0.1149659567083204,-446,0.8869565217391304,Wyoming,7.000202023911853,0.5558867372498988,-18.5,Wyoming,18.5,BET,4.71324324667725,0.619157450029661,45.5,O,49,LEAN,3.1767799993527035,0.5804220157462994,12.085068082543792,44.708641500341805,130.1099555447379,9.685068082543795,14.60655055445303,1.0,Draft Kings,-18.5,45.5,0.0,0.0,-1200.0,750.0,0.8869565217391304,0.25,0.0,0.0,0.0,0.0,0.0,0.0,0.0,13.708333333333334,7.020833333333333,6.687500000000001,,,,0.0,0.0,0.0,-18.5,45.5,-1200.0,750.0,0.0,0.0,0.0,0.0,0.7975,0.6876161894136917,4.71324324667725,PASS,moneyline,Wyoming,750.0,0.5558867372498988,0.183045498499988,7.00020202391185,0.0,,,,
2026-09-29T04:28:25.016158+00:00,401866430,2026,5,2026-10-03T19:30:00.000Z,Akron,Central Michigan,20,30,20.3858526808148,29.83733175988208,9.45147907906728,50.22318444069688,-9.45147907906728,50.22318444069688,Central Michigan,0.7176783856163303,72,0.7438697338569894,0.7438697338569894,Draft Kings,True,195.0,-238.0,Central Michigan,-238.0,,1.353637378201078,0.0564200422002622,-290,0.6750312469954812,Central Michigan,6.8838486861508175,0.0564200422002622,-6.5,Central Michigan,-6.5,LEAN,2.95147907906728,0.5753101044493869,46.5,O,50,LEAN,3.723184440696876,0.5940146600215548,6.545483025869114,49.466756374435406,67.3369627536008,4.145483025869115,22.49536725186394,1.0,Draft Kings,-6.5,46.5,0.0,0.0,-238.0,195.0,0.6750312469954812,0.25,0.0,0.0,0.0,0.0,0.0,0.0,0.0,6.875,7.145833333333333,-0.270833333333333,,,,0.0,0.0,0.0,-6.5,46.5,-238.0,195.0,0.0,0.0,0.0,0.0,0.7975,0.5681170514827028,3.723184440696876,LEAN,total,O,46.5,0.1340279873138773,0.5940146600215548,3.723184440696876,0.76,,,,
2026-09-29T04:28:25.016158+00:00,401866433,2026,5,2026-10-03T19:30:00.000Z,Eastern Michigan,Massachusetts,24,31,23.50380063087202,30.732352122638424,7.228551491766404,54.236152753510446,-7.228551491766404,54.236152753510446,Massachusetts,0.6702113132997163,67,0.6996991507890394,0.6996991507890394,Draft Kings,True,180.0,-218.0,Massachusetts,-218.0,,-1.532327789525223,0.0206620639950208,-233,0.6574752261956054,Massachusetts,4.222392459343405,0.0206620639950208,-6.0,Massachusetts,-6.0,,1.228551491766404,0.5315035169521226,48.5,O,54,BET,5.736152753510446,0.6430034642220146,3.1485108225066014,53.83509764006634,-44.13873602092508,0.7485108225066028,19.79097085689323,1.0,Draft Kings,-6.0,48.5,0.0,0.0,-218.0,180.0,0.6574752261956054,0.25,0.0,0.0,0.0,0.0,0.0,0.0,0.0,6.770833333333333,14.125,-7.354166666666667,,,,0.0,0.0,0.0,-6.0,48.5,-218.0,180.0,0.0,0.0,0.0,0.0,0.7975,0.6090830227073528,5.736152753510446,BET,total,O,48.5,0.2275520680602096,0.6430034642220146,5.736152753510446,0.91,,,,
2026-09-29T04:28:25.016158+00:00,401866434,2026,5,2026-10-03T19:30:00.000Z,Ohio,Kent State,34,22,33.58164245523182,21.94896568543229,-11.632676769799527,55.53060814066412,11.632676769799527,55.53060814066412,Ohio,0.7607996937586337,76,0.2643523103347296,0.7356476896652704,Draft Kings,True,-162.0,136.0,Ohio,-162.0,STRONG,14.247908307161072,0.1897512018043261,-278,0.593369754159424,Ohio,14.227793550584645,0.1897512018043261,3.0,Ohio,-3.0,STRONG,8.632676769799529,0.7107101528700785,50.5,O,56,BET,5.030608140664121,0.6260537061174625,-10.024475842517065,56.95963738487795,-145.8758629423112,-12.424475842517062,20.55127528341332,1.0,Draft Kings,3.0,50.5,0.0,0.0,136.0,-162.0,0.4066302458405761,0.25,0.0,0.0,0.0,0.0,0.0,0.0,0.0,7.145833333333333,13.854166666666666,-6.708333333333333,,,,0.0,0.0,0.0,3.0,50.5,136.0,-162.0,0.0,0.0,0.0,0.0,0.7975,0.5975659946131288,8.632676769799529,STRONG,spread,Ohio,-3.0,0.3568102918428771,0.7107101528700785,8.632676769799529,0.9,,,,
2026-09-29T04:28:25.016158+00:00,401866477,2026,5,2026-10-03T19:30:00.000Z,Bowling Green,Miami (OH),23,27,23.102501608997585,26.520800465965912,3.418298856968324,49.6233020749635,-3.418298856968324,49.6233020749635,Miami (OH),0.5825049145357291,58,0.614965194184973,0.614965194184973,Draft Kings,True,410.0,-550.0,Miami (OH),-550.0,STRONG,-26.364893161811708,-0.2732229523268501,-160,0.8118668596237336,Bowling Green,19.690166543876074,0.9636775096566376,-13.5,Bowling Green,13.5,STRONG,10.081701143031676,0.7417327142743558,42.5,O,50,BET,7.123302074963497,0.6754911947371148,9.403334490219953,49.20229706759147,91.487560502723,7.003334490219958,19.987408021763645,1.0,Draft Kings,-13.5,42.5,0.0,0.0,-550.0,410.0,0.8118668596237336,0.25,0.0,0.0,0.0,0.0,0.0,0.0,0.0,7.0,6.9375,0.0625,,,,0.0,0.0,0.0,-13.5,42.5,-550.0,410.0,0.0,0.0,0.0,0.0,0.7975,0.6043742205199006,10.081701143031676,BET,moneyline,Bowling Green,410.0,0.9636775096566376,0.385034805815027,19.690166543876064,0.14,,,,
2026-09-29T04:28:25.016158+00:00,401869956,2026,5,2026-10-03T19:30:00.000Z,Old Dominion,Georgia State,29,22,29.23697354840202,22.12311871922521,-7.113854829176799,51.36009226762724,7.113854829176799,51.36009226762724,Old Dominion,0.6676768688559668,67,0.3599436668670144,0.6400563331329856,Draft Kings,True,-102.0,-118.0,Old Dominion,-102.0,STRONG,16.27263738064618,0.267562542086893,-178,0.4826358742837298,Old Dominion,15.74204588492558,0.267562542086893,-1.5,Old Dominion,1.5,STRONG,8.613854829176798,0.7102959335572216,50.5,O,51,,0.8600922676272376,0.5219123095313201,-1.4381734926192635,54.89243411135307,-93.77261182649067,-3.838173492619264,16.23634377676519,1.0,Draft Kings,-1.5,50.5,0.0,0.0,-118.0,-102.0,0.5173641257162701,0.25,0.0,0.0,0.0,0.0,0.0,0.0,0.0,7.0625,6.895833333333333,0.1666666666666669,,,,0.0,0.0,0.0,-1.5,50.5,-118.0,-102.0,0.0,0.0,0.0,0.0,0.7975,0.6629282174982091,8.613854829176798,STRONG,spread,Old Dominion,1.5,0.3560195095183321,0.7102959335572216,8.613854829176798,0.99,,,,
2026-09-29T04:28:25.016158+00:00,401869962,2026,5,2026-10-03T19:45:00.000Z,Marshall,James Madison,17,34,17.167949031822843,34.33258678293123,17.16463775110839,51.50053581475407,-17.16463775110839,51.50053581475407,James Madison,0.8522163572944197,85,0.8618367689150861,0.8618367689150861,Draft Kings,True,650.0,-1000.0,James Madison,-1000.0,BET,-5.687455179648937,-0.0519795541934052,-624,0.8720930232558138,Marshall,1.0256254340727855,0.0362242331368543,-18.5,Marshall,18.5,,1.3353622488916097,0.5342359811384044,55.5,U,52,LEAN,3.999464185245927,0.6008457261805884,16.904272520645137,54.47465855555829,135.40044381576172,14.504272520645138,15.421518798118807,1.0,Draft Kings,-18.5,55.5,0.0,0.0,-1000.0,650.0,0.8720930232558138,0.25,0.0,0.0,0.0,0.0,0.0,0.0,0.0,6.90625,13.885416666666666,-6.979166666666666,,,,0.0,0.0,0.0,-18.5,55.5,-1000.0,650.0,0.0,0.0,0.0,0.0,0.7975,0.6752711183726628,3.999464185245927,LEAN,total,U,55.5,0.1470691136174869,0.6008457261805884,3.999464185245927,0.99,,,,
2026-09-29T04:28:25.016158+00:00,401858475,2026,5,2026-10-03T20:00:00.000Z,Maryland,Nebraska,19,38,18.83797414543589,38.34980272649919,19.511828581063305,57.187776871935085,-19.511828581063305,57.187776871935085,Nebraska,0.8827842260409055,88,0.8872806159065294,0.8872806159065294,Draft Kings,True,490.0,-675.0,Nebraska,-675.0,,1.1816484105421576,0.01872959604083,-787,0.8370993168681029,Nebraska,5.01812990384265,0.01872959604083,-14.5,Nebraska,-14.5,BET,5.011828581063305,0.62645578117727,52.5,O,57,BET,4.687776871935085,0.6177264208733384,16.88235604562223,55.89849462808074,116.91181132082556,14.482356045622227,21.751255520876224,1.0,Draft Kings,-14.5,52.5,0.0,0.0,-675.0,490.0,0.8370993168681029,0.25,0.0,0.0,0.0,0.0,0.0,0.0,0.0,6.958333333333333,7.104166666666667,-0.1458333333333339,,,,0.0,0.0,0.0,-14.5,52.5,-675.0,490.0,0.0,0.0,0.0,0.0,0.7975,0.5793887939743937,5.011828581063305,STRONG,spread,Nebraska,-14.5,0.1959610367929699,0.62645578117727,5.011828581063305,0.87,,,,
2026-09-29T04:28:25.016158+00:00,401864514,2026,5,2026-10-03T20:00:00.000Z,UTEP,New Mexico,14,37,13.996738984551026,37.3018328263761,23.30509384182507,51.29857181092712,-23.30509384182507,51.29857181092712,New Mexico,0.9222218259468418,92,0.9197688094770872,0.9197688094770872,Draft Kings,True,1100.0,-2100.0,New Mexico,-2100.0,BET,-3.232362859861282,-0.0364326757859088,-1146,0.9197080291970804,New Mexico,0.0060780280006667,-0.0364326757859088,-22.5,New Mexico,-22.5,,0.8050938418250695,0.5206571353432592,48.5,O,51,LEAN,2.798571810927122,0.5709559458935376,20.95987345014652,53.19147044702383,183.6895123817992,18.55987345014652,16.480214353080534,1.0,Draft Kings,-22.5,48.5,0.0,0.0,-2100.0,1100.0,0.9197080291970804,0.25,0.0,0.0,0.0,0.0,0.0,0.0,0.0,7.020833333333333,6.791666666666667,0.229166666666666,,,,0.0,0.0,0.0,-22.5,48.5,-2100.0,1100.0,0.0,0.0,0.0,0.0,0.7975,0.6592340863307322,2.798571810927122,LEAN,total,O,48.5,0.0900068057967535,0.5709559458935376,2.798571810927122,0.59,,,,
2026-09-29T04:28:25.016158+00:00,401856709,2026,5,2026-10-03T20:15:00.000Z,Kentucky,South Carolina,24,31,23.692600243880754,31.288289251973268,7.595689008092516,54.98088949585402,-7.595689008092516,54.98088949585402,South Carolina,0.6782710558573314,68,0.7072888004854927,0.7072888004854927,Draft Kings,True,120.0,-142.0,South Carolina,-142.0,STRONG,9.14941963531991,0.205379505052741,-242,0.5634920634920635,South Carolina,14.37967369934292,0.205379505052741,-2.5,South Carolina,-2.5,BET,5.095689008092516,0.628497580109034,53.5,O,55,,1.4808894958540222,0.5376909153143052,4.969104487152304,53.40412071811144,-19.22254897221228,2.5691044871523068,25.490348309291942,1.0,Draft Kings,-2.5,53.5,0.0,0.0,-142.0,120.0,0.5634920634920635,0.25,0.0,0.0,0.0,0.0,0.0,0.0,0.0,6.885416666666667,7.145833333333333,-0.2604166666666661,,,,0.0,0.0,0.0,-2.5,53.5,-142.0,120.0,0.0,0.0,0.0,0.0,0.7975,0.5227493280065381,5.095689008092516,STRONG,moneyline,South Carolina,-142.0,0.205379505052741,0.7072888004854927,14.37967369934292,0.15,,,,
2026-09-29T04:28:25.016158+00:00,401858472,2026,5,2026-10-03T20:15:00.000Z,Purdue,Illinois,23,36,22.80534315279122,36.10269221310216,13.297349060310935,58.908035365893376,-13.297349060310935,58.908035365893376,Illinois,0.7911218207970042,79,0.8095892614092197,0.8095892614092197,Draft Kings,True,295.0,-375.0,Illinois,-375.0,,0.1648136586477888,0.0254797311183449,-425,0.7571884984025559,Illinois,5.240076300666385,0.0254797311183449,-10.0,Illinois,-10.0,LEAN,3.2973490603109354,0.5840106374461642,61.5,U,59,LEAN,2.591964634106624,0.5657671766144778,12.49822211441344,60.14721035026868,175.33395120074806,10.098222114413442,16.348359154350444,1.0,Draft Kings,-10.0,61.5,0.0,0.0,-375.0,295.0,0.7571884984025559,0.25,0.0,0.0,0.0,0.0,0.0,0.0,0.0,7.177083333333333,7.09375,0.083333333333333,,,,0.0,0.0,0.0,-10.0,61.5,-375.0,295.0,0.0,0.0,0.0,0.0,0.7975,0.6612314178931624,3.2973490603109354,BET,spread,Illinois,-10.0,0.1149293987608589,0.5840106374461642,3.2973490603109354,0.76,,,,
2026-09-29T04:28:25.016158+00:00,401860899,2026,5,2026-10-03T22:00:00.000Z,Oregon State,Colorado State,27,30,26.97057430362003,30.329359175779626,3.358784872159597,57.299933479399655,-3.358784872159597,57.299933479399655,Colorado State,0.5810885947810317,58,0.6135676038450617,0.6135676038450617,Draft Kings,True,-230.0,190.0,Colorado State,190.0,STRONG,23.626100857413512,0.7793460511506789,-159,0.3309929789368104,Colorado State,28.257462490825127,0.7793460511506789,6.0,Colorado State,6.0,STRONG,9.358784872159596,0.7264732369549389,60.5,U,57,LEAN,3.2000665206003447,0.5810033882326382,0.9004549229835206,55.29910503271504,-0.0323585863511652,-1.4995450770164744,15.43800263352118,1.0,Draft Kings,6.0,60.5,0.0,0.0,190.0,-230.0,0.3309929789368104,0.25,0.0,0.0,0.0,0.0,0.0,0.0,0.0,7.25,6.875,0.375,,,,0.0,0.0,0.0,6.0,60.5,190.0,-230.0,0.0,0.0,0.0,0.0,0.7975,0.6750214226076408,9.358784872159596,STRONG,moneyline,Colorado State,190.0,0.7793460511506789,0.6135676038450617,28.257462490825127,0.28,,,,
2026-09-29T04:28:25.016158+00:00,401856711,2026,5,2026-10-03T23:00:00.000Z,Arkansas,Texas A&M,21,34,21.418277547789263,34.15170893994905,12.73343139215979,55.56998648773832,-12.73343139215979,55.56998648773832,Texas A&M,0.7811123989004038,78,0.8008242159508953,0.8008242159508953,Draft Kings,True,455.0,-625.0,Texas A&M,-625.0,STRONG,-8.095656661683748,-0.0710439094969614,-402,0.827123695976155,Arkansas,2.6299480025259725,0.1054256014725313,-14.0,Arkansas,14.0,,1.2665686078402096,0.532476258837118,51.5,O,56,LEAN,4.069986487738319,0.602584556322609,9.985038823473566,56.96014140863228,131.16788910302444,7.585038823473562,23.38551176957481,1.0,Draft Kings,-14.0,51.5,0.0,0.0,-625.0,455.0,0.827123695976155,0.25,0.0,0.0,0.0,0.0,0.0,0.0,0.0,6.979166666666667,6.958333333333333,0.0208333333333339,,,,0.0,0.0,0.0,-14.0,51.5,-625.0,455.0,0.0,0.0,0.0,0.0,0.7975,0.5546332165071283,4.069986487738319,BET,total,O,51.5,0.1503886984340716,0.602584556322609,4.069986487738319,0.83,,,,
2026-09-29T04:28:25.016158+00:00,401856818,2026,5,2026-10-03T23:00:00.000Z,BYU,TCU,26,24,26.21044230029938,24.1235068867275,-2.0869354135718785,50.33394918702688,2.0869354135718785,50.33394918702688,BYU,0.5505989012924416,55,0.4806618446833725,0.5193381553166275,Draft Kings,True,-250.0,205.0,BYU,-250.0,STRONG,-16.36868129932727,-0.2729265825567214,-108,0.6853932584269663,TCU,16.605510311033882,0.4660186262842859,6.5,TCU,6.5,BET,4.4130645864281215,0.6117771894780424,48.5,O,50,,1.8339491870268816,0.5466397308539485,-1.794844028097927,48.744623469466426,-86.67468125545315,-4.1948440280979264,13.781918705093087,1.0,Draft Kings,6.5,48.5,0.0,0.0,205.0,-250.0,0.3146067415730336,0.25,0.0,0.0,0.0,0.0,0.0,0.0,0.0,7.145833333333333,13.979166666666666,-6.833333333333333,,,,0.0,0.0,0.0,6.5,48.5,205.0,-250.0,0.0,0.0,0.0,0.0,0.7975,0.7001076439484754,4.4130645864281215,BET,moneyline,TCU,205.0,0.4660186262842859,0.4806618446833725,16.605510311033882,0.16,,,,
2026-09-29T04:28:25.016158+00:00,401862788,2026,5,2026-10-03T23:00:00.000Z,UTSA,Rice,33,23,33.34047982542086,23.3529609781188,-9.98751884730206,56.69344080353966,9.98751884730206,56.69344080353966,UTSA,0.728613133584553,73,0.2972521924014618,0.7027478075985382,Draft Kings,True,-440.0,340.0,UTSA,-440.0,STRONG,-8.620168123026172,-0.1375367815836122,-236,0.7819063004846527,Rice,7.915849288611448,0.307909646566432,11.5,Rice,11.5,,1.512481152697939,0.5387634718648524,54.5,O,57,,2.193440803539658,0.555727273883265,-10.566866514641276,60.38343380528774,-141.4346196341371,-12.966866514641278,17.547703765833205,1.0,Draft Kings,11.5,54.5,0.0,0.0,340.0,-440.0,0.2180936995153473,0.25,0.0,0.0,0.0,0.0,0.0,0.0,0.0,6.875,7.291666666666667,-0.4166666666666669,,,,0.0,0.0,0.0,11.5,54.5,340.0,-440.0,0.0,0.0,0.0,0.0,0.7975,0.6430638456638059,2.193440803539658,PASS,moneyline,Rice,340.0,0.307909646566432,0.2972521924014618,7.915849288611448,0.0,,,,
2026-09-29T04:28:25.016158+00:00,401869942,2026,5,2026-10-03T23:00:00.000Z,Georgia Southern,Coastal Carolina,27,28,27.24196864323388,27.608527518721413,0.3665588754875353,54.85049616195529,-0.3665588754875353,54.85049616195529,Coastal Carolina,0.508910644332613,51,0.5413489312110797,0.5413489312110797,Draft Kings,True,-135.0,114.0,Coastal Carolina,114.0,BET,4.162092470644479,0.1584867127917105,-118,0.448558885283451,Coastal Carolina,9.279004592762874,0.1584867127917105,2.5,Coastal Carolina,2.5,LEAN,2.866558875487536,0.5731680996700672,54.5,O,55,,0.3504961619552915,0.5089332322064539,-0.6724277697792154,54.98845829550034,-36.04689759093708,-3.0724277697792086,12.031185352099316,1.0,Draft Kings,2.5,54.5,0.0,0.0,114.0,-135.0,0.448558885283451,0.25,0.0,0.0,0.0,0.0,0.0,0.0,0.0,8.979166666666666,7.125,1.854166666666666,,,,0.0,0.0,0.0,2.5,54.5,114.0,-135.0,0.0,0.0,0.0,0.0,0.7975,0.726627606885179,2.866558875487536,BET,moneyline,Coastal Carolina,114.0,0.1584867127917105,0.5413489312110797,9.279004592762874,0.1,,,,
2026-09-29T04:28:25.016158+00:00,401871089,2026,5,2026-10-03T23:00:00.000Z,UL Monroe,South Alabama,19,38,18.81836337833592,38.251417257399424,19.43305387906351,57.06978063573534,-19.43305387906351,57.06978063573534,South Alabama,0.8818370508074798,88,0.8864974093976342,0.8864974093976342,Draft Kings,True,440.0,-600.0,South Alabama,-600.0,LEAN,2.4694193664622666,0.0342469776305732,-781,0.8223350253807106,South Alabama,6.416238401692365,0.0342469776305732,-14.0,South Alabama,-14.0,BET,5.433053879063511,0.6366745989011628,56.5,O,57,,0.5697806357353414,0.5145202274494366,12.689666300138306,57.49494229172067,109.59921386586348,10.289666300138304,14.71093445510769,1.0,Draft Kings,-14.0,56.5,0.0,0.0,-600.0,440.0,0.8223350253807106,0.25,0.0,0.0,0.0,0.0,0.0,0.0,0.0,7.260416666666667,6.958333333333333,0.3020833333333339,,,,0.0,0.0,0.0,-14.0,56.5,-600.0,440.0,0.0,0.0,0.0,0.0,0.7975,0.6860349907852333,5.433053879063511,STRONG,spread,South Alabama,-14.0,0.2154696888113109,0.6366745989011628,5.433053879063511,1.03,,,,
2026-09-29T04:28:25.016158+00:00,401856821,2026,5,2026-10-03T23:30:00.000Z,Texas Tech,Colorado,33,16,32.841089032770626,16.135581016273555,-16.705508016497074,48.97667004904418,16.705508016497074,48.97667004904418,Texas Tech,0.8456628756246767,85,0.1785450209339577,0.8214549790660423,Draft Kings,True,-550.0,410.0,Texas Tech,-550.0,,-0.0490970529169465,-0.0291895701946773,-460,0.8118668596237336,Texas Tech,0.958811944230864,-0.0291895701946773,13.5,Texas Tech,-13.5,LEAN,3.205508016497074,0.5817041571661238,50.5,U,49,,1.5233299509558194,0.5387677310996781,-14.216000132001785,50.05273855294435,-187.1693405685719,-16.616000132001787,14.85353606277294,1.0,Draft Kings,13.5,50.5,0.0,0.0,410.0,-550.0,0.1881331403762662,0.25,0.0,0.0,0.0,0.0,0.0,0.0,0.0,7.3125,7.3125,0.0,,,,0.0,0.0,0.0,13.5,50.5,410.0,-550.0,0.0,0.0,0.0,0.0,0.7975,0.6838748735157875,3.205508016497074,BET,spread,Texas Tech,-13.5,0.1105261182262362,0.5817041571661238,3.205508016497074,0.76,,,,
2026-09-29T04:28:25.016158+00:00,401858249,2026,5,2026-10-03T23:30:00.000Z,Miami,Clemson,31,17,30.85267397153233,16.80400367863021,-14.048670292902113,47.656677650162536,14.048670292902113,47.656677650162536,Miami,0.8040299333982539,80,0.2204720781134333,0.7795279218865667,Draft Kings,True,-800.0,550.0,Miami,-800.0,STRONG,-8.485895549063493,-0.1230310878776124,-354,0.8524590163934427,Clemson,7.293109450687591,0.4330685077373164,16.5,Clemson,16.5,LEAN,2.4513297070978872,0.5626645269245675,48.5,U,48,,0.8433223498374645,0.5214854848474896,-11.487345233953594,47.11781846434502,-83.05865693843771,-13.887345233953594,18.63265232090964,1.0,Draft Kings,16.5,48.5,0.0,0.0,550.0,-800.0,0.1475409836065574,0.25,0.0,0.0,0.0,0.0,0.0,0.0,0.0,7.875,7.041666666666667,0.833333333333333,,,,0.0,0.0,0.0,16.5,48.5,550.0,-800.0,0.0,0.0,0.0,0.0,0.7975,0.6266291353638875,2.4513297070978872,PASS,moneyline,Clemson,550.0,0.4330685077373164,0.2204720781134333,7.293109450687591,0.0,,,,
2026-09-29T04:28:25.016158+00:00,401858478,2026,5,2026-10-03T23:30:00.000Z,Washington,USC,25,31,24.879041313134,30.592661565982272,5.7136202528482745,55.47170287911627,-5.7136202528482745,55.47170287911627,USC,0.6361471865859122,64,0.6672383781071911,0.6672383781071911,Draft Kings,True,295.0,-375.0,USC,-375.0,STRONG,-15.332649762461417,-0.1548313877308912,-201,0.7571884984025559,Washington,8.995012029536479,0.3144084064765952,-9.5,Washington,9.5,LEAN,3.7863797471517255,0.5962415506059272,57.5,U,55,,2.028297120883728,0.5515559703154611,4.449756986029033,56.02796727969627,24.251092044442657,2.049756986029037,14.685906838337337,1.0,Draft Kings,-9.5,57.5,0.0,0.0,-375.0,295.0,0.7571884984025559,0.25,0.0,0.0,0.0,0.0,0.0,0.0,0.0,7.0,6.854166666666667,0.145833333333333,,,,0.0,0.0,0.0,-9.5,57.5,-375.0,295.0,0.0,0.0,0.0,0.0,0.7975,0.686414107038436,3.7863797471517255,PASS,moneyline,Washington,295.0,0.3144084064765952,0.3327616218928089,8.995012029536475,0.0,,,,
2026-09-29T04:28:25.016158+00:00,401860898,2026,5,2026-10-03T23:30:00.000Z,Utah State,Boise State,17,32,17.37255850133236,32.36195094557503,14.989392444242675,49.7345094469074,-14.989392444242675,49.7345094469074,Boise State,0.8194918816828943,82,0.8341101904978081,0.8341101904978081,Draft Kings,True,900.0,-1600.0,Boise State,-1600.0,STRONG,-12.168458890534096,-0.1137579225960788,-503,0.9039548022598868,Utah State,6.9844611762078905,0.658898095021919,-19.5,Utah State,19.5,BET,4.510607555757325,0.6141799773100008,51.5,U,50,,1.7654905530926044,0.5449062529258325,9.925735689808064,50.6287157167684,127.8821216846734,7.525735689808061,17.248874377941718,1.0,Draft Kings,-19.5,51.5,0.0,0.0,-1600.0,900.0,0.9039548022598868,0.25,0.0,0.0,0.0,0.0,0.0,0.0,0.0,7.166666666666667,7.0,0.1666666666666669,,,,0.0,0.0,0.0,-19.5,51.5,-1600.0,900.0,0.0,0.0,0.0,0.0,0.7975,0.6475904883291371,4.510607555757325,PASS,moneyline,Utah State,900.0,0.658898095021919,0.1658898095021919,6.984461176207879,0.0,,,,
2026-09-29T04:28:25.016158+00:00,401862792,2026,5,2026-10-03T23:30:00.000Z,Temple,South Florida,18,34,18.364636993831745,34.20116009125399,15.836523097422248,52.56579708508573,-15.836523097422248,52.56579708508573,South Florida,0.8327409182766734,83,0.8454041849917563,0.8454041849917563,Draft Kings,True,195.0,-238.0,South Florida,-238.0,STRONG,12.859890644235383,0.2006160274252673,-547,0.6750312469954812,South Florida,17.037293799627506,0.2006160274252673,-6.0,South Florida,-6.0,STRONG,9.836523097422248,0.7366073078168125,50.5,O,53,,2.065797085085734,0.5525036854067498,12.09580255734491,54.38914910414081,176.2925111185698,9.695802557344912,11.491310256272062,1.0,Draft Kings,-6.0,49.5,0.0,0.0,-238.0,195.0,0.6750312469954812,0.25,0.0,0.0,0.0,0.0,0.0,0.0,0.0,7.104166666666667,8.145833333333334,-1.041666666666667,,,,0.0,0.0,0.0,-6.0,50.5,-238.0,195.0,0.0,0.0,0.0,0.0,0.7975,0.7348055898471789,9.836523097422248,STRONG,spread,South Florida,-6.0,0.4062503149230057,0.7366073078168125,9.836523097422248,1.1,,,,
2026-09-29T04:28:25.016158+00:00,401869842,2026,5,2026-10-03T23:30:00.000Z,Army,Louisiana Tech,25,22,24.80817182492957,21.71503300705132,-3.0931388178782515,46.52320483198089,3.0931388178782515,46.52320483198089,Army,0.5747541509965453,57,0.4558364073928372,0.5441635926071628,Draft Kings,True,-130.0,110.0,Army,-130.0,,0.9536759692197472,-0.0372490284642503,-119,0.5427435387673957,Army,0.1420053839767177,-0.0372490284642503,2.5,Army,-2.5,,0.5931388178782515,0.5152218951110001,46.5,O,47,,0.023204831980891,0.500591479808857,-2.8684215839563443,46.64965712594704,-82.2115301603003,-5.268421583956343,12.865466734543237,1.0,Draft Kings,2.5,46.5,0.0,0.0,110.0,-130.0,0.4572564612326044,0.25,0.0,0.0,0.0,0.0,0.0,0.0,0.0,14.145833333333334,8.145833333333334,6.0,,,,0.0,0.0,0.0,2.5,46.5,110.0,-130.0,0.0,0.0,0.0,0.0,0.7975,0.713989982027367,0.5931388178782515,PASS,,,,0.0,,,0.0,,,,
2026-09-29T04:28:25.016158+00:00,401858477,2026,5,2026-10-04T00:00:00.000Z,Indiana,Rutgers,39,16,39.31623599600773,16.027321724694808,-23.28891427131292,55.34355772070254,23.28891427131292,55.34355772070254,Indiana,0.922078241288177,92,0.1016780555317436,0.8983219444682563,Draft Kings,True,-2400.0,1200.0,Indiana,-2400.0,BET,-3.7921758711823017,-0.064247974512233,-883,0.9258160237388724,Rutgers,2.749407927061605,0.3218147219126676,24.5,Rutgers,24.5,,1.2110857286870775,0.5310565580063737,56.5,U,55,,1.1564422792974582,0.5294503587436061,-20.448439475463783,57.6031270031848,-266.78349135322765,-22.84843947546379,13.858687066387702,1.0,Draft Kings,24.5,56.5,0.0,0.0,1200.0,-2400.0,0.0741839762611276,0.25,0.0,0.0,0.0,0.0,0.0,0.0,0.0,14.1875,8.0,6.1875,,,,0.0,0.0,0.0,24.5,56.5,1200.0,-2400.0,0.0,0.0,0.0,0.0,0.7975,0.698944763208948,1.2110857286870775,PASS,moneyline,Rutgers,1200.0,0.3218147219126676,0.1016780555317436,2.749407927061605,0.0,,,,
2026-09-29T04:28:25.016158+00:00,401869932,2026,5,2026-10-04T00:00:00.000Z,Arkansas State,Louisiana,23,25,23.447767372422803,25.122985045009194,1.6752176725863936,48.570752417432,-1.6752176725863936,48.570752417432,Louisiana,0.5406554647259073,54,0.5733360582949732,0.5733360582949732,Draft Kings,True,205.0,-250.0,Louisiana,-250.0,STRONG,-17.3630249559807,-0.1973295183870374,-134,0.6853932584269663,Arkansas State,11.205720013199311,0.3013250222003315,-6.5,Arkansas State,6.5,BET,4.824782327413606,0.6218889245099883,46.5,O,49,,2.070752417431997,0.5526288963799565,6.146767928147561,50.90316943213555,27.89959301056342,3.7467679281475617,14.579052973228803,1.0,Draft Kings,-6.5,46.5,0.0,0.0,-250.0,205.0,0.6853932584269663,0.25,0.0,0.0,0.0,0.0,0.0,0.0,0.0,7.0625,7.041666666666667,0.020833333333333,,,,0.0,0.0,0.0,-6.5,46.5,-250.0,205.0,0.0,0.0,0.0,0.0,0.7975,0.6880327204826112,4.824782327413606,BET,moneyline,Arkansas State,205.0,0.3013250222003315,0.4266639417050267,11.205720013199304,0.1,,,,
2026-09-29T04:28:25.016158+00:00,401860921,2026,5,2026-10-04T01:30:00.000Z,Fresno State,Washington State,24,23,23.87077372873083,23.174907919460235,-0.6958658092705963,47.04568164819106,0.6958658092705963,47.04568164819106,Fresno State,0.5169120728965264,52,0.515114775828045,0.484885224171955,Draft Kings,True,110.0,-130.0,Fresno State,110.0,BET,4.072159670605025,0.0182589707611056,106,0.4572564612326044,Fresno State,2.7628762939350624,0.0182589707611056,-2.5,Fresno State,2.5,LEAN,3.1958658092705963,0.5814618399201087,46.5,O,47,,0.5456816481910636,0.5139063457815701,-1.8091789667192053,44.19878797040551,-88.09022214831407,-4.209178966719204,17.625953464334962,1.0,Draft Kings,-2.5,46.5,0.0,0.0,-130.0,110.0,0.5427435387673957,0.25,0.0,0.0,0.0,0.0,0.0,0.0,0.0,7.083333333333333,6.979166666666667,0.104166666666666,,,,0.0,0.0,0.0,-2.5,46.5,-130.0,110.0,0.0,0.0,0.0,0.0,0.7975,0.6418785257517095,3.1958658092705963,BET,spread,Fresno State,2.5,0.1100635125747528,0.5814618399201087,3.1958658092705963,0.71,,,,
2026-09-29T04:28:25.016158+00:00,401856817,2026,5,2026-10-04T02:30:00.000Z,Baylor,Arizona State,25,29,25.04618754653705,28.615690964558457,3.5695034180214043,53.66187851109551,-3.5695034180214043,53.66187851109551,Arizona State,0.5860984439963259,59,0.6185074238503827,0.6185074238503827,Draft Kings,True,160.0,-192.0,Arizona State,-192.0,STRONG,-7.143580257901649,-0.0593532928942096,-162,0.6309403437815976,Baylor,1.2432919931214814,-0.0081193020109949,-4.0,Baylor,4.0,,0.4304965819785957,0.5110492288710465,49.5,O,54,LEAN,4.161878511095509,0.6048472278661534,2.15359278656214,54.32318624440354,47.43332340821348,-0.2464072134378585,14.187805577433569,1.0,Draft Kings,-4.0,49.5,0.0,0.0,-192.0,160.0,0.6309403437815976,0.25,0.0,0.0,0.0,0.0,0.0,0.0,0.0,14.4375,7.4375,7.0,,,,0.0,0.0,0.0,-4.0,49.5,-192.0,160.0,0.0,0.0,0.0,0.0,0.7975,0.6939593034301678,4.161878511095509,BET,total,O,49.5,0.154708344108111,0.6048472278661534,4.161878511095509,1.04,,,,
2026-09-29T04:28:25.016158+00:00,401860900,2026,5,2026-10-04T02:30:00.000Z,Texas State,San Diego State,23,31,22.51578625413716,31.24134060562732,8.725554351490162,53.75712685976448,-8.725554351490162,53.75712685976448,San Diego State,0.7025406463697984,70,0.7299232953221315,0.7299232953221315,Draft Kings,True,-192.0,160.0,San Diego State,160.0,STRONG,31.792526175441377,0.897800567837542,-270,0.3690596562184025,San Diego State,36.0863639103729,0.897800567837542,4.5,San Diego State,4.5,STRONG,13.225554351490162,0.8026109998322797,59.5,U,54,BET,5.742873140235524,0.6431636242938568,0.0105486757163539,55.94210406844081,-43.678046460000814,-2.389451324283641,18.1791817018314,1.0,Draft Kings,4.5,59.5,0.0,0.0,160.0,-192.0,0.3690596562184025,0.25,0.0,0.0,0.0,0.0,0.0,0.0,0.0,7.4375,14.4375,-7.0,,,,0.0,0.0,0.0,4.5,59.5,160.0,-192.0,0.0,0.0,0.0,0.0,0.7975,0.5619798619035123,13.225554351490162,STRONG,moneyline,San Diego State,160.0,0.897800567837542,0.7299232953221315,36.0863639103729,0.32,,,,
2026-09-29T04:28:25.016158+00:00,401856820,2026,5,2026-10-04T03:00:00.000Z,Cincinnati,Arizona,23,32,23.438194720103336,32.22273980832496,8.784545088221622,55.66093452842829,-8.784545088221622,55.66093452842829,Arizona,0.7037845185582133,70,0.7310743090801848,0.7310743090801848,Draft Kings,True,235.0,-290.0,Arizona,-290.0,BET,-3.980522503153028,-0.0168311015818204,-272,0.7135512302607419,Arizona,1.7523078819442928,-0.0168311015818204,-7.0,Arizona,-7.0,,1.7845450882216216,0.5457079579933946,54.5,O,56,,1.1609345284282924,0.5295645506613222,6.822558485929832,55.53884505847343,29.22569998334893,4.422558485929836,12.727964125769825,1.0,Draft Kings,-7.0,54.5,0.0,0.0,-290.0,235.0,0.7135512302607419,0.25,0.0,0.0,0.0,0.0,0.0,0.0,0.0,7.145833333333333,7.166666666666667,-0.0208333333333339,,,,0.0,0.0,0.0,-7.0,54.5,-290.0,235.0,0.0,0.0,0.0,0.0,0.7975,0.7160728600865159,1.7845450882216216,PASS,,,,0.0,,,0.0,,,,
2026-09-29T04:28:25.016158+00:00,401864513,2026,5,2026-10-04T03:59:00.000Z,San José State,Hawai'i,21,28,21.35718460381696,27.596290638408423,6.239106034591469,48.95347524222538,-6.239106034591469,48.95347524222538,Hawai'i,0.6481020639407715,65,0.678699539313048,0.678699539313048,Draft Kings,True,120.0,-142.0,Hawai'i,-142.0,STRONG,6.132520443663925,0.1566569613644903,-211,0.5634920634920635,Hawai'i,11.520747582098457,0.1566569613644903,-3.0,Hawai'i,-3.0,LEAN,3.239106034591469,0.5825482624243715,51.5,U,49,LEAN,2.54652475777462,0.5646244374008444,5.155631541663109,51.51285519941719,39.007142623184336,2.755631541663112,13.754445015620842,1.0,Draft Kings,-3.0,51.5,0.0,0.0,-142.0,120.0,0.5634920634920635,0.25,0.0,0.0,0.0,0.0,0.0,0.0,0.0,7.374305555555556,14.040972222222225,-6.666666666666667,,,,0.0,0.0,0.0,-3.0,51.5,-142.0,120.0,0.0,0.0,0.0,0.0,0.7975,0.7005238131071269,3.239106034591469,STRONG,moneyline,Hawai'i,-142.0,0.1566569613644903,0.678699539313048,11.520747582098457,0.16,,,,
2026-09-29T04:29:19.764972+00:00,401871049,2026,5,2026-10-02T00:00:00.000Z,Western Kentucky,New Mexico State,29,23,29.375893327113893,22.94888830802456,-6.427005019089334,52.32478163513845,6.427005019089334,52.32478163513845,Western Kentucky,0.6523422228350664,65,0.3757715458843073,0.6242284541156927,DraftKings,True,110.0,-130.0,Western Kentucky,110.0,STRONG,17.615174664459023,0.3108797536429547,-166,0.4572564612326044,Western Kentucky,16.697199288308834,0.3108797536429547,-2.5,Western Kentucky,2.5,STRONG,8.927005019089334,0.7171510113351609,56.5,U,52,LEAN,4.17521836486155,0.6051754054666025,1.4908568508229223,56.24803983885192,-114.16383763618228,-0.9091431491770728,17.58033307200067,1.0,DraftKings,-2.5,56.5,0.0,0.0,-130.0,110.0,0.5427435387673957,0.25,0.0,0.0,0.0,0.0,0.0,0.0,0.0,5.1875,12.166666666666666,-6.979166666666666,,,,0.0,0.0,0.0,-2.5,56.5,-130.0,110.0,0.0,0.0,0.0,0.0,0.7975,0.6425695796530899,8.927005019089334,STRONG,spread,Western Kentucky,2.5,0.3691064761853071,0.7171510113351609,8.927005019089334,0.96,,,,
2026-09-29T04:29:19.764972+00:00,401862786,2026,5,2026-10-02T01:00:00.000Z,North Texas,Tulsa,33,22,32.83360787420472,22.05535720638396,-10.77825066782077,54.88896508058868,10.77825066782077,54.88896508058868,North Texas,0.7443484252176478,74,0.2811455245470325,0.7188544754529674,DraftKings,True,100.0,-120.0,North Texas,100.0,STRONG,24.43484252176478,0.4377089509059348,-256,0.4782608695652174,North Texas,24.059360588775004,0.4377089509059348,-1.5,North Texas,1.5,STRONG,12.27825066782077,0.785245217549803,57.5,U,55,LEAN,2.611034919411317,0.5662466002677328,-9.508278155766844,61.31967257671526,-132.40035475631498,-11.90827815576684,20.134369327589887,1.0,DraftKings,-1.5,57.5,0.0,0.0,-120.0,100.0,0.5217391304347826,0.25,0.0,0.0,0.0,0.0,0.0,0.0,0.0,5.041666666666667,12.375,-7.333333333333333,,,,0.0,0.0,0.0,-1.5,57.5,-120.0,100.0,0.0,0.0,0.0,0.0,0.7975,0.5557285010485407,12.27825066782077,STRONG,spread,North Texas,1.5,0.4991045062314421,0.785245217549803,12.27825066782077,0.83,,,,
2026-09-29T04:29:19.764972+00:00,401858245,2026,5,2026-10-02T23:00:00.000Z,Pittsburgh,Virginia Tech,26,26,25.52167300555404,25.978192916821875,0.4565199112678328,51.49986592237592,-0.4565199112678328,51.49986592237592,Virginia Tech,0.51109698995318,51,0.5435618637610956,0.5435618637610956,DraftKings,True,136.0,-162.0,Virginia Tech,-162.0,STRONG,-10.722362073384296,-0.1209061215715614,-119,0.593369754159424,Pittsburgh,4.980789039832828,0.0771940015238143,-3.5,Pittsburgh,3.5,LEAN,3.043480088732167,0.5776282045275216,54.5,U,51,LEAN,3.0001340776240824,0.5760062347224522,-1.873495179031185,52.32890263301809,-61.04675057396412,-4.273495179031182,13.721754640711014,1.0,DraftKings,-3.5,54.5,0.0,0.0,-162.0,136.0,0.593369754159424,0.25,0.0,0.0,0.0,0.0,0.0,0.0,0.0,6.291666666666667,14.979166666666666,-8.6875,,,,0.0,0.0,0.0,-3.5,54.5,-162.0,136.0,0.0,0.0,0.0,0.0,0.7975,0.701019004182063,3.043480088732167,BET,spread,Pittsburgh,3.5,0.1027447540979957,0.5776282045275216,3.043480088732167,0.72,,,,
2026-09-29T04:29:19.764972+00:00,401871050,2026,5,2026-10-02T23:00:00.000Z,Liberty,Delaware,29,24,29.4564687766858,24.445214173733085,-5.011254602952713,53.90168295041888,5.011254602952713,53.90168295041888,Liberty,0.6199608999073486,62,0.4092128949486176,0.5907871050513824,DraftKings,True,-270.0,220.0,Liberty,-270.0,STRONG,-10.976882982238113,-0.1904028560406981,-144,0.7001620745542949,Delaware,10.937496950291264,0.3094812638355764,7.0,Delaware,7.0,,1.988745397047288,0.5509111650830183,49.5,O,54,LEAN,4.401682950418881,0.6107351622432623,-4.8077698462581,55.08677650869356,-17.556428727406,-7.207769846258097,17.503259713264278,1.0,DraftKings,7.0,49.5,0.0,0.0,220.0,-270.0,0.299837925445705,0.25,0.0,0.0,0.0,0.0,0.0,0.0,0.0,6.041666666666667,7.979166666666667,-1.9375,,,,0.0,0.0,0.0,7.0,49.5,220.0,-270.0,0.0,0.0,0.0,0.0,0.7975,0.6437370804684489,4.401682950418881,BET,moneyline,Delaware,220.0,0.3094812638355764,0.4092128949486176,10.937496950291264,0.09,,,,
2026-09-29T04:29:19.764972+00:00,401858476,2026,5,2026-10-03T00:00:00.000Z,Penn State,Northwestern,27,24,27.13909315553469,23.699002082274543,-3.4400910732601453,50.83809523780924,3.4400910732601453,50.83809523780924,Penn State,0.5830232612909794,58,0.4473206468163413,0.5526793531836587,DraftKings,True,-142.0,120.0,Penn State,-142.0,,-0.3753598213152909,-0.0581098347151732,-124,0.5634920634920635,Northwestern,1.0812710308404916,-0.015894577004049,2.5,Penn State,-2.5,,0.9400910732601452,0.5241169813343479,45.5,O,51,BET,5.338095237809242,0.633472897822207,-3.827395250453783,49.44196316682065,-83.69981449003899,-6.227395250453782,18.78524557064416,1.0,DraftKings,2.5,45.5,0.0,0.0,120.0,-142.0,0.4365079365079364,0.25,0.0,0.0,0.0,0.0,0.0,0.0,0.0,7.0,6.125,0.875,,,,0.0,0.0,0.0,2.5,45.5,120.0,-142.0,0.0,0.0,0.0,0.0,0.7975,0.6243176655330132,5.338095237809242,BET,total,O,45.5,0.2093573503878496,0.633472897822207,5.338095237809242,0.94,,,,
2026-09-29T04:29:19.764972+00:00,401856707,2026,5,2026-10-03T16:00:00.000Z,Alabama,Mississippi State,33,29,32.997847984171486,28.86602997890592,-4.131818005265568,61.8638779630774,4.131818005265568,61.8638779630774,Alabama,0.5993969899457892,60,0.4304392345713202,0.5695607654286798,DraftKings,True,-225.0,185.0,Alabama,-225.0,STRONG,-9.291070236190311,-0.177301116603018,-132,0.6636481241914618,Mississippi State,9.408735876278207,0.2267518185282626,6.0,Mississippi State,6.0,,1.8681819947344325,0.5478401016550182,60.5,O,62,,1.3638779630773996,0.5347206457661771,-5.053301241720714,65.28334382228644,-136.81128256099328,-7.453301241720712,15.738666608716663,1.0,DraftKings,6.0,60.5,0.0,0.0,185.0,-225.0,0.3363518758085381,0.25,0.0,0.0,0.0,0.0,0.0,0.0,0.0,6.677083333333333,6.708333333333333,-0.03125,,,,0.0,0.0,0.0,6.0,60.5,185.0,-225.0,0.0,0.0,0.0,0.0,0.7975,0.6704669897667107,1.8681819947344325,BET,moneyline,Mississippi State,185.0,0.2267518185282626,0.4304392345713202,9.408735876278207,0.08,,,,
2026-09-29T04:29:19.764972+00:00,401856807,2026,5,2026-10-03T16:00:00.000Z,Middle Tennessee,Kansas,20,31,20.40389591718825,31.13868013822492,10.734784221036666,51.54257605541317,-10.734784221036666,51.54257605541317,Kansas,0.7434960009750686,74,0.7673428861528064,0.7673428861528064,DraftKings,True,800.0,-1350.0,Kansas,-1350.0,STRONG,-18.7538481783552,-0.1758169000580968,-330,0.8933823529411765,Middle Tennessee,12.603946678837003,1.093914024624742,-19.5,Middle Tennessee,19.5,STRONG,8.765215778963334,0.7136190623348124,50.5,O,52,,1.042576055413171,0.5265551227804588,5.660736367526006,52.58175717079437,41.56437435521616,3.2607363675260084,10.650752997808157,1.0,DraftKings,-19.5,50.5,0.0,0.0,-1350.0,800.0,0.8933823529411765,0.25,0.0,0.0,0.0,0.0,0.0,0.0,0.0,14.0,6.708333333333333,7.291666666666667,,,,0.0,0.0,0.0,-19.5,50.5,-1350.0,800.0,0.0,0.0,0.0,0.0,0.7975,0.7475382811519519,8.765215778963334,BET,moneyline,Middle Tennessee,800.0,1.093914024624742,0.2326571138471935,12.603946678837008,0.1,,,,
2026-09-29T04:29:19.764972+00:00,401856819,2026,5,2026-10-03T16:00:00.000Z,UCF,Houston,22,30,22.18011551112022,29.8007055990945,7.62059008797428,51.98082111021472,-7.62059008797428,51.98082111021472,Houston,0.6788147361411452,68,0.7077994806115614,0.7077994806115614,DraftKings,True,350.0,-455.0,Houston,-455.0,STRONG,-14.10050836786746,-0.1366401939793042,-242,0.7867435158501441,UCF,7.89440352385827,0.3149023372479737,-12.5,UCF,12.5,BET,4.87940991202572,0.623224486626176,51.5,O,52,,0.4808211102147197,0.5122539716995885,5.493007045678876,50.995864548717705,73.34919208988708,3.0930070456788785,11.31308437250763,1.0,DraftKings,-12.5,51.5,0.0,0.0,-455.0,350.0,0.7867435158501441,0.25,0.0,0.0,0.0,0.0,0.0,0.0,0.0,6.833333333333333,6.854166666666667,-0.0208333333333339,,,,0.0,0.0,0.0,-12.5,51.5,-455.0,350.0,0.0,0.0,0.0,0.0,0.7975,0.7375053406822855,4.87940991202572,PASS,moneyline,UCF,350.0,0.3149023372479737,0.2922005193884386,7.894403523858273,0.0,,,,
2026-09-29T04:29:19.764972+00:00,401856822,2026,5,2026-10-03T16:00:00.000Z,West Virginia,Iowa State,19,34,18.77393472155355,33.659349588420326,14.885414866866777,52.43328430997388,-14.885414866866777,52.43328430997388,Iowa State,0.8178214921383985,82,0.832679341331308,0.832679341331308,DraftKings,True,136.0,-162.0,Iowa State,-162.0,STRONG,19.95008814513756,0.3466789347456956,-498,0.593369754159424,Iowa State,23.93095871718841,0.3466789347456956,-3.0,Iowa State,-3.0,STRONG,11.885414866866777,0.7777911454201663,52.5,U,52,,0.0667156900261218,0.5017005457558138,11.724595780373718,54.62005785129492,61.11539515271648,9.324595780373716,18.27281265308985,1.0,DraftKings,-3.0,52.5,0.0,0.0,-162.0,136.0,0.593369754159424,0.25,0.0,0.0,0.0,0.0,0.0,0.0,0.0,6.854166666666667,6.708333333333333,0.1458333333333339,,,,0.0,0.0,0.0,-3.0,52.5,-162.0,136.0,0.0,0.0,0.0,0.0,0.7975,0.5903693035082929,11.885414866866777,STRONG,spread,Iowa State,-3.0,0.4848740048930446,0.7777911454201663,11.885414866866777,0.89,,,,
2026-09-29T04:29:19.764972+00:00,401858246,2026,5,2026-10-03T16:00:00.000Z,Boston College,SMU,18,35,18.235901346647346,34.62836009393256,16.392458747285207,52.8642614405799,-16.392458747285207,52.8642614405799,SMU,0.8410859564181585,84,0.8524691222151883,0.8524691222151883,DraftKings,True,950.0,-1650.0,SMU,-1650.0,STRONG,-10.177118643898432,-0.0958660824990426,-578,0.9082568807339452,Boston College,5.578775851875662,0.5490742167405225,-21.0,Boston College,21.0,BET,4.6075412527147925,0.6165634250710001,55.5,U,53,LEAN,2.6357385594200977,0.5668675005058201,11.992931189800103,53.17530117110579,177.4966838162129,9.592931189800105,11.985524743329432,1.0,DraftKings,-21.0,55.5,0.0,0.0,-1650.0,950.0,0.9082568807339452,0.25,0.0,0.0,0.0,0.0,0.0,0.0,0.0,6.625,7.0,-0.375,,,,0.0,0.0,0.0,-21.0,55.5,-1650.0,950.0,0.0,0.0,0.0,0.0,0.7975,0.7273192699817744,4.6075412527147925,PASS,moneyline,Boston College,950.0,0.5490742167405225,0.1475308777848116,5.5787758518756725,0.0,,,,
2026-09-29T04:29:19.764972+00:00,401858250,2026,5,2026-10-03T16:00:00.000Z,Notre Dame,North Carolina,36,15,35.99181101236783,14.610244523092945,-21.38156648927489,50.60205553546078,21.38156648927489,50.60205553546078,Notre Dame,0.9037057170365368,90,0.1202907226121481,0.8797092773878519,DraftKings,True,-1800.0,1000.0,Notre Dame,-1800.0,BET,-4.366270401609473,-0.0714179849794897,-731,0.912442396313364,North Carolina,3.273311892551216,0.3231979487336291,21.0,Notre Dame,-21.0,,0.381566489274892,0.5097936458272164,47.5,O,51,LEAN,3.102055535460778,0.5785552612762334,-19.423125352085737,49.95256846683233,-223.02848416882648,-21.823125352085743,13.79275281908536,1.0,DraftKings,21.0,47.5,0.0,0.0,1000.0,-1800.0,0.0875576036866359,0.25,0.0,0.0,0.0,0.0,0.0,0.0,0.0,14.0,6.916666666666667,7.083333333333333,,,,0.0,0.0,0.0,21.0,47.5,1000.0,-1800.0,0.0,0.0,0.0,0.0,0.7975,0.6999435296925632,3.102055535460778,PASS,moneyline,North Carolina,1000.0,0.3231979487336291,0.1202907226121481,3.273311892551216,0.0,,,,
2026-09-29T04:29:19.764972+00:00,401858251,2026,5,2026-10-03T16:00:00.000Z,Stanford,Wake Forest,22,33,21.603851921888705,32.85207291619819,11.248220994309486,54.455924838086894,-11.248220994309486,54.455924838086894,Wake Forest,0.7534697395039338,75,0.776303730457853,0.776303730457853,DraftKings,True,390.0,-520.0,Wake Forest,-520.0,STRONG,-8.523993791542106,-0.0744070906079445,-347,0.8042929292929294,Stanford,2.798919883507633,0.0961117207565205,-13.5,Stanford,13.5,LEAN,2.251779005690514,0.5576004915858331,53.5,O,54,,0.9559248380868935,0.5243509245851813,10.420508422028412,54.388682168229145,91.56271605251096,8.020508422028406,16.59976565300775,1.0,DraftKings,-13.5,53.5,0.0,0.0,-520.0,390.0,0.8042929292929294,0.25,0.0,0.0,0.0,0.0,0.0,0.0,0.0,7.0,6.5625,0.4375,,,,0.0,0.0,0.0,-13.5,53.5,-520.0,390.0,0.0,0.0,0.0,0.0,0.7975,0.657423133202043,2.251779005690514,PASS,moneyline,Stanford,390.0,0.0961117207565205,0.223696269542147,2.7989198835076445,0.0,,,,
2026-09-29T04:29:19.764972+00:00,401858252,2026,5,2026-10-03T16:00:00.000Z,Syracuse,UConn,21,33,20.916996908482645,33.01637008531658,12.09937317683394,53.933366993799225,-12.09937317683394,53.933366993799225,UConn,0.769535224126748,77,0.7906109929509687,0.7906109929509687,DraftKings,True,-245.0,200.0,UConn,200.0,STRONG,43.62018907934147,1.3718329788529062,-378,0.3194444444444444,UConn,47.11665485065243,1.3718329788529062,6.5,UConn,6.5,STRONG,18.59937317683394,0.8842993922505317,50.5,O,54,LEAN,3.433366993799225,0.5868180153659476,8.656638197759587,53.94274355221549,74.48108466123676,6.256638197759587,14.302090124170018,1.0,DraftKings,6.5,50.5,0.0,0.0,200.0,-245.0,0.3194444444444444,0.25,0.0,0.0,0.0,0.0,0.0,0.0,0.0,6.854166666666667,15.6875,-8.833333333333332,,,,0.0,0.0,0.0,6.5,50.5,200.0,-245.0,0.0,0.0,0.0,0.0,0.7975,0.4838826499792984,18.59937317683394,STRONG,moneyline,UConn,200.0,1.3718329788529062,0.7906109929509687,47.11665485065243,0.33,,,,
2026-09-29T04:29:19.764972+00:00,401858474,2026,5,2026-10-03T16:00:00.000Z,Michigan,Minnesota,26,22,26.13172445825735,21.719551453642847,-4.4121730046145045,47.8512759119002,4.4121730046145045,47.8512759119002,Michigan,0.6059855204765032,61,0.423640771739733,0.576359228260267,DraftKings,True,-225.0,185.0,Michigan,-225.0,STRONG,-8.632217183118907,-0.1674811147351699,-136,0.6636481241914618,Minnesota,8.728889593119488,0.2073761994582391,5.5,Minnesota,5.5,,1.0878269953854955,0.5279012153123219,43.5,O,48,LEAN,4.351275911900196,0.6094995737548684,-2.978754181550755,46.52647344286591,-63.6364774579647,-5.378754181550752,16.03127332185313,1.0,DraftKings,5.5,43.5,0.0,0.0,185.0,-225.0,0.3363518758085381,0.25,0.0,0.0,0.0,0.0,0.0,0.0,0.0,6.541666666666667,6.854166666666667,-0.3125,,,,0.0,0.0,0.0,5.5,43.5,185.0,-225.0,0.0,0.0,0.0,0.0,0.7975,0.6660346076600123,4.351275911900196,PASS,moneyline,Minnesota,185.0,0.2073761994582391,0.423640771739733,8.728889593119488,0.0,,,,
2026-09-29T04:29:19.764972+00:00,401862791,2026,5,2026-10-03T16:00:00.000Z,Navy,Air Force,23,31,23.2476553748218,30.826254156837425,7.578598782015625,54.073909531659226,-7.578598782015625,54.073909531659226,Air Force,0.6778976935349259,68,0.7069380055385197,0.7069380055385197,DraftKings,True,142.0,-170.0,Air Force,-170.0,BET,4.826806390529626,0.1227838911494136,-241,0.6037569709421778,Air Force,10.318103459634187,0.1227838911494136,-3.5,Air Force,-3.5,BET,4.078598782015625,0.6035062463139929,46.5,O,54,STRONG,7.5739095316592255,0.6857779379540726,1.2354686240129382,56.898314136833406,-78.56113449452937,-1.1645313759870568,10.85403102616772,1.0,DraftKings,-3.5,46.5,0.0,0.0,-170.0,142.0,0.6037569709421778,0.25,0.0,0.0,0.0,0.0,0.0,0.0,0.0,6.5625,7.708333333333333,-1.145833333333333,,,,0.0,0.0,0.0,-3.5,46.5,-170.0,142.0,0.0,0.0,0.0,0.0,0.7975,0.744459042518197,7.5739095316592255,STRONG,total,O,46.5,0.3092124270032295,0.6857779379540726,7.5739095316592255,1.12,,,,
2026-09-29T04:29:19.764972+00:00,401858479,2026,5,2026-10-03T16:30:00.000Z,Michigan State,Wisconsin,18,27,18.28237673624279,27.4387163395916,9.156339603348808,45.72109307583439,-9.156339603348808,45.72109307583439,Wisconsin,0.7115686449312615,71,0.7382569278008979,0.7382569278008979,DraftKings,True,320.0,-410.0,Wisconsin,-410.0,STRONG,-9.235292369618954,-0.0816804068818099,-282,0.771505376344086,Michigan State,3.3248448543188145,0.0993209032362287,-10.5,Michigan State,10.5,,1.3436603966511915,0.5344482009138749,43.5,O,46,,2.221093075834389,0.556425142363061,5.583716904766153,44.54024738100476,50.80025263199059,3.183716904766155,18.99053829885685,1.0,DraftKings,-10.5,43.5,0.0,0.0,-410.0,320.0,0.771505376344086,0.25,0.0,0.0,0.0,0.0,0.0,0.0,0.0,6.8125,6.8125,0.0,,,,0.0,0.0,0.0,-10.5,43.5,-410.0,320.0,0.0,0.0,0.0,0.0,0.7975,0.6212079083937746,2.221093075834389,PASS,moneyline,Michigan State,320.0,0.0993209032362287,0.2617430721991021,3.324844854318809,0.0,,,,
2026-09-29T04:29:19.764972+00:00,401856705,2026,5,2026-10-03T16:45:00.000Z,Vanderbilt,Georgia,22,37,21.85711373549043,36.86041798807028,15.003304252579852,58.71753172356071,-15.003304252579852,58.71753172356071,Georgia,0.8197146425909005,82,0.8343008873943312,0.8343008873943312,DraftKings,True,1300.0,-2800.0,Georgia,-2800.0,STRONG,-14.580259878840984,-0.1359026523415855,-504,0.9311163895486936,Vanderbilt,9.681550215436244,1.3197875764793636,-24.5,Vanderbilt,24.5,STRONG,9.496695747420148,0.7294183934660305,50.5,O,59,STRONG,8.217531723560711,0.7002225543998629,12.335284523196703,60.42750959803068,124.25991541426151,9.935284523196705,13.329462752898287,1.0,DraftKings,-24.5,50.5,0.0,0.0,-2800.0,1300.0,0.9311163895486936,0.25,0.0,0.0,0.0,0.0,0.0,0.0,0.0,6.885416666666667,6.854166666666667,0.03125,,,,0.0,0.0,0.0,-24.5,50.5,-2800.0,1300.0,0.0,0.0,0.0,0.0,0.7975,0.7069614090076596,9.496695747420148,PASS,moneyline,Vanderbilt,1300.0,1.3197875764793636,0.1656991126056688,9.68155021543623,0.0,,,,
2026-09-29T04:29:19.764972+00:00,401866432,2026,5,2026-10-03T17:00:00.000Z,Western Michigan,Buffalo,26,24,25.574674799824315,23.600776273598303,-1.97389852622601,49.17545107342262,1.97389852622601,49.17545107342262,Western Michigan,0.5478718301197416,55,0.4834590002355789,0.516540999764421,DraftKings,True,-600.0,440.0,Western Michigan,-600.0,STRONG,-30.927102702311547,-0.3973688336081755,-107,0.8223350253807106,Buffalo,30.57940256162896,1.6106786012721264,13.5,Buffalo,13.5,STRONG,11.52610147377399,0.7708457194916611,46.5,O,49,LEAN,2.6754510734226216,0.5678652866470059,-4.579868168875997,48.276740795349895,-82.40298752878698,-6.979868168875994,16.240406838362716,1.0,DraftKings,13.5,46.5,0.0,0.0,440.0,-600.0,0.1776649746192893,0.25,0.0,0.0,0.0,0.0,0.0,0.0,0.0,14.041666666666666,6.895833333333333,7.145833333333333,,,,0.0,0.0,0.0,13.5,46.5,440.0,-600.0,0.0,0.0,0.0,0.0,0.7975,0.6274606074786604,11.52610147377399,BET,moneyline,Buffalo,440.0,1.6106786012721264,0.4834590002355789,30.57940256162896,0.23,,,,
2026-09-29T04:29:19.764972+00:00,401866431,2026,5,2026-10-03T18:00:00.000Z,Toledo,Ball State,36,17,35.62141301596722,16.590124350690086,-19.03128866527713,52.2115373666573,19.03128866527713,52.2115373666573,Toledo,0.8769221052888218,88,0.147198573735149,0.8528014262648509,DraftKings,True,-1350.0,800.0,Toledo,-1350.0,BET,-5.411237746979891,-0.0840280977155305,-579,0.8933823529411765,Ball State,4.058092667632554,0.3247871636163417,19.5,Ball State,19.5,,0.4687113347228688,0.5120297726982116,51.5,O,52,,0.7115373666573035,0.5181305002661513,-16.116848766046118,54.86883069515089,-160.72540967674126,-18.51684876604612,16.47715402038841,1.0,DraftKings,19.5,51.5,0.0,0.0,800.0,-1350.0,0.1066176470588235,0.25,0.0,0.0,0.0,0.0,0.0,0.0,0.0,7.083333333333333,7.083333333333333,0.0,,,,0.0,0.0,0.0,19.5,51.5,800.0,-1350.0,0.0,0.0,0.0,0.0,0.7975,0.6592804439953248,0.7115373666573035,PASS,moneyline,Ball State,800.0,0.3247871636163417,0.147198573735149,4.058092667632554,0.0,,,,
2026-09-29T04:29:19.764972+00:00,401856708,2026,5,2026-10-03T19:30:00.000Z,Florida,Missouri,31,24,30.517571719204152,24.46158816892203,-6.055983550282119,54.97915988812618,6.055983550282119,54.97915988812618,Florida,0.643951888647238,64,0.3844356324241951,0.6155643675758049,DraftKings,True,-205.0,170.0,Florida,-205.0,LEAN,-2.817925889374562,-0.0841603311677048,-160,0.644729178800233,Missouri,2.9164811224428098,0.0379762075453268,4.5,Florida,-4.5,,1.5559835502821189,0.5398747292810421,56.5,U,55,,1.5208401118738166,0.5387045657009589,0.09862028669367,55.79949949867528,19.69839871357226,-2.3013797133063303,15.258122056742849,1.0,DraftKings,4.5,56.5,0.0,0.0,170.0,-205.0,0.355270821199767,0.25,0.0,0.0,0.0,0.0,0.0,0.0,0.0,6.822916666666667,7.0,-0.177083333333333,,,,0.0,0.0,0.0,4.5,56.5,170.0,-205.0,0.0,0.0,0.0,0.0,0.7975,0.6777462385946309,1.5559835502821189,PASS,moneyline,Missouri,170.0,0.0379762075453268,0.3844356324241951,2.9164811224428098,0.0,,,,
2026-09-29T04:29:19.764972+00:00,401856710,2026,5,2026-10-03T19:30:00.000Z,Auburn,Tennessee,23,31,22.526839832845525,31.021884658915543,8.495044826070021,53.54872449176107,-8.495044826070021,53.54872449176107,Tennessee,0.6976574371938684,70,0.7253960034346244,0.7253960034346244,DraftKings,True,230.0,-285.0,Tennessee,-285.0,BET,-4.260230306587188,-0.0200790830795424,-264,0.7095435684647302,Tennessee,1.5852434969894191,-0.0200790830795424,-7.0,Tennessee,-7.0,,1.495044826070021,0.5383179799655279,53.5,O,54,,0.0487244917610709,0.5012419618941483,6.231968182857326,52.57403030816549,78.07701183572908,3.8319681828573264,14.93423056931324,1.0,DraftKings,-7.0,53.5,0.0,0.0,-285.0,230.0,0.7095435684647302,0.25,0.0,0.0,0.0,0.0,0.0,0.0,0.0,7.145833333333333,6.96875,0.177083333333333,,,,0.0,0.0,0.0,-7.0,53.5,-285.0,230.0,0.0,0.0,0.0,0.0,0.7975,0.6826525198552573,1.495044826070021,PASS,,,,0.0,,,0.0,,,,
2026-09-29T04:29:19.764972+00:00,401858247,2026,5,2026-10-03T19:30:00.000Z,California,UNLV,22,26,21.65604044136588,26.310194837152128,4.654154395786252,47.966235278518006,-4.654154395786252,47.966235278518006,UNLV,0.6116480327149539,61,0.6435297434338073,0.6435297434338073,DraftKings,True,114.0,-135.0,UNLV,-135.0,BET,3.71799476085709,0.1202184422736645,-181,0.551441114716549,UNLV,9.208862871725833,0.1202184422736645,-2.5,UNLV,-2.5,LEAN,2.154154395786252,0.5551195679063907,53.5,U,48,BET,5.533764721481994,0.6381684650509596,8.765867945754412,50.53128672494556,92.93929149787346,6.365867945754415,17.477896037431645,1.0,DraftKings,-2.5,53.5,0.0,0.0,-135.0,114.0,0.551441114716549,0.25,0.0,0.0,0.0,0.0,0.0,0.0,0.0,7.145833333333333,7.708333333333333,-0.5625,,,,0.0,0.0,0.0,-2.5,53.5,-135.0,114.0,0.0,0.0,0.0,0.0,0.7975,0.6441212873163219,5.533764721481994,BET,total,U,53.5,0.2183216150972864,0.6381684650509596,5.533764721481994,0.97,,,,
2026-09-29T04:29:19.764972+00:00,401858248,2026,5,2026-10-03T19:30:00.000Z,Louisville,NC State,28,28,28.454859620633176,28.322099006868594,-0.1327606137645809,56.77695862750177,0.1327606137645809,56.77695862750177,Louisville,0.5032274981258885,50,0.5290389896707751,0.4709610103292249,DraftKings,True,-225.0,185.0,Louisville,-225.0,STRONG,-18.908019418180377,-0.3197229850800085,112,0.6636481241914618,NC State,19.268711386223696,0.5077611205617091,5.5,NC State,5.5,BET,5.367239386235419,0.6350841410005307,58.5,U,57,,1.72304137249823,0.5438309425842932,-1.656727278410667,59.554170070814735,-36.74658446161766,-4.056727278410666,13.39522734614848,1.0,DraftKings,5.5,58.5,0.0,0.0,185.0,-225.0,0.3363518758085381,0.25,0.0,0.0,0.0,0.0,0.0,0.0,0.0,6.833333333333333,7.145833333333333,-0.3125,,,,0.0,0.0,0.0,5.5,58.5,185.0,-225.0,0.0,0.0,0.0,0.0,0.7975,0.7059652124294885,5.367239386235419,BET,moneyline,NC State,185.0,0.5077611205617091,0.5290389896707751,19.268711386223696,0.19,,,,
2026-09-29T04:29:19.764972+00:00,401858253,2026,5,2026-10-03T19:30:00.000Z,Virginia,Florida State,27,26,27.347819600985552,25.621508405794195,-1.7263111951913603,52.96932800677975,1.7263111951913603,52.96932800677975,Virginia,0.5418909416451518,54,0.4895890552342555,0.5104109447657444,DraftKings,True,-148.0,124.0,Virginia,-148.0,BET,-5.488325190323529,-0.1447167952574012,-104,0.5720596355604638,Florida State,6.1648690794719405,0.0966794837247324,2.5,Florida State,2.5,,0.7736888048086397,0.5198520223824165,51.5,O,53,,1.4693280067797474,0.537397524483793,-2.9342684539595503,51.13055495545021,-92.88986704721152,-5.334268453959551,17.35111829901126,1.0,DraftKings,2.5,51.5,0.0,0.0,124.0,-148.0,0.4279403644395361,0.25,0.0,0.0,0.0,0.0,0.0,0.0,0.0,14.0,6.895833333333333,7.104166666666667,,,,0.0,0.0,0.0,2.5,51.5,124.0,-148.0,0.0,0.0,0.0,0.0,0.7975,0.6460417059331024,1.4693280067797474,PASS,moneyline,Florida State,124.0,0.0966794837247324,0.4895890552342555,6.1648690794719405,0.0,,,,
2026-09-29T04:29:19.764972+00:00,401858473,2026,5,2026-10-03T19:30:00.000Z,Ohio State,Iowa,27,20,26.60418515197811,19.698809616597675,-6.905375535380436,46.302994768575786,6.905375535380436,46.302994768575786,Ohio State,0.6630504918847046,66,0.3647175939903114,0.6352824060096887,DraftKings,True,-575.0,425.0,Ohio State,-575.0,STRONG,-18.88013599671473,-0.2542336972929742,-174,0.817258883248731,Iowa,18.19764772390424,0.9147673684491348,14.0,Iowa,14.0,STRONG,7.094624464619564,0.6759833896981156,45.5,O,46,,0.8029947685757861,0.5204589751516868,-6.317539587612021,45.55515579801556,-61.903651346494144,-8.717539587612022,17.80138976701135,1.0,DraftKings,14.0,45.5,0.0,0.0,425.0,-575.0,0.182741116751269,0.25,0.0,0.0,0.0,0.0,0.0,0.0,0.0,7.0,7.145833333333333,-0.145833333333333,,,,0.0,0.0,0.0,14.0,45.5,425.0,-575.0,0.0,0.0,0.0,0.0,0.7975,0.6392210312584594,7.094624464619564,BET,moneyline,Iowa,425.0,0.9147673684491348,0.3647175939903114,18.19764772390424,0.14,,,,
2026-09-29T04:29:19.764972+00:00,401862787,2026,5,2026-10-03T19:30:00.000Z,Memphis,Charlotte,33,16,33.12708426726154,16.47670853650699,-16.65037573075455,49.60379280376853,16.65037573075455,49.60379280376853,Memphis,0.844863204871344,84,0.1793478385975448,0.8206521614024551,DraftKings,True,-1450.0,850.0,Memphis,-1450.0,STRONG,-9.062066609639784,-0.1227511378111686,-458,0.8988580750407831,Charlotte,7.820591363832789,0.7038044666766761,20.5,Charlotte,20.5,LEAN,3.8496242692454494,0.5978167490631556,54.5,U,50,BET,4.896207196231472,0.6227959051533081,-11.941380006771148,50.73916646206148,-213.60836305385124,-14.341380006771152,14.66862715349701,1.0,DraftKings,20.5,54.5,0.0,0.0,850.0,-1450.0,0.1011419249592169,0.25,0.0,0.0,0.0,0.0,0.0,0.0,0.0,6.875,20.89583333333333,-14.020833333333332,,,,0.0,0.0,0.0,20.5,54.5,850.0,-1450.0,0.0,0.0,0.0,0.0,0.7975,0.6866758582644235,4.896207196231472,PASS,moneyline,Charlotte,850.0,0.7038044666766761,0.1793478385975448,7.820591363832789,0.0,,,,
2026-09-29T04:29:19.764972+00:00,401864515,2026,5,2026-10-03T19:30:00.000Z,Wyoming,North Dakota State,17,31,17.445011623014977,31.23176837633773,13.78675675332275,48.6767799993527,-13.78675675332275,48.6767799993527,North Dakota State,0.7995860664198757,80,0.8169545015000119,0.8169545015000119,DraftKings,True,750.0,-1200.0,North Dakota State,-1200.0,STRONG,-12.34908566570474,-0.1149659567083204,-446,0.8869565217391304,Wyoming,7.000202023911853,0.5558867372498988,-18.5,Wyoming,18.5,BET,4.71324324667725,0.619157450029661,45.5,O,49,LEAN,3.1767799993527035,0.5804220157462994,12.085068082543792,44.708641500341805,130.1099555447379,9.685068082543795,14.60655055445303,1.0,DraftKings,-18.5,45.5,0.0,0.0,-1200.0,750.0,0.8869565217391304,0.25,0.0,0.0,0.0,0.0,0.0,0.0,0.0,13.708333333333334,7.020833333333333,6.687500000000001,,,,0.0,0.0,0.0,-18.5,45.5,-1200.0,750.0,0.0,0.0,0.0,0.0,0.7975,0.6876161894136917,4.71324324667725,PASS,moneyline,Wyoming,750.0,0.5558867372498988,0.183045498499988,7.00020202391185,0.0,,,,
2026-09-29T04:29:19.764972+00:00,401866430,2026,5,2026-10-03T19:30:00.000Z,Akron,Central Michigan,20,30,20.3858526808148,29.83733175988208,9.45147907906728,50.22318444069688,-9.45147907906728,50.22318444069688,Central Michigan,0.7176783856163303,72,0.7438697338569894,0.7438697338569894,DraftKings,True,195.0,-238.0,Central Michigan,-238.0,,1.353637378201078,0.0564200422002622,-290,0.6750312469954812,Central Michigan,6.8838486861508175,0.0564200422002622,-6.5,Central Michigan,-6.5,LEAN,2.95147907906728,0.5753101044493869,46.5,O,50,LEAN,3.723184440696876,0.5940146600215548,6.545483025869114,49.466756374435406,67.3369627536008,4.145483025869115,22.49536725186394,1.0,DraftKings,-6.5,46.5,0.0,0.0,-238.0,195.0,0.6750312469954812,0.25,0.0,0.0,0.0,0.0,0.0,0.0,0.0,6.875,7.145833333333333,-0.270833333333333,,,,0.0,0.0,0.0,-6.5,46.5,-238.0,195.0,0.0,0.0,0.0,0.0,0.7975,0.5681170514827028,3.723184440696876,LEAN,total,O,46.5,0.1340279873138773,0.5940146600215548,3.723184440696876,0.76,,,,
2026-09-29T04:29:19.764972+00:00,401866433,2026,5,2026-10-03T19:30:00.000Z,Eastern Michigan,Massachusetts,24,31,23.50380063087202,30.732352122638424,7.228551491766404,54.236152753510446,-7.228551491766404,54.236152753510446,Massachusetts,0.6702113132997163,67,0.6996991507890394,0.6996991507890394,DraftKings,True,180.0,-218.0,Massachusetts,-218.0,,-1.532327789525223,0.0206620639950208,-233,0.6574752261956054,Massachusetts,4.222392459343405,0.0206620639950208,-6.0,Massachusetts,-6.0,,1.228551491766404,0.5315035169521226,48.5,O,54,BET,5.736152753510446,0.6430034642220146,3.1485108225066014,53.83509764006634,-44.13873602092508,0.7485108225066028,19.79097085689323,1.0,DraftKings,-6.0,48.5,0.0,0.0,-218.0,180.0,0.6574752261956054,0.25,0.0,0.0,0.0,0.0,0.0,0.0,0.0,6.770833333333333,14.125,-7.354166666666667,,,,0.0,0.0,0.0,-6.0,48.5,-218.0,180.0,0.0,0.0,0.0,0.0,0.7975,0.6090830227073528,5.736152753510446,BET,total,O,48.5,0.2275520680602096,0.6430034642220146,5.736152753510446,0.91,,,,
2026-09-29T04:29:19.764972+00:00,401866434,2026,5,2026-10-03T19:30:00.000Z,Ohio,Kent State,34,22,33.58164245523182,21.94896568543229,-11.632676769799527,55.53060814066412,11.632676769799527,55.53060814066412,Ohio,0.7607996937586337,76,0.2643523103347296,0.7356476896652704,DraftKings,True,-162.0,136.0,Ohio,-162.0,STRONG,14.247908307161072,0.1897512018043261,-278,0.593369754159424,Ohio,14.227793550584645,0.1897512018043261,3.0,Ohio,-3.0,STRONG,8.632676769799529,0.7107101528700785,50.5,O,56,BET,5.030608140664121,0.6260537061174625,-10.024475842517065,56.95963738487795,-145.8758629423112,-12.424475842517062,20.55127528341332,1.0,DraftKings,3.0,50.5,0.0,0.0,136.0,-162.0,0.4066302458405761,0.25,0.0,0.0,0.0,0.0,0.0,0.0,0.0,7.145833333333333,13.854166666666666,-6.708333333333333,,,,0.0,0.0,0.0,3.0,50.5,136.0,-162.0,0.0,0.0,0.0,0.0,0.7975,0.5975659946131288,8.632676769799529,STRONG,spread,Ohio,-3.0,0.3568102918428771,0.7107101528700785,8.632676769799529,0.9,,,,
2026-09-29T04:29:19.764972+00:00,401866477,2026,5,2026-10-03T19:30:00.000Z,Bowling Green,Miami (OH),23,27,23.102501608997585,26.520800465965912,3.418298856968324,49.6233020749635,-3.418298856968324,49.6233020749635,Miami (OH),0.5825049145357291,58,0.614965194184973,0.614965194184973,DraftKings,True,410.0,-550.0,Miami (OH),-550.0,STRONG,-26.364893161811708,-0.2732229523268501,-160,0.8118668596237336,Bowling Green,19.690166543876074,0.9636775096566376,-13.5,Bowling Green,13.5,STRONG,10.081701143031676,0.7417327142743558,42.5,O,50,BET,7.123302074963497,0.6754911947371148,9.403334490219953,49.20229706759147,91.487560502723,7.003334490219958,19.987408021763645,1.0,DraftKings,-13.5,42.5,0.0,0.0,-550.0,410.0,0.8118668596237336,0.25,0.0,0.0,0.0,0.0,0.0,0.0,0.0,7.0,6.9375,0.0625,,,,0.0,0.0,0.0,-13.5,42.5,-550.0,410.0,0.0,0.0,0.0,0.0,0.7975,0.6043742205199006,10.081701143031676,BET,moneyline,Bowling Green,410.0,0.9636775096566376,0.385034805815027,19.690166543876064,0.14,,,,
2026-09-29T04:29:19.764972+00:00,401869956,2026,5,2026-10-03T19:30:00.000Z,Old Dominion,Georgia State,29,22,29.23697354840202,22.12311871922521,-7.113854829176799,51.36009226762724,7.113854829176799,51.36009226762724,Old Dominion,0.6676768688559668,67,0.3599436668670144,0.6400563331329856,DraftKings,True,-102.0,-118.0,Old Dominion,-102.0,STRONG,16.27263738064618,0.267562542086893,-178,0.4826358742837298,Old Dominion,15.74204588492558,0.267562542086893,-1.5,Old Dominion,1.5,STRONG,8.613854829176798,0.7102959335572216,50.5,O,51,,0.8600922676272376,0.5219123095313201,-1.4381734926192635,54.89243411135307,-93.77261182649067,-3.838173492619264,16.23634377676519,1.0,DraftKings,-1.5,50.5,0.0,0.0,-118.0,-102.0,0.5173641257162701,0.25,0.0,0.0,0.0,0.0,0.0,0.0,0.0,7.0625,6.895833333333333,0.1666666666666669,,,,0.0,0.0,0.0,-1.5,50.5,-118.0,-102.0,0.0,0.0,0.0,0.0,0.7975,0.6629282174982091,8.613854829176798,STRONG,spread,Old Dominion,1.5,0.3560195095183321,0.7102959335572216,8.613854829176798,0.99,,,,
2026-09-29T04:29:19.764972+00:00,401869962,2026,5,2026-10-03T19:45:00.000Z,Marshall,James Madison,17,34,17.167949031822843,34.33258678293123,17.16463775110839,51.50053581475407,-17.16463775110839,51.50053581475407,James Madison,0.8522163572944197,85,0.8618367689150861,0.8618367689150861,DraftKings,True,650.0,-1000.0,James Madison,-1000.0,BET,-5.687455179648937,-0.0519795541934052,-624,0.8720930232558138,Marshall,1.0256254340727855,0.0362242331368543,-18.5,Marshall,18.5,,1.3353622488916097,0.5342359811384044,55.5,U,52,LEAN,3.999464185245927,0.6008457261805884,16.904272520645137,54.47465855555829,135.40044381576172,14.504272520645138,15.421518798118807,1.0,DraftKings,-18.5,55.5,0.0,0.0,-1000.0,650.0,0.8720930232558138,0.25,0.0,0.0,0.0,0.0,0.0,0.0,0.0,6.90625,13.885416666666666,-6.979166666666666,,,,0.0,0.0,0.0,-18.5,55.5,-1000.0,650.0,0.0,0.0,0.0,0.0,0.7975,0.6752711183726628,3.999464185245927,LEAN,total,U,55.5,0.1470691136174869,0.6008457261805884,3.999464185245927,0.99,,,,
2026-09-29T04:29:19.764972+00:00,401858475,2026,5,2026-10-03T20:00:00.000Z,Maryland,Nebraska,19,38,18.83797414543589,38.34980272649919,19.511828581063305,57.187776871935085,-19.511828581063305,57.187776871935085,Nebraska,0.8827842260409055,88,0.8872806159065294,0.8872806159065294,DraftKings,True,490.0,-675.0,Nebraska,-675.0,,1.1816484105421576,0.01872959604083,-787,0.8370993168681029,Nebraska,5.01812990384265,0.01872959604083,-14.5,Nebraska,-14.5,BET,5.011828581063305,0.62645578117727,52.5,O,57,BET,4.687776871935085,0.6177264208733384,16.88235604562223,55.89849462808074,116.91181132082556,14.482356045622227,21.751255520876224,1.0,DraftKings,-14.5,52.5,0.0,0.0,-675.0,490.0,0.8370993168681029,0.25,0.0,0.0,0.0,0.0,0.0,0.0,0.0,6.958333333333333,7.104166666666667,-0.1458333333333339,,,,0.0,0.0,0.0,-14.5,52.5,-675.0,490.0,0.0,0.0,0.0,0.0,0.7975,0.5793887939743937,5.011828581063305,STRONG,spread,Nebraska,-14.5,0.1959610367929699,0.62645578117727,5.011828581063305,0.87,,,,
2026-09-29T04:29:19.764972+00:00,401864514,2026,5,2026-10-03T20:00:00.000Z,UTEP,New Mexico,14,37,13.996738984551026,37.3018328263761,23.30509384182507,51.29857181092712,-23.30509384182507,51.29857181092712,New Mexico,0.9222218259468418,92,0.9197688094770872,0.9197688094770872,DraftKings,True,1100.0,-2100.0,New Mexico,-2100.0,BET,-3.232362859861282,-0.0364326757859088,-1146,0.9197080291970804,New Mexico,0.0060780280006667,-0.0364326757859088,-22.5,New Mexico,-22.5,,0.8050938418250695,0.5206571353432592,48.5,O,51,LEAN,2.798571810927122,0.5709559458935376,20.95987345014652,53.19147044702383,183.6895123817992,18.55987345014652,16.480214353080534,1.0,DraftKings,-22.5,48.5,0.0,0.0,-2100.0,1100.0,0.9197080291970804,0.25,0.0,0.0,0.0,0.0,0.0,0.0,0.0,7.020833333333333,6.791666666666667,0.229166666666666,,,,0.0,0.0,0.0,-22.5,48.5,-2100.0,1100.0,0.0,0.0,0.0,0.0,0.7975,0.6592340863307322,2.798571810927122,LEAN,total,O,48.5,0.0900068057967535,0.5709559458935376,2.798571810927122,0.59,,,,
2026-09-29T04:29:19.764972+00:00,401856709,2026,5,2026-10-03T20:15:00.000Z,Kentucky,South Carolina,24,31,23.692600243880754,31.288289251973268,7.595689008092516,54.98088949585402,-7.595689008092516,54.98088949585402,South Carolina,0.6782710558573314,68,0.7072888004854927,0.7072888004854927,DraftKings,True,120.0,-142.0,South Carolina,-142.0,STRONG,9.14941963531991,0.205379505052741,-242,0.5634920634920635,South Carolina,14.37967369934292,0.205379505052741,-2.5,South Carolina,-2.5,BET,5.095689008092516,0.628497580109034,53.5,O,55,,1.4808894958540222,0.5376909153143052,4.969104487152304,53.40412071811144,-19.22254897221228,2.5691044871523068,25.490348309291942,1.0,DraftKings,-2.5,53.5,0.0,0.0,-142.0,120.0,0.5634920634920635,0.25,0.0,0.0,0.0,0.0,0.0,0.0,0.0,6.885416666666667,7.145833333333333,-0.2604166666666661,,,,0.0,0.0,0.0,-2.5,53.5,-142.0,120.0,0.0,0.0,0.0,0.0,0.7975,0.5227493280065381,5.095689008092516,STRONG,moneyline,South Carolina,-142.0,0.205379505052741,0.7072888004854927,14.37967369934292,0.15,,,,
2026-09-29T04:29:19.764972+00:00,401858472,2026,5,2026-10-03T20:15:00.000Z,Purdue,Illinois,23,36,22.80534315279122,36.10269221310216,13.297349060310935,58.908035365893376,-13.297349060310935,58.908035365893376,Illinois,0.7911218207970042,79,0.8095892614092197,0.8095892614092197,DraftKings,True,295.0,-375.0,Illinois,-375.0,,0.1648136586477888,0.0254797311183449,-425,0.7571884984025559,Illinois,5.240076300666385,0.0254797311183449,-10.0,Illinois,-10.0,LEAN,3.2973490603109354,0.5840106374461642,61.5,U,59,LEAN,2.591964634106624,0.5657671766144778,12.49822211441344,60.14721035026868,175.33395120074806,10.098222114413442,16.348359154350444,1.0,DraftKings,-10.0,61.5,0.0,0.0,-375.0,295.0,0.7571884984025559,0.25,0.0,0.0,0.0,0.0,0.0,0.0,0.0,7.177083333333333,7.09375,0.083333333333333,,,,0.0,0.0,0.0,-10.0,61.5,-375.0,295.0,0.0,0.0,0.0,0.0,0.7975,0.6612314178931624,3.2973490603109354,BET,spread,Illinois,-10.0,0.1149293987608589,0.5840106374461642,3.2973490603109354,0.76,,,,
2026-09-29T04:29:19.764972+00:00,401860899,2026,5,2026-10-03T22:00:00.000Z,Oregon State,Colorado State,27,30,26.97057430362003,30.329359175779626,3.358784872159597,57.299933479399655,-3.358784872159597,57.299933479399655,Colorado State,0.5810885947810317,58,0.6135676038450617,0.6135676038450617,DraftKings,True,-230.0,190.0,Colorado State,190.0,STRONG,23.626100857413512,0.7793460511506789,-159,0.3309929789368104,Colorado State,28.257462490825127,0.7793460511506789,6.0,Colorado State,6.0,STRONG,9.358784872159596,0.7264732369549389,60.5,U,57,LEAN,3.2000665206003447,0.5810033882326382,0.9004549229835206,55.29910503271504,-0.0323585863511652,-1.4995450770164744,15.43800263352118,1.0,DraftKings,6.0,60.5,0.0,0.0,190.0,-230.0,0.3309929789368104,0.25,0.0,0.0,0.0,0.0,0.0,0.0,0.0,7.25,6.875,0.375,,,,0.0,0.0,0.0,6.0,60.5,190.0,-230.0,0.0,0.0,0.0,0.0,0.7975,0.6750214226076408,9.358784872159596,STRONG,moneyline,Colorado State,190.0,0.7793460511506789,0.6135676038450617,28.257462490825127,0.28,,,,
2026-09-29T04:29:19.764972+00:00,401856711,2026,5,2026-10-03T23:00:00.000Z,Arkansas,Texas A&M,21,34,21.418277547789263,34.15170893994905,12.73343139215979,55.56998648773832,-12.73343139215979,55.56998648773832,Texas A&M,0.7811123989004038,78,0.8008242159508953,0.8008242159508953,DraftKings,True,455.0,-625.0,Texas A&M,-625.0,STRONG,-8.095656661683748,-0.0710439094969614,-402,0.827123695976155,Arkansas,2.6299480025259725,0.1054256014725313,-14.0,Arkansas,14.0,,1.2665686078402096,0.532476258837118,51.5,O,56,LEAN,4.069986487738319,0.602584556322609,9.985038823473566,56.96014140863228,131.16788910302444,7.585038823473562,23.38551176957481,1.0,DraftKings,-14.0,51.5,0.0,0.0,-625.0,455.0,0.827123695976155,0.25,0.0,0.0,0.0,0.0,0.0,0.0,0.0,6.979166666666667,6.958333333333333,0.0208333333333339,,,,0.0,0.0,0.0,-14.0,51.5,-625.0,455.0,0.0,0.0,0.0,0.0,0.7975,0.5546332165071283,4.069986487738319,BET,total,O,51.5,0.1503886984340716,0.602584556322609,4.069986487738319,0.83,,,,
2026-09-29T04:29:19.764972+00:00,401856818,2026,5,2026-10-03T23:00:00.000Z,BYU,TCU,26,24,26.21044230029938,24.1235068867275,-2.0869354135718785,50.33394918702688,2.0869354135718785,50.33394918702688,BYU,0.5505989012924416,55,0.4806618446833725,0.5193381553166275,DraftKings,True,-250.0,205.0,BYU,-250.0,STRONG,-16.36868129932727,-0.2729265825567214,-108,0.6853932584269663,TCU,16.605510311033882,0.4660186262842859,6.5,TCU,6.5,BET,4.4130645864281215,0.6117771894780424,48.5,O,50,,1.8339491870268816,0.5466397308539485,-1.794844028097927,48.744623469466426,-86.67468125545315,-4.1948440280979264,13.781918705093087,1.0,DraftKings,6.5,48.5,0.0,0.0,205.0,-250.0,0.3146067415730336,0.25,0.0,0.0,0.0,0.0,0.0,0.0,0.0,7.145833333333333,13.979166666666666,-6.833333333333333,,,,0.0,0.0,0.0,6.5,48.5,205.0,-250.0,0.0,0.0,0.0,0.0,0.7975,0.7001076439484754,4.4130645864281215,BET,moneyline,TCU,205.0,0.4660186262842859,0.4806618446833725,16.605510311033882,0.16,,,,
2026-09-29T04:29:19.764972+00:00,401862788,2026,5,2026-10-03T23:00:00.000Z,UTSA,Rice,33,23,33.34047982542086,23.3529609781188,-9.98751884730206,56.69344080353966,9.98751884730206,56.69344080353966,UTSA,0.728613133584553,73,0.2972521924014618,0.7027478075985382,DraftKings,True,-440.0,340.0,UTSA,-440.0,STRONG,-8.620168123026172,-0.1375367815836122,-236,0.7819063004846527,Rice,7.915849288611448,0.307909646566432,11.5,Rice,11.5,,1.512481152697939,0.5387634718648524,54.5,O,57,,2.193440803539658,0.555727273883265,-10.566866514641276,60.38343380528774,-141.4346196341371,-12.966866514641278,17.547703765833205,1.0,DraftKings,11.5,54.5,0.0,0.0,340.0,-440.0,0.2180936995153473,0.25,0.0,0.0,0.0,0.0,0.0,0.0,0.0,6.875,7.291666666666667,-0.4166666666666669,,,,0.0,0.0,0.0,11.5,54.5,340.0,-440.0,0.0,0.0,0.0,0.0,0.7975,0.6430638456638059,2.193440803539658,PASS,moneyline,Rice,340.0,0.307909646566432,0.2972521924014618,7.915849288611448,0.0,,,,
2026-09-29T04:29:19.764972+00:00,401869942,2026,5,2026-10-03T23:00:00.000Z,Georgia Southern,Coastal Carolina,27,28,27.24196864323388,27.608527518721413,0.3665588754875353,54.85049616195529,-0.3665588754875353,54.85049616195529,Coastal Carolina,0.508910644332613,51,0.5413489312110797,0.5413489312110797,DraftKings,True,-135.0,114.0,Coastal Carolina,114.0,BET,4.162092470644479,0.1584867127917105,-118,0.448558885283451,Coastal Carolina,9.279004592762874,0.1584867127917105,2.5,Coastal Carolina,2.5,LEAN,2.866558875487536,0.5731680996700672,54.5,O,55,,0.3504961619552915,0.5089332322064539,-0.6724277697792154,54.98845829550034,-36.04689759093708,-3.0724277697792086,12.031185352099316,1.0,DraftKings,2.5,54.5,0.0,0.0,114.0,-135.0,0.448558885283451,0.25,0.0,0.0,0.0,0.0,0.0,0.0,0.0,8.979166666666666,7.125,1.854166666666666,,,,0.0,0.0,0.0,2.5,54.5,114.0,-135.0,0.0,0.0,0.0,0.0,0.7975,0.726627606885179,2.866558875487536,BET,moneyline,Coastal Carolina,114.0,0.1584867127917105,0.5413489312110797,9.279004592762874,0.1,,,,
2026-09-29T04:29:19.764972+00:00,401871089,2026,5,2026-10-03T23:00:00.000Z,UL Monroe,South Alabama,19,38,18.81836337833592,38.251417257399424,19.43305387906351,57.06978063573534,-19.43305387906351,57.06978063573534,South Alabama,0.8818370508074798,88,0.8864974093976342,0.8864974093976342,DraftKings,True,440.0,-600.0,South Alabama,-600.0,LEAN,2.4694193664622666,0.0342469776305732,-781,0.8223350253807106,South Alabama,6.416238401692365,0.0342469776305732,-14.0,South Alabama,-14.0,BET,5.433053879063511,0.6366745989011628,56.5,O,57,,0.5697806357353414,0.5145202274494366,12.689666300138306,57.49494229172067,109.59921386586348,10.289666300138304,14.71093445510769,1.0,DraftKings,-14.0,56.5,0.0,0.0,-600.0,440.0,0.8223350253807106,0.25,0.0,0.0,0.0,0.0,0.0,0.0,0.0,7.260416666666667,6.958333333333333,0.3020833333333339,,,,0.0,0.0,0.0,-14.0,56.5,-600.0,440.0,0.0,0.0,0.0,0.0,0.7975,0.6860349907852333,5.433053879063511,STRONG,spread,South Alabama,-14.0,0.2154696888113109,0.6366745989011628,5.433053879063511,1.03,,,,
2026-09-29T04:29:19.764972+00:00,401856821,2026,5,2026-10-03T23:30:00.000Z,Texas Tech,Colorado,33,16,32.841089032770626,16.135581016273555,-16.705508016497074,48.97667004904418,16.705508016497074,48.97667004904418,Texas Tech,0.8456628756246767,85,0.1785450209339577,0.8214549790660423,DraftKings,True,-550.0,410.0,Texas Tech,-550.0,,-0.0490970529169465,-0.0291895701946773,-460,0.8118668596237336,Texas Tech,0.958811944230864,-0.0291895701946773,13.5,Texas Tech,-13.5,LEAN,3.205508016497074,0.5817041571661238,50.5,U,49,,1.5233299509558194,0.5387677310996781,-14.216000132001785,50.05273855294435,-187.1693405685719,-16.616000132001787,14.85353606277294,1.0,DraftKings,13.5,50.5,0.0,0.0,410.0,-550.0,0.1881331403762662,0.25,0.0,0.0,0.0,0.0,0.0,0.0,0.0,7.3125,7.3125,0.0,,,,0.0,0.0,0.0,13.5,50.5,410.0,-550.0,0.0,0.0,0.0,0.0,0.7975,0.6838748735157875,3.205508016497074,BET,spread,Texas Tech,-13.5,0.1105261182262362,0.5817041571661238,3.205508016497074,0.76,,,,
2026-09-29T04:29:19.764972+00:00,401858249,2026,5,2026-10-03T23:30:00.000Z,Miami,Clemson,31,17,30.85267397153233,16.80400367863021,-14.048670292902113,47.656677650162536,14.048670292902113,47.656677650162536,Miami,0.8040299333982539,80,0.2204720781134333,0.7795279218865667,DraftKings,True,-800.0,550.0,Miami,-800.0,STRONG,-8.485895549063493,-0.1230310878776124,-354,0.8524590163934427,Clemson,7.293109450687591,0.4330685077373164,16.5,Clemson,16.5,LEAN,2.4513297070978872,0.5626645269245675,48.5,U,48,,0.8433223498374645,0.5214854848474896,-11.487345233953594,47.11781846434502,-83.05865693843771,-13.887345233953594,18.63265232090964,1.0,DraftKings,16.5,48.5,0.0,0.0,550.0,-800.0,0.1475409836065574,0.25,0.0,0.0,0.0,0.0,0.0,0.0,0.0,7.875,7.041666666666667,0.833333333333333,,,,0.0,0.0,0.0,16.5,48.5,550.0,-800.0,0.0,0.0,0.0,0.0,0.7975,0.6266291353638875,2.4513297070978872,PASS,moneyline,Clemson,550.0,0.4330685077373164,0.2204720781134333,7.293109450687591,0.0,,,,
2026-09-29T04:29:19.764972+00:00,401858478,2026,5,2026-10-03T23:30:00.000Z,Washington,USC,25,31,24.879041313134,30.592661565982272,5.7136202528482745,55.47170287911627,-5.7136202528482745,55.47170287911627,USC,0.6361471865859122,64,0.6672383781071911,0.6672383781071911,DraftKings,True,295.0,-375.0,USC,-375.0,STRONG,-15.332649762461417,-0.1548313877308912,-201,0.7571884984025559,Washington,8.995012029536479,0.3144084064765952,-9.5,Washington,9.5,LEAN,3.7863797471517255,0.5962415506059272,57.5,U,55,,2.028297120883728,0.5515559703154611,4.449756986029033,56.02796727969627,24.251092044442657,2.049756986029037,14.685906838337337,1.0,DraftKings,-9.5,57.5,0.0,0.0,-375.0,295.0,0.7571884984025559,0.25,0.0,0.0,0.0,0.0,0.0,0.0,0.0,7.0,6.854166666666667,0.145833333333333,,,,0.0,0.0,0.0,-9.5,57.5,-375.0,295.0,0.0,0.0,0.0,0.0,0.7975,0.686414107038436,3.7863797471517255,PASS,moneyline,Washington,295.0,0.3144084064765952,0.3327616218928089,8.995012029536475,0.0,,,,
2026-09-29T04:29:19.764972+00:00,401860898,2026,5,2026-10-03T23:30:00.000Z,Utah State,Boise State,17,32,17.37255850133236,32.36195094557503,14.989392444242675,49.7345094469074,-14.989392444242675,49.7345094469074,Boise State,0.8194918816828943,82,0.8341101904978081,0.8341101904978081,DraftKings,True,900.0,-1600.0,Boise State,-1600.0,STRONG,-12.168458890534096,-0.1137579225960788,-503,0.9039548022598868,Utah State,6.9844611762078905,0.658898095021919,-19.5,Utah State,19.5,BET,4.510607555757325,0.6141799773100008,51.5,U,50,,1.7654905530926044,0.5449062529258325,9.925735689808064,50.6287157167684,127.8821216846734,7.525735689808061,17.248874377941718,1.0,DraftKings,-19.5,51.5,0.0,0.0,-1600.0,900.0,0.9039548022598868,0.25,0.0,0.0,0.0,0.0,0.0,0.0,0.0,7.166666666666667,7.0,0.1666666666666669,,,,0.0,0.0,0.0,-19.5,51.5,-1600.0,900.0,0.0,0.0,0.0,0.0,0.7975,0.6475904883291371,4.510607555757325,PASS,moneyline,Utah State,900.0,0.658898095021919,0.1658898095021919,6.984461176207879,0.0,,,,
2026-09-29T04:29:19.764972+00:00,401862792,2026,5,2026-10-03T23:30:00.000Z,Temple,South Florida,18,34,18.364636993831745,34.20116009125399,15.836523097422248,52.56579708508573,-15.836523097422248,52.56579708508573,South Florida,0.8327409182766734,83,0.8454041849917563,0.8454041849917563,DraftKings,True,195.0,-238.0,South Florida,-238.0,STRONG,12.859890644235383,0.2006160274252673,-547,0.6750312469954812,South Florida,17.037293799627506,0.2006160274252673,-6.0,South Florida,-6.0,STRONG,9.836523097422248,0.7366073078168125,49.5,O,53,LEAN,3.065797085085734,0.5776488191834313,12.09580255734491,54.38914910414081,176.2925111185698,9.695802557344912,11.491310256272062,1.0,DraftKings,-6.0,49.5,0.0,0.0,-238.0,195.0,0.6750312469954812,0.25,0.0,0.0,0.0,0.0,0.0,0.0,0.0,7.104166666666667,8.145833333333334,-1.041666666666667,,,,0.0,0.0,0.0,-6.0,50.5,-238.0,195.0,0.0,-1.0,0.0,0.0,0.7975,0.7348055898471789,9.836523097422248,STRONG,spread,South Florida,-6.0,0.4062503149230057,0.7366073078168125,9.836523097422248,1.1,,,,
2026-09-29T04:29:19.764972+00:00,401869842,2026,5,2026-10-03T23:30:00.000Z,Army,Louisiana Tech,25,22,24.80817182492957,21.71503300705132,-3.0931388178782515,46.52320483198089,3.0931388178782515,46.52320483198089,Army,0.5747541509965453,57,0.4558364073928372,0.5441635926071628,DraftKings,True,-130.0,110.0,Army,-130.0,,0.9536759692197472,-0.0372490284642503,-119,0.5427435387673957,Army,0.1420053839767177,-0.0372490284642503,2.5,Army,-2.5,,0.5931388178782515,0.5152218951110001,46.5,O,47,,0.023204831980891,0.500591479808857,-2.8684215839563443,46.64965712594704,-82.2115301603003,-5.268421583956343,12.865466734543237,1.0,DraftKings,2.5,46.5,0.0,0.0,110.0,-130.0,0.4572564612326044,0.25,0.0,0.0,0.0,0.0,0.0,0.0,0.0,14.145833333333334,8.145833333333334,6.0,,,,0.0,0.0,0.0,2.5,46.5,110.0,-130.0,0.0,0.0,0.0,0.0,0.7975,0.713989982027367,0.5931388178782515,PASS,,,,0.0,,,0.0,,,,
2026-09-29T04:29:19.764972+00:00,401858477,2026,5,2026-10-04T00:00:00.000Z,Indiana,Rutgers,39,16,39.31623599600773,16.027321724694808,-23.28891427131292,55.34355772070254,23.28891427131292,55.34355772070254,Indiana,0.922078241288177,92,0.1016780555317436,0.8983219444682563,DraftKings,True,-2400.0,1200.0,Indiana,-2400.0,BET,-3.7921758711823017,-0.064247974512233,-883,0.9258160237388724,Rutgers,2.749407927061605,0.3218147219126676,24.5,Rutgers,24.5,,1.2110857286870775,0.5310565580063737,56.5,U,55,,1.1564422792974582,0.5294503587436061,-20.448439475463783,57.6031270031848,-266.78349135322765,-22.84843947546379,13.858687066387702,1.0,DraftKings,24.5,56.5,0.0,0.0,1200.0,-2400.0,0.0741839762611276,0.25,0.0,0.0,0.0,0.0,0.0,0.0,0.0,14.1875,8.0,6.1875,,,,0.0,0.0,0.0,24.5,56.5,1200.0,-2400.0,0.0,0.0,0.0,0.0,0.7975,0.698944763208948,1.2110857286870775,PASS,moneyline,Rutgers,1200.0,0.3218147219126676,0.1016780555317436,2.749407927061605,0.0,,,,
2026-09-29T04:29:19.764972+00:00,401869932,2026,5,2026-10-04T00:00:00.000Z,Arkansas State,Louisiana,23,25,23.447767372422803,25.122985045009194,1.6752176725863936,48.570752417432,-1.6752176725863936,48.570752417432,Louisiana,0.5406554647259073,54,0.5733360582949732,0.5733360582949732,DraftKings,True,205.0,-250.0,Louisiana,-250.0,STRONG,-17.3630249559807,-0.1973295183870374,-134,0.6853932584269663,Arkansas State,11.205720013199311,0.3013250222003315,-6.5,Arkansas State,6.5,BET,4.824782327413606,0.6218889245099883,46.5,O,49,,2.070752417431997,0.5526288963799565,6.146767928147561,50.90316943213555,27.89959301056342,3.7467679281475617,14.579052973228803,1.0,DraftKings,-6.5,46.5,0.0,0.0,-250.0,205.0,0.6853932584269663,0.25,0.0,0.0,0.0,0.0,0.0,0.0,0.0,7.0625,7.041666666666667,0.020833333333333,,,,0.0,0.0,0.0,-6.5,46.5,-250.0,205.0,0.0,0.0,0.0,0.0,0.7975,0.6880327204826112,4.824782327413606,BET,moneyline,Arkansas State,205.0,0.3013250222003315,0.4266639417050267,11.205720013199304,0.1,,,,
2026-09-29T04:29:19.764972+00:00,401860921,2026,5,2026-10-04T01:30:00.000Z,Fresno State,Washington State,24,23,23.87077372873083,23.174907919460235,-0.6958658092705963,47.04568164819106,0.6958658092705963,47.04568164819106,Fresno State,0.5169120728965264,52,0.515114775828045,0.484885224171955,DraftKings,True,110.0,-130.0,Fresno State,110.0,BET,4.072159670605025,0.0182589707611056,106,0.4572564612326044,Fresno State,2.7628762939350624,0.0182589707611056,-2.5,Fresno State,2.5,LEAN,3.1958658092705963,0.5814618399201087,46.5,O,47,,0.5456816481910636,0.5139063457815701,-1.8091789667192053,44.19878797040551,-88.09022214831407,-4.209178966719204,17.625953464334962,1.0,DraftKings,-2.5,46.5,0.0,0.0,-130.0,110.0,0.5427435387673957,0.25,0.0,0.0,0.0,0.0,0.0,0.0,0.0,7.083333333333333,6.979166666666667,0.104166666666666,,,,0.0,0.0,0.0,-2.5,46.5,-130.0,110.0,0.0,0.0,0.0,0.0,0.7975,0.6418785257517095,3.1958658092705963,BET,spread,Fresno State,2.5,0.1100635125747528,0.5814618399201087,3.1958658092705963,0.71,,,,
2026-09-29T04:29:19.764972+00:00,401856817,2026,5,2026-10-04T02:30:00.000Z,Baylor,Arizona State,25,29,25.04618754653705,28.615690964558457,3.5695034180214043,53.66187851109551,-3.5695034180214043,53.66187851109551,Arizona State,0.5860984439963259,59,0.6185074238503827,0.6185074238503827,DraftKings,True,160.0,-192.0,Arizona State,-192.0,STRONG,-7.143580257901649,-0.0593532928942096,-162,0.6309403437815976,Baylor,1.2432919931214814,-0.0081193020109949,-4.0,Baylor,4.0,,0.4304965819785957,0.5110492288710465,49.5,O,54,LEAN,4.161878511095509,0.6048472278661534,2.15359278656214,54.32318624440354,47.43332340821348,-0.2464072134378585,14.187805577433569,1.0,DraftKings,-4.0,49.5,0.0,0.0,-192.0,160.0,0.6309403437815976,0.25,0.0,0.0,0.0,0.0,0.0,0.0,0.0,14.4375,7.4375,7.0,,,,0.0,0.0,0.0,-4.0,49.5,-192.0,160.0,0.0,0.0,0.0,0.0,0.7975,0.6939593034301678,4.161878511095509,BET,total,O,49.5,0.154708344108111,0.6048472278661534,4.161878511095509,1.04,,,,
2026-09-29T04:29:19.764972+00:00,401860900,2026,5,2026-10-04T02:30:00.000Z,Texas State,San Diego State,23,31,22.51578625413716,31.24134060562732,8.725554351490162,53.75712685976448,-8.725554351490162,53.75712685976448,San Diego State,0.7025406463697984,70,0.7299232953221315,0.7299232953221315,DraftKings,True,-192.0,160.0,San Diego State,160.0,STRONG,31.792526175441377,0.897800567837542,-270,0.3690596562184025,San Diego State,36.0863639103729,0.897800567837542,4.5,San Diego State,4.5,STRONG,13.225554351490162,0.8026109998322797,59.5,U,54,BET,5.742873140235524,0.6431636242938568,0.0105486757163539,55.94210406844081,-43.678046460000814,-2.389451324283641,18.1791817018314,1.0,DraftKings,4.5,59.5,0.0,0.0,160.0,-192.0,0.3690596562184025,0.25,0.0,0.0,0.0,0.0,0.0,0.0,0.0,7.4375,14.4375,-7.0,,,,0.0,0.0,0.0,4.5,59.5,160.0,-192.0,0.0,0.0,0.0,0.0,0.7975,0.5619798619035123,13.225554351490162,STRONG,moneyline,San Diego State,160.0,0.897800567837542,0.7299232953221315,36.0863639103729,0.32,,,,
2026-09-29T04:29:19.764972+00:00,401856820,2026,5,2026-10-04T03:00:00.000Z,Cincinnati,Arizona,23,32,23.438194720103336,32.22273980832496,8.784545088221622,55.66093452842829,-8.784545088221622,55.66093452842829,Arizona,0.7037845185582133,70,0.7310743090801848,0.7310743090801848,DraftKings,True,235.0,-290.0,Arizona,-290.0,BET,-3.980522503153028,-0.0168311015818204,-272,0.7135512302607419,Arizona,1.7523078819442928,-0.0168311015818204,-7.0,Arizona,-7.0,,1.7845450882216216,0.5457079579933946,54.5,O,56,,1.1609345284282924,0.5295645506613222,6.822558485929832,55.53884505847343,29.22569998334893,4.422558485929836,12.727964125769825,1.0,DraftKings,-7.0,54.5,0.0,0.0,-290.0,235.0,0.7135512302607419,0.25,0.0,0.0,0.0,0.0,0.0,0.0,0.0,7.145833333333333,7.166666666666667,-0.0208333333333339,,,,0.0,0.0,0.0,-7.0,54.5,-290.0,235.0,0.0,0.0,0.0,0.0,0.7975,0.7160728600865159,1.7845450882216216,PASS,,,,0.0,,,0.0,,,,
2026-09-29T04:29:19.764972+00:00,401864513,2026,5,2026-10-04T03:59:00.000Z,San José State,Hawai'i,21,28,21.35718460381696,27.596290638408423,6.239106034591469,48.95347524222538,-6.239106034591469,48.95347524222538,Hawai'i,0.6481020639407715,65,0.678699539313048,0.678699539313048,DraftKings,True,120.0,-142.0,Hawai'i,-142.0,STRONG,6.132520443663925,0.1566569613644903,-211,0.5634920634920635,Hawai'i,11.520747582098457,0.1566569613644903,-3.0,Hawai'i,-3.0,LEAN,3.239106034591469,0.5825482624243715,51.5,U,49,LEAN,2.54652475777462,0.5646244374008444,5.155631541663109,51.51285519941719,39.007142623184336,2.755631541663112,13.754445015620842,1.0,DraftKings,-3.0,51.5,0.0,0.0,-142.0,120.0,0.5634920634920635,0.25,0.0,0.0,0.0,0.0,0.0,0.0,0.0,7.374305555555556,14.040972222222225,-6.666666666666667,,,,0.0,0.0,0.0,-3.0,51.5,-142.0,120.0,0.0,0.0,0.0,0.0,0.7975,0.7005238131071269,3.239106034591469,STRONG,moneyline,Hawai'i,-142.0,0.1566569613644903,0.678699539313048,11.520747582098457,0.16,,,,
2026-09-29T04:55:54.919480+00:00,401871049,2026,5,2026-10-02T00:00:00.000Z,Western Kentucky,New Mexico State,29,23,29.37589332711389,22.94888830802457,-6.427005019089312,52.32478163513846,6.427005019089312,52.32478163513846,Western Kentucky,0.6523422228350658,65,0.3757715458843077,0.6242284541156923,DraftKings,True,110.0,-130.0,Western Kentucky,110.0,STRONG,17.615174664458966,0.3108797536429538,-166,0.4572564612326044,Western Kentucky,16.697199288308788,0.3108797536429538,-2.5,Western Kentucky,2.5,STRONG,8.92700501908931,0.7171510113351605,56.5,U,52,LEAN,4.175218364861543,0.6051754054666023,1.4908568508229223,56.24803983885192,-114.16383763618228,-0.9091431491770728,17.58033307200067,1.0,DraftKings,-2.5,56.5,0.0,0.0,-130.0,110.0,0.5427435387673957,0.25,0.0,0.0,0.0,0.0,0.0,0.0,0.0,5.1875,12.166666666666666,-6.979166666666666,,,,0.0,0.0,0.0,-2.5,56.5,-130.0,110.0,0.0,0.0,0.0,0.0,0.7975,0.6425695796530899,8.92700501908931,STRONG,spread,Western Kentucky,2.5,0.3691064761853063,0.7171510113351605,8.92700501908931,0.8,,,,
2026-09-29T04:55:54.919480+00:00,401862786,2026,5,2026-10-02T01:00:00.000Z,North Texas,Tulsa,33,22,32.83360787420473,22.05535720638396,-10.778250667820773,54.88896508058868,10.778250667820773,54.88896508058868,North Texas,0.7443484252176478,74,0.2811455245470325,0.7188544754529675,DraftKings,True,100.0,-120.0,North Texas,100.0,STRONG,24.43484252176478,0.4377089509059351,-256,0.4782608695652174,North Texas,24.05936058877501,0.4377089509059351,-1.5,North Texas,1.5,STRONG,12.278250667820773,0.785245217549803,57.5,U,55,LEAN,2.611034919411317,0.5662466002677328,-9.508278155766844,61.31967257671526,-132.40035475631498,-11.90827815576684,20.134369327589887,1.0,DraftKings,-1.5,57.5,0.0,0.0,-120.0,100.0,0.5217391304347826,0.25,0.0,0.0,0.0,0.0,0.0,0.0,0.0,5.041666666666667,12.375,-7.333333333333333,,,,0.0,0.0,0.0,-1.5,57.5,-120.0,100.0,0.0,0.0,0.0,0.0,0.7975,0.5557285010485405,12.278250667820773,STRONG,spread,North Texas,1.5,0.4991045062314421,0.785245217549803,12.278250667820773,0.69,,,,
2026-09-29T04:55:54.919480+00:00,401858245,2026,5,2026-10-02T23:00:00.000Z,Pittsburgh,Virginia Tech,26,26,25.52167300555404,25.978192916821875,0.4565199112678328,51.49986592237592,-0.4565199112678328,51.49986592237592,Virginia Tech,0.51109698995318,51,0.5435618637610956,0.5435618637610956,DraftKings,True,136.0,-162.0,Virginia Tech,-162.0,STRONG,-10.722362073384296,-0.1209061215715614,-119,0.593369754159424,Pittsburgh,4.980789039832828,0.0771940015238143,-3.5,Pittsburgh,3.5,LEAN,3.043480088732167,0.5776282045275216,54.5,U,51,LEAN,3.0001340776240824,0.5760062347224522,-1.873495179031185,52.32890263301809,-61.04675057396412,-4.273495179031182,13.721754640711014,1.0,DraftKings,-3.5,54.5,0.0,0.0,-162.0,136.0,0.593369754159424,0.25,0.0,0.0,0.0,0.0,0.0,0.0,0.0,6.291666666666667,14.979166666666666,-8.6875,,,,0.0,0.0,0.0,-3.5,54.5,-162.0,136.0,0.0,0.0,0.0,0.0,0.7975,0.701019004182063,3.043480088732167,BET,spread,Pittsburgh,3.5,0.1027447540979957,0.5776282045275216,3.043480088732167,0.58,,,,
2026-09-29T04:55:54.919480+00:00,401871050,2026,5,2026-10-02T23:00:00.000Z,Liberty,Delaware,29,24,29.4564687766858,24.445214173733085,-5.011254602952713,53.90168295041888,5.011254602952713,53.90168295041888,Liberty,0.6199608999073486,62,0.4092128949486176,0.5907871050513824,DraftKings,True,-270.0,220.0,Liberty,-270.0,STRONG,-10.976882982238113,-0.1904028560406981,-144,0.7001620745542949,Delaware,10.937496950291264,0.3094812638355764,7.0,Delaware,7.0,,1.988745397047288,0.5509111650830183,49.5,O,54,LEAN,4.401682950418881,0.6107351622432623,-4.8077698462581,55.08677650869356,-17.556428727406,-7.207769846258097,17.503259713264278,1.0,DraftKings,7.0,49.5,0.0,0.0,220.0,-270.0,0.299837925445705,0.25,0.0,0.0,0.0,0.0,0.0,0.0,0.0,6.041666666666667,7.979166666666667,-1.9375,,,,0.0,0.0,0.0,7.0,49.5,220.0,-270.0,0.0,0.0,0.0,0.0,0.7975,0.6437370804684489,4.401682950418881,BET,total,O,49.5,0.1659489461007735,0.6107351622432623,4.401682950418881,0.8,,,,
2026-09-29T04:55:54.919480+00:00,401858476,2026,5,2026-10-03T00:00:00.000Z,Penn State,Northwestern,27,24,27.13909315553469,23.69900208227455,-3.440091073260145,50.83809523780924,3.440091073260145,50.83809523780924,Penn State,0.5830232612909794,58,0.4473206468163413,0.5526793531836587,DraftKings,True,-142.0,120.0,Penn State,-142.0,,-0.3753598213152909,-0.0581098347151732,-124,0.5634920634920635,Northwestern,1.0812710308404916,-0.015894577004049,2.5,Penn State,-2.5,,0.9400910732601448,0.5241169813343479,45.5,O,51,BET,5.338095237809242,0.633472897822207,-3.827395250453783,49.44196316682065,-83.69981449003899,-6.227395250453782,18.78524557064416,1.0,DraftKings,2.5,45.5,0.0,0.0,120.0,-142.0,0.4365079365079364,0.25,0.0,0.0,0.0,0.0,0.0,0.0,0.0,7.0,6.125,0.875,,,,0.0,0.0,0.0,2.5,45.5,120.0,-142.0,0.0,0.0,0.0,0.0,0.7975,0.6243176655330132,5.338095237809242,BET,total,O,45.5,0.2093573503878496,0.633472897822207,5.338095237809242,0.78,,,,
2026-09-29T04:55:54.919480+00:00,401856707,2026,5,2026-10-03T16:00:00.000Z,Alabama,Mississippi State,33,29,32.99784798417148,28.86602997890592,-4.131818005265568,61.86387796307739,4.131818005265568,61.86387796307739,Alabama,0.5993969899457892,60,0.4304392345713202,0.5695607654286798,DraftKings,True,-225.0,185.0,Alabama,-225.0,STRONG,-9.291070236190311,-0.177301116603018,-132,0.6636481241914618,Mississippi State,9.408735876278207,0.2267518185282626,6.0,Mississippi State,6.0,,1.868181994734432,0.5478401016550182,60.5,O,62,,1.3638779630773925,0.534720645766177,-5.053301241720714,65.28334382228644,-136.81128256099328,-7.453301241720712,15.738666608716663,1.0,DraftKings,6.0,60.5,0.0,0.0,185.0,-225.0,0.3363518758085381,0.25,0.0,0.0,0.0,0.0,0.0,0.0,0.0,6.677083333333333,6.708333333333333,-0.03125,,,,0.0,0.0,0.0,6.0,60.5,185.0,-225.0,0.0,0.0,0.0,0.0,0.7975,0.6704669897667107,1.868181994734432,PASS,,,,0.0,,,0.0,,,,
2026-09-29T04:55:54.919480+00:00,401856807,2026,5,2026-10-03T16:00:00.000Z,Middle Tennessee,Kansas,20,31,20.40389591718825,31.13868013822492,10.734784221036666,51.54257605541317,-10.734784221036666,51.54257605541317,Kansas,0.7434960009750686,74,0.7673428861528064,0.7673428861528064,DraftKings,True,800.0,-1350.0,Kansas,-1350.0,STRONG,-18.7538481783552,-0.1758169000580968,-330,0.8933823529411765,Middle Tennessee,12.603946678837003,1.093914024624742,-19.5,Middle Tennessee,19.5,STRONG,8.765215778963334,0.7136190623348124,50.5,O,52,,1.042576055413171,0.5265551227804588,5.660736367526006,52.58175717079437,41.56437435521616,3.2607363675260084,10.650752997808157,1.0,DraftKings,-19.5,50.5,0.0,0.0,-1350.0,800.0,0.8933823529411765,0.25,0.0,0.0,0.0,0.0,0.0,0.0,0.0,14.0,6.708333333333333,7.291666666666667,,,,0.0,0.0,0.0,-19.5,50.5,-1350.0,800.0,0.0,0.0,0.0,0.0,0.7975,0.7475382811519519,8.765215778963334,STRONG,spread,Middle Tennessee,19.5,0.3623636644573691,0.7136190623348124,8.765215778963334,0.93,,,,
2026-09-29T04:55:54.919480+00:00,401856819,2026,5,2026-10-03T16:00:00.000Z,UCF,Houston,22,30,22.18011551112022,29.8007055990945,7.62059008797428,51.98082111021472,-7.62059008797428,51.98082111021472,Houston,0.6788147361411452,68,0.7077994806115614,0.7077994806115614,DraftKings,True,350.0,-455.0,Houston,-455.0,STRONG,-14.10050836786746,-0.1366401939793042,-242,0.7867435158501441,UCF,7.89440352385827,0.3149023372479737,-12.5,UCF,12.5,BET,4.87940991202572,0.623224486626176,51.5,O,52,,0.4808211102147197,0.5122539716995885,5.493007045678876,50.995864548717705,73.34919208988708,3.0930070456788785,11.31308437250763,1.0,DraftKings,-12.5,51.5,0.0,0.0,-455.0,350.0,0.7867435158501441,0.25,0.0,0.0,0.0,0.0,0.0,0.0,0.0,6.833333333333333,6.854166666666667,-0.0208333333333339,,,,0.0,0.0,0.0,-12.5,51.5,-455.0,350.0,0.0,0.0,0.0,0.0,0.7975,0.7375053406822855,4.87940991202572,BET,spread,UCF,12.5,0.1897922017408815,0.623224486626176,4.87940991202572,0.92,,,,
2026-09-29T04:55:54.919480+00:00,401856822,2026,5,2026-10-03T16:00:00.000Z,West Virginia,Iowa State,19,34,18.77393472155355,33.659349588420326,14.885414866866777,52.43328430997388,-14.885414866866777,52.43328430997388,Iowa State,0.8178214921383985,82,0.8326793413313082,0.8326793413313082,DraftKings,True,136.0,-162.0,Iowa State,-162.0,STRONG,19.95008814513756,0.3466789347456959,-498,0.593369754159424,Iowa State,23.93095871718842,0.3466789347456959,-3.0,Iowa State,-3.0,STRONG,11.885414866866777,0.7777911454201663,52.5,U,52,,0.0667156900261218,0.5017005457558138,11.724595780373718,54.62005785129492,61.11539515271648,9.324595780373716,18.27281265308985,1.0,DraftKings,-3.0,52.5,0.0,0.0,-162.0,136.0,0.593369754159424,0.25,0.0,0.0,0.0,0.0,0.0,0.0,0.0,6.854166666666667,6.708333333333333,0.1458333333333339,,,,0.0,0.0,0.0,-3.0,52.5,-162.0,136.0,0.0,0.0,0.0,0.0,0.7975,0.5903693035082929,11.885414866866777,STRONG,spread,Iowa State,-3.0,0.4848740048930446,0.7777911454201663,11.885414866866777,0.74,,,,
2026-09-29T04:55:54.919480+00:00,401858246,2026,5,2026-10-03T16:00:00.000Z,Boston College,SMU,18,35,18.235901346647346,34.62836009393256,16.392458747285207,52.8642614405799,-16.392458747285207,52.8642614405799,SMU,0.8410859564181585,84,0.8524691222151883,0.8524691222151883,DraftKings,True,950.0,-1650.0,SMU,-1650.0,STRONG,-10.177118643898432,-0.0958660824990426,-578,0.9082568807339452,Boston College,5.578775851875662,0.5490742167405225,-21.0,Boston College,21.0,BET,4.6075412527147925,0.6165634250710001,55.5,U,53,LEAN,2.6357385594200977,0.5668675005058201,11.992931189800103,53.17530117110579,177.4966838162129,9.592931189800105,11.985524743329432,1.0,DraftKings,-21.0,55.5,0.0,0.0,-1650.0,950.0,0.9082568807339452,0.25,0.0,0.0,0.0,0.0,0.0,0.0,0.0,6.625,7.0,-0.375,,,,0.0,0.0,0.0,-21.0,55.5,-1650.0,950.0,0.0,0.0,0.0,0.0,0.7975,0.7273192699817744,4.6075412527147925,BET,spread,Boston College,21.0,0.1770756296810002,0.6165634250710001,4.6075412527147925,0.91,,,,
2026-09-29T04:55:54.919480+00:00,401858250,2026,5,2026-10-03T16:00:00.000Z,Notre Dame,North Carolina,36,15,35.99181101236783,14.610244523092945,-21.38156648927489,50.60205553546078,21.38156648927489,50.60205553546078,Notre Dame,0.9037057170365368,90,0.1202907226121481,0.8797092773878519,DraftKings,True,-1800.0,1000.0,Notre Dame,-1800.0,BET,-4.366270401609473,-0.0714179849794897,-731,0.912442396313364,North Carolina,3.273311892551216,0.3231979487336291,21.0,Notre Dame,-21.0,,0.381566489274892,0.5097936458272164,47.5,O,51,LEAN,3.102055535460778,0.5785552612762334,-19.423125352085737,49.95256846683233,-223.02848416882648,-21.823125352085743,13.79275281908536,1.0,DraftKings,21.0,47.5,0.0,0.0,1000.0,-1800.0,0.0875576036866359,0.25,0.0,0.0,0.0,0.0,0.0,0.0,0.0,14.0,6.916666666666667,7.083333333333333,,,,0.0,0.0,0.0,21.0,47.5,1000.0,-1800.0,0.0,0.0,0.0,0.0,0.7975,0.6999435296925632,3.102055535460778,LEAN,total,O,47.5,0.1045145897091727,0.5785552612762334,3.102055535460778,0.59,,,,
2026-09-29T04:55:54.919480+00:00,401858251,2026,5,2026-10-03T16:00:00.000Z,Stanford,Wake Forest,22,33,21.603851921888705,32.85207291619819,11.248220994309486,54.455924838086894,-11.248220994309486,54.455924838086894,Wake Forest,0.7534697395039338,75,0.776303730457853,0.776303730457853,DraftKings,True,390.0,-520.0,Wake Forest,-520.0,STRONG,-8.523993791542106,-0.0744070906079445,-347,0.8042929292929294,Stanford,2.798919883507633,0.0961117207565205,-13.5,Stanford,13.5,LEAN,2.251779005690514,0.5576004915858331,53.5,O,54,,0.9559248380868935,0.5243509245851813,10.420508422028412,54.388682168229145,91.56271605251096,8.020508422028406,16.59976565300775,1.0,DraftKings,-13.5,53.5,0.0,0.0,-520.0,390.0,0.8042929292929294,0.25,0.0,0.0,0.0,0.0,0.0,0.0,0.0,7.0,6.5625,0.4375,,,,0.0,0.0,0.0,-13.5,53.5,-520.0,390.0,0.0,0.0,0.0,0.0,0.7975,0.657423133202043,2.251779005690514,LEAN,spread,Stanford,13.5,0.0645100293911359,0.5576004915858331,2.251779005690514,0.34,,,,
2026-09-29T04:55:54.919480+00:00,401858252,2026,5,2026-10-03T16:00:00.000Z,Syracuse,UConn,21,33,20.916996908482645,33.01637008531658,12.099373176833936,53.933366993799225,-12.099373176833936,53.933366993799225,UConn,0.7695352241267479,77,0.7906109929509687,0.7906109929509687,DraftKings,True,-245.0,200.0,UConn,200.0,STRONG,43.62018907934146,1.3718329788529062,-378,0.3194444444444444,UConn,47.11665485065243,1.3718329788529062,6.5,UConn,6.5,STRONG,18.599373176833936,0.8842993922505316,50.5,O,54,LEAN,3.433366993799225,0.5868180153659476,8.656638197759587,53.94274355221549,74.48108466123676,6.256638197759587,14.302090124170018,1.0,DraftKings,6.5,50.5,0.0,0.0,200.0,-245.0,0.3194444444444444,0.25,0.0,0.0,0.0,0.0,0.0,0.0,0.0,6.854166666666667,15.6875,-8.833333333333332,,,,0.0,0.0,0.0,6.5,50.5,200.0,-245.0,0.0,0.0,0.0,0.0,0.7975,0.4838826499792985,18.599373176833936,STRONG,moneyline,UConn,200.0,1.3718329788529062,0.7906109929509687,47.11665485065243,0.27,,,,
2026-09-29T04:55:54.919480+00:00,401858474,2026,5,2026-10-03T16:00:00.000Z,Michigan,Minnesota,26,22,26.13172445825735,21.719551453642847,-4.412173004614504,47.8512759119002,4.412173004614504,47.8512759119002,Michigan,0.6059855204765032,61,0.4236407717397331,0.5763592282602669,DraftKings,True,-225.0,185.0,Michigan,-225.0,STRONG,-8.632217183118907,-0.16748111473517,-136,0.6636481241914618,Minnesota,8.728889593119499,0.2073761994582394,5.5,Minnesota,5.5,,1.0878269953854964,0.527901215312322,43.5,O,48,LEAN,4.351275911900196,0.6094995737548684,-2.978754181550755,46.52647344286591,-63.6364774579647,-5.378754181550752,16.03127332185313,1.0,DraftKings,5.5,43.5,0.0,0.0,185.0,-225.0,0.3363518758085381,0.25,0.0,0.0,0.0,0.0,0.0,0.0,0.0,6.541666666666667,6.854166666666667,-0.3125,,,,0.0,0.0,0.0,5.5,43.5,185.0,-225.0,0.0,0.0,0.0,0.0,0.7975,0.6660346076600123,4.351275911900196,BET,total,O,43.5,0.1635900953502033,0.6094995737548684,4.351275911900196,0.83,,,,
2026-09-29T04:55:54.919480+00:00,401862791,2026,5,2026-10-03T16:00:00.000Z,Navy,Air Force,23,31,23.2476553748218,30.826254156837425,7.578598782015625,54.073909531659226,-7.578598782015625,54.073909531659226,Air Force,0.6778976935349259,68,0.7069380055385197,0.7069380055385197,DraftKings,True,142.0,-170.0,Air Force,-170.0,BET,4.826806390529626,0.1227838911494136,-241,0.6037569709421778,Air Force,10.318103459634187,0.1227838911494136,-3.5,Air Force,-3.5,BET,4.078598782015625,0.6035062463139929,46.5,O,54,STRONG,7.5739095316592255,0.6857779379540726,1.2354686240129382,56.898314136833406,-78.56113449452937,-1.1645313759870568,10.85403102616772,1.0,DraftKings,-3.5,46.5,0.0,0.0,-170.0,142.0,0.6037569709421778,0.25,0.0,0.0,0.0,0.0,0.0,0.0,0.0,6.5625,7.708333333333333,-1.145833333333333,,,,0.0,0.0,0.0,-3.5,46.5,-170.0,142.0,0.0,0.0,0.0,0.0,0.7975,0.744459042518197,7.5739095316592255,STRONG,total,O,46.5,0.3092124270032295,0.6857779379540726,7.5739095316592255,0.93,,,,
2026-09-29T04:55:54.919480+00:00,401858479,2026,5,2026-10-03T16:30:00.000Z,Michigan State,Wisconsin,18,27,18.2823767362428,27.4387163395916,9.156339603348808,45.7210930758344,-9.156339603348808,45.7210930758344,Wisconsin,0.7115686449312615,71,0.7382569278008979,0.7382569278008979,DraftKings,True,320.0,-410.0,Wisconsin,-410.0,STRONG,-9.235292369618954,-0.0816804068818099,-282,0.771505376344086,Michigan State,3.3248448543188145,0.0993209032362287,-10.5,Michigan State,10.5,,1.3436603966511915,0.5344482009138749,43.5,O,46,,2.2210930758343963,0.5564251423630612,5.583716904766153,44.54024738100476,50.80025263199059,3.183716904766155,18.99053829885685,1.0,DraftKings,-10.5,43.5,0.0,0.0,-410.0,320.0,0.771505376344086,0.25,0.0,0.0,0.0,0.0,0.0,0.0,0.0,6.8125,6.8125,0.0,,,,0.0,0.0,0.0,-10.5,43.5,-410.0,320.0,0.0,0.0,0.0,0.0,0.7975,0.6212079083937746,2.2210930758343963,PASS,,,,0.0,,,0.0,,,,
2026-09-29T04:55:54.919480+00:00,401856705,2026,5,2026-10-03T16:45:00.000Z,Vanderbilt,Georgia,22,37,21.85711373549043,36.86041798807028,15.003304252579852,58.71753172356071,-15.003304252579852,58.71753172356071,Georgia,0.8197146425909005,82,0.8343008873943312,0.8343008873943312,DraftKings,True,1300.0,-2800.0,Georgia,-2800.0,STRONG,-14.580259878840984,-0.1359026523415855,-504,0.9311163895486936,Vanderbilt,9.681550215436244,1.3197875764793636,-24.5,Vanderbilt,24.5,STRONG,9.496695747420148,0.7294183934660305,50.5,O,59,STRONG,8.217531723560711,0.7002225543998629,12.335284523196703,60.42750959803068,124.25991541426151,9.935284523196705,13.329462752898287,1.0,DraftKings,-24.5,50.5,0.0,0.0,-2800.0,1300.0,0.9311163895486936,0.25,0.0,0.0,0.0,0.0,0.0,0.0,0.0,6.885416666666667,6.854166666666667,0.03125,,,,0.0,0.0,0.0,-24.5,50.5,-2800.0,1300.0,0.0,0.0,0.0,0.0,0.7975,0.7069614090076596,9.496695747420148,STRONG,spread,Vanderbilt,24.5,0.3925260238896947,0.7294183934660305,9.496695747420148,0.88,,,,
2026-09-29T04:55:54.919480+00:00,401866432,2026,5,2026-10-03T17:00:00.000Z,Western Michigan,Buffalo,26,24,25.574674799824315,23.600776273598303,-1.97389852622601,49.17545107342262,1.97389852622601,49.17545107342262,Western Michigan,0.5478718301197416,55,0.483459000235579,0.516540999764421,DraftKings,True,-600.0,440.0,Western Michigan,-600.0,STRONG,-30.927102702311547,-0.3973688336081755,-107,0.8223350253807106,Buffalo,30.57940256162897,1.6106786012721268,13.5,Buffalo,13.5,STRONG,11.52610147377399,0.7708457194916611,46.5,O,49,LEAN,2.6754510734226216,0.5678652866470059,-4.579868168875997,48.276740795349895,-82.40298752878698,-6.979868168875994,16.240406838362716,1.0,DraftKings,13.5,46.5,0.0,0.0,440.0,-600.0,0.1776649746192893,0.25,0.0,0.0,0.0,0.0,0.0,0.0,0.0,14.041666666666666,6.895833333333333,7.145833333333333,,,,0.0,0.0,0.0,13.5,46.5,440.0,-600.0,0.0,0.0,0.0,0.0,0.7975,0.6274606074786604,11.52610147377399,STRONG,spread,Buffalo,13.5,0.4716145553931712,0.7708457194916611,11.52610147377399,0.78,,,,
2026-09-29T04:55:54.919480+00:00,401866431,2026,5,2026-10-03T18:00:00.000Z,Toledo,Ball State,36,17,35.62141301596722,16.590124350690086,-19.03128866527713,52.2115373666573,19.03128866527713,52.2115373666573,Toledo,0.8769221052888218,88,0.147198573735149,0.8528014262648509,DraftKings,True,-1350.0,800.0,Toledo,-1350.0,BET,-5.411237746979891,-0.0840280977155305,-579,0.8933823529411765,Ball State,4.058092667632554,0.3247871636163417,19.5,Ball State,19.5,,0.4687113347228688,0.5120297726982116,51.5,O,52,,0.7115373666573035,0.5181305002661513,-16.116848766046118,54.86883069515089,-160.72540967674126,-18.51684876604612,16.47715402038841,1.0,DraftKings,19.5,51.5,0.0,0.0,800.0,-1350.0,0.1066176470588235,0.25,0.0,0.0,0.0,0.0,0.0,0.0,0.0,7.083333333333333,7.083333333333333,0.0,,,,0.0,0.0,0.0,19.5,51.5,800.0,-1350.0,0.0,0.0,0.0,0.0,0.7975,0.6592804439953248,0.7115373666573035,PASS,,,,0.0,,,0.0,,,,
2026-09-29T04:55:54.919480+00:00,401856708,2026,5,2026-10-03T19:30:00.000Z,Florida,Missouri,31,24,30.517571719204152,24.46158816892203,-6.055983550282119,54.97915988812618,6.055983550282119,54.97915988812618,Florida,0.643951888647238,64,0.3844356324241951,0.6155643675758049,DraftKings,True,-205.0,170.0,Florida,-205.0,LEAN,-2.817925889374562,-0.0841603311677048,-160,0.644729178800233,Missouri,2.9164811224428098,0.0379762075453268,4.5,Florida,-4.5,,1.5559835502821189,0.5398747292810421,56.5,U,55,,1.5208401118738166,0.5387045657009589,0.09862028669367,55.79949949867528,19.69839871357226,-2.3013797133063303,15.258122056742849,1.0,DraftKings,4.5,56.5,0.0,0.0,170.0,-205.0,0.355270821199767,0.25,0.0,0.0,0.0,0.0,0.0,0.0,0.0,6.822916666666667,7.0,-0.177083333333333,,,,0.0,0.0,0.0,4.5,56.5,170.0,-205.0,0.0,0.0,0.0,0.0,0.7975,0.6777462385946309,1.5559835502821189,PASS,,,,0.0,,,0.0,,,,
2026-09-29T04:55:54.919480+00:00,401856710,2026,5,2026-10-03T19:30:00.000Z,Auburn,Tennessee,23,31,22.526839832845525,31.021884658915543,8.495044826070021,53.54872449176107,-8.495044826070021,53.54872449176107,Tennessee,0.6976574371938684,70,0.7253960034346244,0.7253960034346244,DraftKings,True,230.0,-285.0,Tennessee,-285.0,BET,-4.260230306587188,-0.0200790830795424,-264,0.7095435684647302,Tennessee,1.5852434969894191,-0.0200790830795424,-7.0,Tennessee,-7.0,,1.495044826070021,0.5383179799655279,53.5,O,54,,0.0487244917610709,0.5012419618941483,6.231968182857326,52.57403030816549,78.07701183572908,3.8319681828573264,14.93423056931324,1.0,DraftKings,-7.0,53.5,0.0,0.0,-285.0,230.0,0.7095435684647302,0.25,0.0,0.0,0.0,0.0,0.0,0.0,0.0,7.145833333333333,6.96875,0.177083333333333,,,,0.0,0.0,0.0,-7.0,53.5,-285.0,230.0,0.0,0.0,0.0,0.0,0.7975,0.6826525198552573,1.495044826070021,PASS,,,,0.0,,,0.0,,,,
2026-09-29T04:55:54.919480+00:00,401858247,2026,5,2026-10-03T19:30:00.000Z,California,UNLV,22,26,21.65604044136588,26.310194837152128,4.654154395786253,47.966235278518006,-4.654154395786253,47.966235278518006,UNLV,0.6116480327149539,61,0.6435297434338073,0.6435297434338073,DraftKings,True,114.0,-135.0,UNLV,-135.0,BET,3.71799476085709,0.1202184422736645,-181,0.551441114716549,UNLV,9.208862871725833,0.1202184422736645,-2.5,UNLV,-2.5,LEAN,2.154154395786253,0.5551195679063907,53.5,U,48,BET,5.533764721481994,0.6381684650509596,8.765867945754412,50.53128672494556,92.93929149787346,6.365867945754415,17.477896037431645,1.0,DraftKings,-2.5,53.5,0.0,0.0,-135.0,114.0,0.551441114716549,0.25,0.0,0.0,0.0,0.0,0.0,0.0,0.0,7.145833333333333,7.708333333333333,-0.5625,,,,0.0,0.0,0.0,-2.5,53.5,-135.0,114.0,0.0,0.0,0.0,0.0,0.7975,0.6441212873163219,5.533764721481994,BET,total,U,53.5,0.2183216150972864,0.6381684650509596,5.533764721481994,0.81,,,,
2026-09-29T04:55:54.919480+00:00,401858248,2026,5,2026-10-03T19:30:00.000Z,Louisville,NC State,28,28,28.454859620633176,28.322099006868594,-0.1327606137645802,56.77695862750177,0.1327606137645802,56.77695862750177,Louisville,0.5032274981258885,50,0.5290389896707751,0.4709610103292249,DraftKings,True,-225.0,185.0,Louisville,-225.0,STRONG,-18.908019418180377,-0.3197229850800085,112,0.6636481241914618,NC State,19.268711386223696,0.5077611205617091,5.5,NC State,5.5,BET,5.36723938623542,0.6350841410005307,58.5,U,57,,1.72304137249823,0.5438309425842932,-1.656727278410667,59.554170070814735,-36.74658446161766,-4.056727278410666,13.39522734614848,1.0,DraftKings,5.5,58.5,0.0,0.0,185.0,-225.0,0.3363518758085381,0.25,0.0,0.0,0.0,0.0,0.0,0.0,0.0,6.833333333333333,7.145833333333333,-0.3125,,,,0.0,0.0,0.0,5.5,58.5,185.0,-225.0,0.0,0.0,0.0,0.0,0.7975,0.7059652124294885,5.36723938623542,LEAN,moneyline,NC State,185.0,0.5077611205617091,0.5290389896707751,19.268711386223696,0.16,,,,
2026-09-29T04:55:54.919480+00:00,401858253,2026,5,2026-10-03T19:30:00.000Z,Virginia,Florida State,27,26,27.347819600985552,25.621508405794195,-1.7263111951913608,52.96932800677975,1.7263111951913608,52.96932800677975,Virginia,0.541890941645152,54,0.4895890552342555,0.5104109447657444,DraftKings,True,-148.0,124.0,Virginia,-148.0,BET,-5.4883251903235175,-0.1447167952574012,-104,0.5720596355604638,Florida State,6.1648690794719405,0.0966794837247324,2.5,Florida State,2.5,,0.7736888048086392,0.5198520223824165,51.5,O,53,,1.4693280067797474,0.537397524483793,-2.9342684539595503,51.13055495545021,-92.88986704721152,-5.334268453959551,17.35111829901126,1.0,DraftKings,2.5,51.5,0.0,0.0,124.0,-148.0,0.4279403644395361,0.25,0.0,0.0,0.0,0.0,0.0,0.0,0.0,14.0,6.895833333333333,7.104166666666667,,,,0.0,0.0,0.0,2.5,51.5,124.0,-148.0,0.0,0.0,0.0,0.0,0.7975,0.6460417059331024,1.4693280067797474,PASS,,,,0.0,,,0.0,,,,
2026-09-29T04:55:54.919480+00:00,401858473,2026,5,2026-10-03T19:30:00.000Z,Ohio State,Iowa,27,20,26.60418515197811,19.698809616597675,-6.905375535380436,46.302994768575786,6.905375535380436,46.302994768575786,Ohio State,0.6630504918847046,66,0.3647175939903114,0.6352824060096887,DraftKings,True,-575.0,425.0,Ohio State,-575.0,STRONG,-18.88013599671473,-0.2542336972929742,-174,0.817258883248731,Iowa,18.19764772390424,0.9147673684491348,14.0,Iowa,14.0,STRONG,7.094624464619564,0.6759833896981156,45.5,O,46,,0.8029947685757861,0.5204589751516868,-6.317539587612021,45.55515579801556,-61.903651346494144,-8.717539587612022,17.80138976701135,1.0,DraftKings,14.0,45.5,0.0,0.0,425.0,-575.0,0.182741116751269,0.25,0.0,0.0,0.0,0.0,0.0,0.0,0.0,7.0,7.145833333333333,-0.145833333333333,,,,0.0,0.0,0.0,14.0,45.5,425.0,-575.0,0.0,0.0,0.0,0.0,0.7975,0.6392210312584594,7.094624464619564,STRONG,spread,Iowa,14.0,0.2905137439691296,0.6759833896981156,7.094624464619564,0.8,,,,
2026-09-29T04:55:54.919480+00:00,401862787,2026,5,2026-10-03T19:30:00.000Z,Memphis,Charlotte,33,16,33.12708426726154,16.476708536506997,-16.65037573075454,49.603792803768535,16.65037573075454,49.603792803768535,Memphis,0.8448632048713438,84,0.179347838597545,0.8206521614024549,DraftKings,True,-1450.0,850.0,Memphis,-1450.0,STRONG,-9.062066609639809,-0.1227511378111689,-458,0.8988580750407831,Charlotte,7.820591363832809,0.7038044666766781,20.5,Charlotte,20.5,LEAN,3.84962426924546,0.597816749063156,54.5,U,50,BET,4.896207196231465,0.6227959051533078,-11.941380006771148,50.73916646206148,-213.60836305385124,-14.341380006771152,14.66862715349701,1.0,DraftKings,20.5,54.5,0.0,0.0,850.0,-1450.0,0.1011419249592169,0.25,0.0,0.0,0.0,0.0,0.0,0.0,0.0,6.875,20.89583333333333,-14.020833333333332,,,,0.0,0.0,0.0,20.5,54.5,850.0,-1450.0,0.0,0.0,0.0,0.0,0.7975,0.6866758582644235,4.896207196231465,BET,total,U,54.5,0.188974000747224,0.6227959051533078,4.896207196231465,0.86,,,,
2026-09-29T04:55:54.919480+00:00,401864515,2026,5,2026-10-03T19:30:00.000Z,Wyoming,North Dakota State,17,31,17.445011623014977,31.23176837633773,13.78675675332275,48.6767799993527,-13.78675675332275,48.6767799993527,North Dakota State,0.7995860664198757,80,0.8169545015000119,0.8169545015000119,DraftKings,True,750.0,-1200.0,North Dakota State,-1200.0,STRONG,-12.34908566570474,-0.1149659567083204,-446,0.8869565217391304,Wyoming,7.000202023911853,0.5558867372498988,-18.5,Wyoming,18.5,BET,4.71324324667725,0.619157450029661,45.5,O,49,LEAN,3.1767799993527035,0.5804220157462994,12.085068082543792,44.708641500341805,130.1099555447379,9.685068082543795,14.60655055445303,1.0,DraftKings,-18.5,45.5,0.0,0.0,-1200.0,750.0,0.8869565217391304,0.25,0.0,0.0,0.0,0.0,0.0,0.0,0.0,13.708333333333334,7.020833333333333,6.687500000000001,,,,0.0,0.0,0.0,-18.5,45.5,-1200.0,750.0,0.0,0.0,0.0,0.0,0.7975,0.6876161894136917,4.71324324667725,BET,spread,Wyoming,18.5,0.1820278591475347,0.619157450029661,4.71324324667725,0.86,,,,
2026-09-29T04:55:54.919480+00:00,401866430,2026,5,2026-10-03T19:30:00.000Z,Akron,Central Michigan,20,30,20.3858526808148,29.83733175988208,9.451479079067278,50.22318444069688,-9.451479079067278,50.22318444069688,Central Michigan,0.7176783856163303,72,0.7438697338569894,0.7438697338569894,DraftKings,True,195.0,-238.0,Central Michigan,-238.0,,1.353637378201078,0.0564200422002622,-290,0.6750312469954812,Central Michigan,6.8838486861508175,0.0564200422002622,-6.5,Central Michigan,-6.5,LEAN,2.951479079067278,0.5753101044493869,46.5,O,50,LEAN,3.723184440696876,0.5940146600215548,6.545483025869114,49.466756374435406,67.3369627536008,4.145483025869115,22.49536725186394,1.0,DraftKings,-6.5,46.5,0.0,0.0,-238.0,195.0,0.6750312469954812,0.25,0.0,0.0,0.0,0.0,0.0,0.0,0.0,6.875,7.145833333333333,-0.270833333333333,,,,0.0,0.0,0.0,-6.5,46.5,-238.0,195.0,0.0,0.0,0.0,0.0,0.7975,0.5681170514827028,3.723184440696876,LEAN,total,O,46.5,0.1340279873138773,0.5940146600215548,3.723184440696876,0.61,,,,
2026-09-29T04:55:54.919480+00:00,401866433,2026,5,2026-10-03T19:30:00.000Z,Eastern Michigan,Massachusetts,24,31,23.50380063087202,30.732352122638424,7.228551491766401,54.236152753510446,-7.228551491766401,54.236152753510446,Massachusetts,0.6702113132997162,67,0.6996991507890393,0.6996991507890393,DraftKings,True,180.0,-218.0,Massachusetts,-218.0,,-1.532327789525234,0.0206620639950206,-233,0.6574752261956054,Massachusetts,4.222392459343394,0.0206620639950206,-6.0,Massachusetts,-6.0,,1.228551491766401,0.5315035169521226,48.5,O,54,BET,5.736152753510446,0.6430034642220146,3.1485108225066014,53.83509764006634,-44.13873602092508,0.7485108225066028,19.79097085689323,1.0,DraftKings,-6.0,48.5,0.0,0.0,-218.0,180.0,0.6574752261956054,0.25,0.0,0.0,0.0,0.0,0.0,0.0,0.0,6.770833333333333,14.125,-7.354166666666667,,,,0.0,0.0,0.0,-6.0,48.5,-218.0,180.0,0.0,0.0,0.0,0.0,0.7975,0.6090830227073528,5.736152753510446,BET,total,O,48.5,0.2275520680602096,0.6430034642220146,5.736152753510446,0.76,,,,
2026-09-29T04:55:54.919480+00:00,401866434,2026,5,2026-10-03T19:30:00.000Z,Ohio,Kent State,34,22,33.58164245523182,21.94896568543229,-11.632676769799527,55.53060814066412,11.632676769799527,55.53060814066412,Ohio,0.7607996937586337,76,0.2643523103347296,0.7356476896652704,DraftKings,True,-162.0,136.0,Ohio,-162.0,STRONG,14.247908307161072,0.1897512018043261,-278,0.593369754159424,Ohio,14.227793550584645,0.1897512018043261,3.0,Ohio,-3.0,STRONG,8.632676769799529,0.7107101528700785,50.5,O,56,BET,5.030608140664121,0.6260537061174625,-10.024475842517065,56.95963738487795,-145.8758629423112,-12.424475842517062,20.55127528341332,1.0,DraftKings,3.0,50.5,0.0,0.0,136.0,-162.0,0.4066302458405761,0.25,0.0,0.0,0.0,0.0,0.0,0.0,0.0,7.145833333333333,13.854166666666666,-6.708333333333333,,,,0.0,0.0,0.0,3.0,50.5,136.0,-162.0,0.0,0.0,0.0,0.0,0.7975,0.5975659946131288,8.632676769799529,STRONG,spread,Ohio,-3.0,0.3568102918428771,0.7107101528700785,8.632676769799529,0.75,,,,
2026-09-29T04:55:54.919480+00:00,401866477,2026,5,2026-10-03T19:30:00.000Z,Bowling Green,Miami (OH),23,27,23.10250160899758,26.520800465965923,3.4182988569683443,49.62330207496351,-3.4182988569683443,49.62330207496351,Miami (OH),0.5825049145357295,58,0.6149651941849734,0.6149651941849734,DraftKings,True,410.0,-550.0,Miami (OH),-550.0,STRONG,-26.364893161811665,-0.2732229523268495,-160,0.8118668596237336,Bowling Green,19.690166543876032,0.9636775096566356,-13.5,Bowling Green,13.5,STRONG,10.081701143031657,0.7417327142743554,42.5,O,50,BET,7.1233020749635045,0.675491194737115,9.403334490219953,49.20229706759147,91.487560502723,7.003334490219958,19.987408021763645,1.0,DraftKings,-13.5,42.5,0.0,0.0,-550.0,410.0,0.8118668596237336,0.25,0.0,0.0,0.0,0.0,0.0,0.0,0.0,7.0,6.9375,0.0625,,,,0.0,0.0,0.0,-13.5,42.5,-550.0,410.0,0.0,0.0,0.0,0.0,0.7975,0.6043742205199012,10.081701143031657,STRONG,spread,Bowling Green,13.5,0.4160351817964967,0.7417327142743554,10.081701143031657,0.76,,,,
2026-09-29T04:55:54.919480+00:00,401869956,2026,5,2026-10-03T19:30:00.000Z,Old Dominion,Georgia State,29,22,29.23697354840201,22.12311871922523,-7.113854829176778,51.36009226762724,7.113854829176778,51.36009226762724,Old Dominion,0.6676768688559662,67,0.3599436668670149,0.6400563331329852,DraftKings,True,-102.0,-118.0,Old Dominion,-102.0,STRONG,16.272637380646128,0.2675625420868921,-178,0.4826358742837298,Old Dominion,15.742045884925538,0.2675625420868921,-1.5,Old Dominion,1.5,STRONG,8.613854829176777,0.7102959335572212,50.5,O,51,,0.8600922676272376,0.5219123095313201,-1.4381734926192635,54.89243411135307,-93.77261182649067,-3.838173492619264,16.23634377676519,1.0,DraftKings,-1.5,50.5,0.0,0.0,-118.0,-102.0,0.5173641257162701,0.25,0.0,0.0,0.0,0.0,0.0,0.0,0.0,7.0625,6.895833333333333,0.1666666666666669,,,,0.0,0.0,0.0,-1.5,50.5,-118.0,-102.0,0.0,0.0,0.0,0.0,0.7975,0.6629282174982091,8.613854829176777,STRONG,spread,Old Dominion,1.5,0.3560195095183314,0.7102959335572212,8.613854829176777,0.83,,,,
2026-09-29T04:55:54.919480+00:00,401869962,2026,5,2026-10-03T19:45:00.000Z,Marshall,James Madison,17,34,17.167949031822836,34.332586782931244,17.164637751108412,51.50053581475408,-17.164637751108412,51.50053581475408,James Madison,0.8522163572944199,85,0.8618367689150863,0.8618367689150863,DraftKings,True,650.0,-1000.0,James Madison,-1000.0,BET,-5.687455179648914,-0.051979554193405,-624,0.8720930232558138,Marshall,1.0256254340727633,0.0362242331368526,-18.5,Marshall,18.5,,1.3353622488915882,0.5342359811384039,55.5,U,52,LEAN,3.99946418524592,0.6008457261805882,16.904272520645137,54.47465855555829,135.40044381576172,14.504272520645138,15.421518798118807,1.0,DraftKings,-18.5,55.5,0.0,0.0,-1000.0,650.0,0.8720930232558138,0.25,0.0,0.0,0.0,0.0,0.0,0.0,0.0,6.90625,13.885416666666666,-6.979166666666666,,,,0.0,0.0,0.0,-18.5,55.5,-1000.0,650.0,0.0,0.0,0.0,0.0,0.7975,0.6752711183726628,3.99946418524592,LEAN,total,U,55.5,0.1470691136174865,0.6008457261805882,3.99946418524592,0.79,,,,
2026-09-29T04:55:54.919480+00:00,401858475,2026,5,2026-10-03T20:00:00.000Z,Maryland,Nebraska,19,38,18.83797414543589,38.34980272649919,19.511828581063305,57.187776871935085,-19.511828581063305,57.187776871935085,Nebraska,0.8827842260409055,88,0.8872806159065294,0.8872806159065294,DraftKings,True,490.0,-675.0,Nebraska,-675.0,,1.1816484105421576,0.01872959604083,-787,0.8370993168681029,Nebraska,5.01812990384265,0.01872959604083,-14.5,Nebraska,-14.5,BET,5.011828581063305,0.62645578117727,52.5,O,57,BET,4.687776871935085,0.6177264208733384,16.88235604562223,55.89849462808074,116.91181132082556,14.482356045622227,21.751255520876224,1.0,DraftKings,-14.5,52.5,0.0,0.0,-675.0,490.0,0.8370993168681029,0.25,0.0,0.0,0.0,0.0,0.0,0.0,0.0,6.958333333333333,7.104166666666667,-0.1458333333333339,,,,0.0,0.0,0.0,-14.5,52.5,-675.0,490.0,0.0,0.0,0.0,0.0,0.7975,0.5793887939743937,5.011828581063305,STRONG,spread,Nebraska,-14.5,0.1959610367929699,0.62645578117727,5.011828581063305,0.72,,,,
2026-09-29T04:55:54.919480+00:00,401864514,2026,5,2026-10-03T20:00:00.000Z,UTEP,New Mexico,14,37,13.996738984551026,37.3018328263761,23.30509384182507,51.29857181092712,-23.30509384182507,51.29857181092712,New Mexico,0.9222218259468418,92,0.9197688094770872,0.9197688094770872,DraftKings,True,1100.0,-2100.0,New Mexico,-2100.0,BET,-3.232362859861282,-0.0364326757859088,-1146,0.9197080291970804,New Mexico,0.0060780280006667,-0.0364326757859088,-22.5,New Mexico,-22.5,,0.8050938418250695,0.5206571353432592,48.5,O,51,LEAN,2.798571810927122,0.5709559458935376,20.95987345014652,53.19147044702383,183.6895123817992,18.55987345014652,16.480214353080534,1.0,DraftKings,-22.5,48.5,0.0,0.0,-2100.0,1100.0,0.9197080291970804,0.25,0.0,0.0,0.0,0.0,0.0,0.0,0.0,7.020833333333333,6.791666666666667,0.229166666666666,,,,0.0,0.0,0.0,-22.5,48.5,-2100.0,1100.0,0.0,0.0,0.0,0.0,0.7975,0.6592340863307322,2.798571810927122,LEAN,total,O,48.5,0.0900068057967535,0.5709559458935376,2.798571810927122,0.47,,,,
2026-09-29T04:55:54.919480+00:00,401856709,2026,5,2026-10-03T20:15:00.000Z,Kentucky,South Carolina,24,31,23.692600243880754,31.288289251973268,7.595689008092516,54.98088949585402,-7.595689008092516,54.98088949585402,South Carolina,0.6782710558573314,68,0.7072888004854927,0.7072888004854927,DraftKings,True,120.0,-142.0,South Carolina,-142.0,STRONG,9.14941963531991,0.205379505052741,-242,0.5634920634920635,South Carolina,14.37967369934292,0.205379505052741,-2.5,South Carolina,-2.5,BET,5.095689008092516,0.628497580109034,53.5,O,55,,1.4808894958540222,0.5376909153143052,4.969104487152304,53.40412071811144,-19.22254897221228,2.5691044871523068,25.490348309291942,1.0,DraftKings,-2.5,53.5,0.0,0.0,-142.0,120.0,0.5634920634920635,0.25,0.0,0.0,0.0,0.0,0.0,0.0,0.0,6.885416666666667,7.145833333333333,-0.2604166666666661,,,,0.0,0.0,0.0,-2.5,53.5,-142.0,120.0,0.0,0.0,0.0,0.0,0.7975,0.5227493280065381,5.095689008092516,STRONG,moneyline,South Carolina,-142.0,0.205379505052741,0.7072888004854927,14.37967369934292,0.12,,,,
2026-09-29T04:55:54.919480+00:00,401858472,2026,5,2026-10-03T20:15:00.000Z,Purdue,Illinois,23,36,22.80534315279122,36.10269221310216,13.297349060310935,58.908035365893376,-13.297349060310935,58.908035365893376,Illinois,0.7911218207970042,79,0.8095892614092197,0.8095892614092197,DraftKings,True,295.0,-375.0,Illinois,-375.0,,0.1648136586477888,0.0254797311183449,-425,0.7571884984025559,Illinois,5.240076300666385,0.0254797311183449,-10.0,Illinois,-10.0,LEAN,3.2973490603109354,0.5840106374461642,61.5,U,59,LEAN,2.591964634106624,0.5657671766144778,12.49822211441344,60.14721035026868,175.33395120074806,10.098222114413442,16.348359154350444,1.0,DraftKings,-10.0,61.5,0.0,0.0,-375.0,295.0,0.7571884984025559,0.25,0.0,0.0,0.0,0.0,0.0,0.0,0.0,7.177083333333333,7.09375,0.083333333333333,,,,0.0,0.0,0.0,-10.0,61.5,-375.0,295.0,0.0,0.0,0.0,0.0,0.7975,0.6612314178931624,3.2973490603109354,BET,spread,Illinois,-10.0,0.1149293987608589,0.5840106374461642,3.2973490603109354,0.61,,,,
2026-09-29T04:55:54.919480+00:00,401860899,2026,5,2026-10-03T22:00:00.000Z,Oregon State,Colorado State,27,30,26.97057430362003,30.329359175779626,3.358784872159598,57.299933479399655,-3.358784872159598,57.299933479399655,Colorado State,0.5810885947810317,58,0.6135676038450617,0.6135676038450617,DraftKings,True,-230.0,190.0,Colorado State,190.0,STRONG,23.626100857413512,0.7793460511506789,-159,0.3309929789368104,Colorado State,28.257462490825127,0.7793460511506789,6.0,Colorado State,6.0,STRONG,9.358784872159598,0.726473236954939,60.5,U,57,LEAN,3.2000665206003447,0.5810033882326382,0.9004549229835206,55.29910503271504,-0.0323585863511652,-1.4995450770164744,15.43800263352118,1.0,DraftKings,6.0,60.5,0.0,0.0,190.0,-230.0,0.3309929789368104,0.25,0.0,0.0,0.0,0.0,0.0,0.0,0.0,7.25,6.875,0.375,,,,0.0,0.0,0.0,6.0,60.5,190.0,-230.0,0.0,0.0,0.0,0.0,0.7975,0.6750214226076408,9.358784872159598,STRONG,moneyline,Colorado State,190.0,0.7793460511506789,0.6135676038450617,28.257462490825127,0.22,,,,
2026-09-29T04:55:54.919480+00:00,401856711,2026,5,2026-10-03T23:00:00.000Z,Arkansas,Texas A&M,21,34,21.418277547789263,34.15170893994905,12.73343139215979,55.56998648773832,-12.73343139215979,55.56998648773832,Texas A&M,0.7811123989004038,78,0.8008242159508953,0.8008242159508953,DraftKings,True,455.0,-625.0,Texas A&M,-625.0,STRONG,-8.095656661683748,-0.0710439094969614,-402,0.827123695976155,Arkansas,2.6299480025259725,0.1054256014725313,-14.0,Arkansas,14.0,,1.2665686078402096,0.532476258837118,51.5,O,56,LEAN,4.069986487738319,0.602584556322609,9.985038823473566,56.96014140863228,131.16788910302444,7.585038823473562,23.38551176957481,1.0,DraftKings,-14.0,51.5,0.0,0.0,-625.0,455.0,0.827123695976155,0.25,0.0,0.0,0.0,0.0,0.0,0.0,0.0,6.979166666666667,6.958333333333333,0.0208333333333339,,,,0.0,0.0,0.0,-14.0,51.5,-625.0,455.0,0.0,0.0,0.0,0.0,0.7975,0.5546332165071283,4.069986487738319,BET,total,O,51.5,0.1503886984340716,0.602584556322609,4.069986487738319,0.67,,,,
2026-09-29T04:55:54.919480+00:00,401856818,2026,5,2026-10-03T23:00:00.000Z,BYU,TCU,26,24,26.21044230029938,24.1235068867275,-2.0869354135718785,50.33394918702688,2.0869354135718785,50.33394918702688,BYU,0.5505989012924416,55,0.4806618446833725,0.5193381553166275,DraftKings,True,-250.0,205.0,BYU,-250.0,STRONG,-16.36868129932727,-0.2729265825567214,-108,0.6853932584269663,TCU,16.605510311033882,0.4660186262842859,6.5,TCU,6.5,BET,4.4130645864281215,0.6117771894780424,48.5,O,50,,1.8339491870268816,0.5466397308539485,-1.794844028097927,48.744623469466426,-86.67468125545315,-4.1948440280979264,13.781918705093087,1.0,DraftKings,6.5,48.5,0.0,0.0,205.0,-250.0,0.3146067415730336,0.25,0.0,0.0,0.0,0.0,0.0,0.0,0.0,7.145833333333333,13.979166666666666,-6.833333333333333,,,,0.0,0.0,0.0,6.5,48.5,205.0,-250.0,0.0,0.0,0.0,0.0,0.7975,0.7001076439484754,4.4130645864281215,BET,spread,TCU,6.5,0.1679382708217173,0.6117771894780424,4.4130645864281215,0.88,,,,
2026-09-29T04:55:54.919480+00:00,401862788,2026,5,2026-10-03T23:00:00.000Z,UTSA,Rice,33,23,33.34047982542086,23.3529609781188,-9.98751884730206,56.69344080353966,9.98751884730206,56.69344080353966,UTSA,0.728613133584553,73,0.2972521924014618,0.7027478075985382,DraftKings,True,-440.0,340.0,UTSA,-440.0,STRONG,-8.620168123026172,-0.1375367815836122,-236,0.7819063004846527,Rice,7.915849288611448,0.307909646566432,11.5,Rice,11.5,,1.512481152697939,0.5387634718648524,54.5,O,57,,2.193440803539658,0.555727273883265,-10.566866514641276,60.38343380528774,-141.4346196341371,-12.966866514641278,17.547703765833205,1.0,DraftKings,11.5,54.5,0.0,0.0,340.0,-440.0,0.2180936995153473,0.25,0.0,0.0,0.0,0.0,0.0,0.0,0.0,6.875,7.291666666666667,-0.4166666666666669,,,,0.0,0.0,0.0,11.5,54.5,340.0,-440.0,0.0,0.0,0.0,0.0,0.7975,0.6430638456638059,2.193440803539658,PASS,,,,0.0,,,0.0,,,,
2026-09-29T04:55:54.919480+00:00,401869942,2026,5,2026-10-03T23:00:00.000Z,Georgia Southern,Coastal Carolina,27,28,27.24196864323388,27.608527518721413,0.3665588754875348,54.85049616195529,-0.3665588754875348,54.85049616195529,Coastal Carolina,0.508910644332613,51,0.5413489312110797,0.5413489312110797,DraftKings,True,-135.0,114.0,Coastal Carolina,114.0,BET,4.162092470644479,0.1584867127917105,-118,0.448558885283451,Coastal Carolina,9.279004592762874,0.1584867127917105,2.5,Coastal Carolina,2.5,LEAN,2.866558875487535,0.5731680996700672,54.5,O,55,,0.3504961619552915,0.5089332322064539,-0.6724277697792154,54.98845829550034,-36.04689759093708,-3.0724277697792086,12.031185352099316,1.0,DraftKings,2.5,54.5,0.0,0.0,114.0,-135.0,0.448558885283451,0.25,0.0,0.0,0.0,0.0,0.0,0.0,0.0,8.979166666666666,7.125,1.854166666666666,,,,0.0,0.0,0.0,2.5,54.5,114.0,-135.0,0.0,0.0,0.0,0.0,0.7975,0.726627606885179,2.866558875487535,BET,moneyline,Coastal Carolina,114.0,0.1584867127917105,0.5413489312110797,9.279004592762874,0.08,,,,
2026-09-29T04:55:54.919480+00:00,401871089,2026,5,2026-10-03T23:00:00.000Z,UL Monroe,South Alabama,19,38,18.81836337833592,38.251417257399424,19.43305387906351,57.06978063573534,-19.43305387906351,57.06978063573534,South Alabama,0.8818370508074798,88,0.8864974093976342,0.8864974093976342,DraftKings,True,440.0,-600.0,South Alabama,-600.0,LEAN,2.4694193664622666,0.0342469776305732,-781,0.8223350253807106,South Alabama,6.416238401692365,0.0342469776305732,-14.0,South Alabama,-14.0,BET,5.433053879063511,0.6366745989011628,56.5,O,57,,0.5697806357353414,0.5145202274494366,12.689666300138306,57.49494229172067,109.59921386586348,10.289666300138304,14.71093445510769,1.0,DraftKings,-14.0,56.5,0.0,0.0,-600.0,440.0,0.8223350253807106,0.25,0.0,0.0,0.0,0.0,0.0,0.0,0.0,7.260416666666667,6.958333333333333,0.3020833333333339,,,,0.0,0.0,0.0,-14.0,56.5,-600.0,440.0,0.0,0.0,0.0,0.0,0.7975,0.6860349907852333,5.433053879063511,STRONG,spread,South Alabama,-14.0,0.2154696888113109,0.6366745989011628,5.433053879063511,0.86,,,,
2026-09-29T04:55:54.919480+00:00,401856821,2026,5,2026-10-03T23:30:00.000Z,Texas Tech,Colorado,33,16,32.841089032770626,16.135581016273555,-16.70550801649707,48.97667004904418,16.70550801649707,48.97667004904418,Texas Tech,0.8456628756246767,85,0.1785450209339578,0.8214549790660421,DraftKings,True,-550.0,410.0,Texas Tech,-550.0,,-0.0490970529169465,-0.0291895701946774,-460,0.8118668596237336,Texas Tech,0.9588119442308528,-0.0291895701946774,13.5,Texas Tech,-13.5,LEAN,3.2055080164970704,0.5817041571661237,50.5,U,49,,1.5233299509558194,0.5387677310996781,-14.216000132001785,50.05273855294435,-187.1693405685719,-16.616000132001787,14.85353606277294,1.0,DraftKings,13.5,50.5,0.0,0.0,410.0,-550.0,0.1881331403762662,0.25,0.0,0.0,0.0,0.0,0.0,0.0,0.0,7.3125,7.3125,0.0,,,,0.0,0.0,0.0,13.5,50.5,410.0,-550.0,0.0,0.0,0.0,0.0,0.7975,0.6838748735157875,3.2055080164970704,BET,spread,Texas Tech,-13.5,0.110526118226236,0.5817041571661237,3.2055080164970704,0.6,,,,
2026-09-29T04:55:54.919480+00:00,401858249,2026,5,2026-10-03T23:30:00.000Z,Miami,Clemson,31,17,30.85267397153233,16.80400367863021,-14.048670292902113,47.656677650162536,14.048670292902113,47.656677650162536,Miami,0.8040299333982539,80,0.2204720781134333,0.7795279218865667,DraftKings,True,-800.0,550.0,Miami,-800.0,STRONG,-8.485895549063493,-0.1230310878776124,-354,0.8524590163934427,Clemson,7.293109450687591,0.4330685077373164,16.5,Clemson,16.5,LEAN,2.4513297070978872,0.5626645269245675,48.5,U,48,,0.8433223498374645,0.5214854848474896,-11.487345233953594,47.11781846434502,-83.05865693843771,-13.887345233953594,18.63265232090964,1.0,DraftKings,16.5,48.5,0.0,0.0,550.0,-800.0,0.1475409836065574,0.25,0.0,0.0,0.0,0.0,0.0,0.0,0.0,7.875,7.041666666666667,0.833333333333333,,,,0.0,0.0,0.0,16.5,48.5,550.0,-800.0,0.0,0.0,0.0,0.0,0.7975,0.6266291353638875,2.4513297070978872,LEAN,spread,Clemson,16.5,0.0741777332196288,0.5626645269245675,2.4513297070978872,0.37,,,,
2026-09-29T04:55:54.919480+00:00,401858478,2026,5,2026-10-03T23:30:00.000Z,Washington,USC,25,31,24.879041313134,30.592661565982272,5.713620252848274,55.47170287911627,-5.713620252848274,55.47170287911627,USC,0.6361471865859121,64,0.6672383781071911,0.6672383781071911,DraftKings,True,295.0,-375.0,USC,-375.0,STRONG,-15.332649762461426,-0.1548313877308912,-201,0.7571884984025559,Washington,8.995012029536479,0.3144084064765952,-9.5,Washington,9.5,LEAN,3.7863797471517264,0.5962415506059272,57.5,U,55,,2.028297120883728,0.5515559703154611,4.449756986029033,56.02796727969627,24.251092044442657,2.049756986029037,14.685906838337337,1.0,DraftKings,-9.5,57.5,0.0,0.0,-375.0,295.0,0.7571884984025559,0.25,0.0,0.0,0.0,0.0,0.0,0.0,0.0,7.0,6.854166666666667,0.145833333333333,,,,0.0,0.0,0.0,-9.5,57.5,-375.0,295.0,0.0,0.0,0.0,0.0,0.7975,0.686414107038436,3.7863797471517264,BET,spread,Washington,9.5,0.1382793238840428,0.5962415506059272,3.7863797471517264,0.76,,,,
2026-09-29T04:55:54.919480+00:00,401860898,2026,5,2026-10-03T23:30:00.000Z,Utah State,Boise State,17,32,17.37255850133236,32.36195094557503,14.989392444242675,49.7345094469074,-14.989392444242675,49.7345094469074,Boise State,0.8194918816828943,82,0.8341101904978082,0.8341101904978082,DraftKings,True,900.0,-1600.0,Boise State,-1600.0,STRONG,-12.168458890534096,-0.1137579225960787,-503,0.9039548022598868,Utah State,6.984461176207879,0.658898095021918,-19.5,Utah State,19.5,BET,4.510607555757325,0.6141799773100008,51.5,U,50,,1.7654905530926044,0.5449062529258325,9.925735689808064,50.6287157167684,127.8821216846734,7.525735689808061,17.248874377941718,1.0,DraftKings,-19.5,51.5,0.0,0.0,-1600.0,900.0,0.9039548022598868,0.25,0.0,0.0,0.0,0.0,0.0,0.0,0.0,7.166666666666667,7.0,0.1666666666666669,,,,0.0,0.0,0.0,-19.5,51.5,-1600.0,900.0,0.0,0.0,0.0,0.0,0.7975,0.6475904883291371,4.510607555757325,BET,spread,Utah State,19.5,0.1725254112281834,0.6141799773100008,4.510607555757325,0.81,,,,
2026-09-29T04:55:54.919480+00:00,401862792,2026,5,2026-10-03T23:30:00.000Z,Temple,South Florida,18,34,18.364636993831745,34.20116009125399,15.836523097422246,52.56579708508573,-15.836523097422246,52.56579708508573,South Florida,0.8327409182766734,83,0.8454041849917563,0.8454041849917563,DraftKings,True,195.0,-238.0,South Florida,-238.0,STRONG,12.859890644235383,0.2006160274252673,-547,0.6750312469954812,South Florida,17.037293799627506,0.2006160274252673,-6.0,South Florida,-6.0,STRONG,9.836523097422246,0.7366073078168124,49.5,O,53,LEAN,3.065797085085734,0.5776488191834313,12.09580255734491,54.38914910414081,176.2925111185698,9.695802557344912,11.491310256272062,1.0,DraftKings,-6.0,49.5,0.0,0.0,-238.0,195.0,0.6750312469954812,0.25,0.0,0.0,0.0,0.0,0.0,0.0,0.0,7.104166666666667,8.145833333333334,-1.041666666666667,,,,0.0,0.0,0.0,-6.0,50.5,-238.0,195.0,0.0,-1.0,0.0,0.0,0.7975,0.7348055898471789,9.836523097422246,STRONG,spread,South Florida,-6.0,0.4062503149230054,0.7366073078168124,9.836523097422246,0.92,,,,
2026-09-29T04:55:54.919480+00:00,401869842,2026,5,2026-10-03T23:30:00.000Z,Army,Louisiana Tech,25,22,24.808171824929573,21.71503300705132,-3.093138817878253,46.52320483198089,3.093138817878253,46.52320483198089,Army,0.5747541509965453,57,0.4558364073928372,0.5441635926071628,DraftKings,True,-130.0,110.0,Army,-130.0,,0.9536759692197472,-0.0372490284642503,-119,0.5427435387673957,Army,0.1420053839767177,-0.0372490284642503,2.5,Army,-2.5,,0.5931388178782528,0.5152218951110002,46.5,O,47,,0.023204831980891,0.500591479808857,-2.8684215839563443,46.64965712594704,-82.2115301603003,-5.268421583956343,12.865466734543237,1.0,DraftKings,2.5,46.5,0.0,0.0,110.0,-130.0,0.4572564612326044,0.25,0.0,0.0,0.0,0.0,0.0,0.0,0.0,14.145833333333334,8.145833333333334,6.0,,,,0.0,0.0,0.0,2.5,46.5,110.0,-130.0,0.0,0.0,0.0,0.0,0.7975,0.713989982027367,0.5931388178782528,PASS,,,,0.0,,,0.0,,,,
2026-09-29T04:55:54.919480+00:00,401858477,2026,5,2026-10-04T00:00:00.000Z,Indiana,Rutgers,39,16,39.31623599600773,16.02732172469481,-23.28891427131292,55.34355772070254,23.28891427131292,55.34355772070254,Indiana,0.922078241288177,92,0.1016780555317437,0.8983219444682563,DraftKings,True,-2400.0,1200.0,Indiana,-2400.0,BET,-3.7921758711823017,-0.064247974512233,-883,0.9258160237388724,Rutgers,2.749407927061609,0.321814721912668,24.5,Rutgers,24.5,,1.211085728687081,0.5310565580063739,56.5,U,55,,1.1564422792974582,0.5294503587436061,-20.448439475463783,57.6031270031848,-266.78349135322765,-22.84843947546379,13.858687066387702,1.0,DraftKings,24.5,56.5,0.0,0.0,1200.0,-2400.0,0.0741839762611276,0.25,0.0,0.0,0.0,0.0,0.0,0.0,0.0,14.1875,8.0,6.1875,,,,0.0,0.0,0.0,24.5,56.5,1200.0,-2400.0,0.0,0.0,0.0,0.0,0.7975,0.698944763208948,1.211085728687081,PASS,,,,0.0,,,0.0,,,,
2026-09-29T04:55:54.919480+00:00,401869932,2026,5,2026-10-04T00:00:00.000Z,Arkansas State,Louisiana,23,25,23.4477673724228,25.12298504500921,1.675217672586414,48.570752417432,-1.675217672586414,48.570752417432,Louisiana,0.5406554647259079,54,0.5733360582949739,0.5733360582949739,DraftKings,True,205.0,-250.0,Louisiana,-250.0,STRONG,-17.363024955980645,-0.1973295183870365,-134,0.6853932584269663,Arkansas State,11.205720013199244,0.3013250222003295,-6.5,Arkansas State,6.5,BET,4.824782327413586,0.6218889245099879,46.5,O,49,,2.070752417432004,0.5526288963799567,6.146767928147561,50.90316943213555,27.89959301056342,3.7467679281475617,14.579052973228803,1.0,DraftKings,-6.5,46.5,0.0,0.0,-250.0,205.0,0.6853932584269663,0.25,0.0,0.0,0.0,0.0,0.0,0.0,0.0,7.0625,7.041666666666667,0.020833333333333,,,,0.0,0.0,0.0,-6.5,46.5,-250.0,205.0,0.0,0.0,0.0,0.0,0.7975,0.6880327204826112,4.824782327413586,BET,spread,Arkansas State,6.5,0.1872424922463405,0.6218889245099879,4.824782327413586,0.86,,,,
2026-09-29T04:55:54.919480+00:00,401860921,2026,5,2026-10-04T01:30:00.000Z,Fresno State,Washington State,24,23,23.87077372873083,23.174907919460235,-0.6958658092705963,47.04568164819106,0.6958658092705963,47.04568164819106,Fresno State,0.5169120728965264,52,0.515114775828045,0.484885224171955,DraftKings,True,110.0,-130.0,Fresno State,110.0,BET,4.072159670605025,0.0182589707611056,106,0.4572564612326044,Fresno State,2.7628762939350624,0.0182589707611056,-2.5,Fresno State,2.5,LEAN,3.1958658092705963,0.5814618399201087,46.5,O,47,,0.5456816481910636,0.5139063457815701,-1.8091789667192053,44.19878797040551,-88.09022214831407,-4.209178966719204,17.625953464334962,1.0,DraftKings,-2.5,46.5,0.0,0.0,-130.0,110.0,0.5427435387673957,0.25,0.0,0.0,0.0,0.0,0.0,0.0,0.0,7.083333333333333,6.979166666666667,0.104166666666666,,,,0.0,0.0,0.0,-2.5,46.5,-130.0,110.0,0.0,0.0,0.0,0.0,0.7975,0.6418785257517095,3.1958658092705963,BET,spread,Fresno State,2.5,0.1100635125747528,0.5814618399201087,3.1958658092705963,0.57,,,,
2026-09-29T04:55:54.919480+00:00,401856817,2026,5,2026-10-04T02:30:00.000Z,Baylor,Arizona State,25,29,25.04618754653705,28.615690964558457,3.569503418021404,53.66187851109551,-3.569503418021404,53.66187851109551,Arizona State,0.5860984439963259,59,0.6185074238503827,0.6185074238503827,DraftKings,True,160.0,-192.0,Arizona State,-192.0,STRONG,-7.143580257901649,-0.0593532928942096,-162,0.6309403437815976,Baylor,1.2432919931214814,-0.0081193020109949,-4.0,Baylor,4.0,,0.4304965819785966,0.5110492288710465,49.5,O,54,LEAN,4.161878511095509,0.6048472278661534,2.15359278656214,54.32318624440354,47.43332340821348,-0.2464072134378585,14.187805577433569,1.0,DraftKings,-4.0,49.5,0.0,0.0,-192.0,160.0,0.6309403437815976,0.25,0.0,0.0,0.0,0.0,0.0,0.0,0.0,14.4375,7.4375,7.0,,,,0.0,0.0,0.0,-4.0,49.5,-192.0,160.0,0.0,0.0,0.0,0.0,0.7975,0.6939593034301678,4.161878511095509,BET,total,O,49.5,0.154708344108111,0.6048472278661534,4.161878511095509,0.86,,,,
2026-09-29T04:55:54.919480+00:00,401860900,2026,5,2026-10-04T02:30:00.000Z,Texas State,San Diego State,23,31,22.51578625413716,31.24134060562732,8.72555435149016,53.75712685976448,-8.72555435149016,53.75712685976448,San Diego State,0.7025406463697983,70,0.7299232953221315,0.7299232953221315,DraftKings,True,-192.0,160.0,San Diego State,160.0,STRONG,31.792526175441367,0.897800567837542,-270,0.3690596562184025,San Diego State,36.0863639103729,0.897800567837542,4.5,San Diego State,4.5,STRONG,13.22555435149016,0.8026109998322797,59.5,U,54,BET,5.742873140235524,0.6431636242938568,0.0105486757163539,55.94210406844081,-43.678046460000814,-2.389451324283641,18.1791817018314,1.0,DraftKings,4.5,59.5,0.0,0.0,160.0,-192.0,0.3690596562184025,0.25,0.0,0.0,0.0,0.0,0.0,0.0,0.0,7.4375,14.4375,-7.0,,,,0.0,0.0,0.0,4.5,59.5,160.0,-192.0,0.0,0.0,0.0,0.0,0.7975,0.5619798619035123,13.22555435149016,STRONG,moneyline,San Diego State,160.0,0.897800567837542,0.7299232953221315,36.0863639103729,0.25,,,,
2026-09-29T04:55:54.919480+00:00,401856820,2026,5,2026-10-04T03:00:00.000Z,Cincinnati,Arizona,23,32,23.438194720103336,32.22273980832496,8.78454508822162,55.66093452842829,-8.78454508822162,55.66093452842829,Arizona,0.7037845185582133,70,0.7310743090801848,0.7310743090801848,DraftKings,True,235.0,-290.0,Arizona,-290.0,BET,-3.980522503153028,-0.0168311015818204,-272,0.7135512302607419,Arizona,1.7523078819442928,-0.0168311015818204,-7.0,Arizona,-7.0,,1.7845450882216198,0.5457079579933944,54.5,O,56,,1.1609345284282924,0.5295645506613222,6.822558485929832,55.53884505847343,29.22569998334893,4.422558485929836,12.727964125769825,1.0,DraftKings,-7.0,54.5,0.0,0.0,-290.0,235.0,0.7135512302607419,0.25,0.0,0.0,0.0,0.0,0.0,0.0,0.0,7.145833333333333,7.166666666666667,-0.0208333333333339,,,,0.0,0.0,0.0,-7.0,54.5,-290.0,235.0,0.0,0.0,0.0,0.0,0.7975,0.7160728600865159,1.7845450882216198,PASS,,,,0.0,,,0.0,,,,
2026-09-29T04:55:54.919480+00:00,401864513,2026,5,2026-10-04T03:59:00.000Z,San José State,Hawai'i,21,28,21.35718460381696,27.596290638408423,6.239106034591464,48.95347524222538,-6.239106034591464,48.95347524222538,Hawai'i,0.6481020639407713,65,0.6786995393130479,0.6786995393130479,DraftKings,True,120.0,-142.0,Hawai'i,-142.0,STRONG,6.132520443663903,0.1566569613644901,-211,0.5634920634920635,Hawai'i,11.520747582098444,0.1566569613644901,-3.0,Hawai'i,-3.0,LEAN,3.2391060345914644,0.5825482624243714,51.5,U,49,LEAN,2.54652475777462,0.5646244374008444,5.155631541663109,51.51285519941719,39.007142623184336,2.755631541663112,13.754445015620842,1.0,DraftKings,-3.0,51.5,0.0,0.0,-142.0,120.0,0.5634920634920635,0.25,0.0,0.0,0.0,0.0,0.0,0.0,0.0,7.374305555555556,14.040972222222225,-6.666666666666667,,,,0.0,0.0,0.0,-3.0,51.5,-142.0,120.0,0.0,0.0,0.0,0.0,0.7975,0.7005238131071269,3.2391060345914644,STRONG,moneyline,Hawai'i,-142.0,0.1566569613644901,0.6786995393130479,11.520747582098444,0.12,,,,
2026-09-29T05:03:20.906632+00:00,401871049,2026,5,2026-10-02T00:00:00.000Z,Western Kentucky,New Mexico State,29,23,29.37589332711388,22.94888830802457,-6.42700501908931,52.32478163513846,6.42700501908931,52.32478163513846,Western Kentucky,0.6523422228350658,65,0.3757715458843077,0.6242284541156923,Draft Kings,True,110.0,-130.0,Western Kentucky,110.0,STRONG,17.615174664458966,0.3108797536429538,-166,0.4572564612326044,Western Kentucky,16.697199288308788,0.3108797536429538,-2.5,Western Kentucky,2.5,STRONG,8.92700501908931,0.7171510113351605,56.5,U,52,LEAN,4.175218364861543,0.6051754054666023,1.4908568508229223,56.24803983885192,-114.16383763618228,-0.9091431491770728,17.58033307200067,1.0,Draft Kings,-2.5,56.5,0.0,0.0,-130.0,110.0,0.5427435387673957,0.25,0.0,0.0,0.0,0.0,0.0,0.0,0.0,5.1875,12.166666666666666,-6.979166666666666,,,,0.0,0.0,0.0,-2.5,56.5,-130.0,110.0,0.0,0.0,0.0,0.0,0.7975,0.6425695796530899,8.92700501908931,STRONG,spread,Western Kentucky,2.5,0.3691064761853063,0.7171510113351605,8.92700501908931,0.8,,,,
2026-09-29T05:03:20.906632+00:00,401862786,2026,5,2026-10-02T01:00:00.000Z,North Texas,Tulsa,33,22,32.83360787420473,22.05535720638396,-10.778250667820773,54.88896508058868,10.778250667820773,54.88896508058868,North Texas,0.7443484252176478,74,0.2811455245470325,0.7188544754529675,Draft Kings,True,100.0,-120.0,North Texas,100.0,STRONG,24.43484252176478,0.4377089509059351,-256,0.4782608695652174,North Texas,24.05936058877501,0.4377089509059351,-1.5,North Texas,1.5,STRONG,12.278250667820773,0.785245217549803,57.5,U,55,LEAN,2.611034919411317,0.5662466002677328,-9.508278155766844,61.31967257671526,-132.40035475631498,-11.90827815576684,20.134369327589887,1.0,Draft Kings,-1.5,57.5,0.0,0.0,-120.0,100.0,0.5217391304347826,0.25,0.0,0.0,0.0,0.0,0.0,0.0,0.0,5.041666666666667,12.375,-7.333333333333333,,,,0.0,0.0,0.0,-1.5,57.5,-120.0,100.0,0.0,0.0,0.0,0.0,0.7975,0.5557285010485405,12.278250667820773,STRONG,spread,North Texas,1.5,0.4991045062314421,0.785245217549803,12.278250667820773,0.69,,,,
2026-09-29T05:03:20.906632+00:00,401858245,2026,5,2026-10-02T23:00:00.000Z,Pittsburgh,Virginia Tech,26,26,25.52167300555404,25.978192916821875,0.4565199112678328,51.49986592237592,-0.4565199112678328,51.49986592237592,Virginia Tech,0.51109698995318,51,0.5435618637610956,0.5435618637610956,Draft Kings,True,136.0,-162.0,Virginia Tech,-162.0,STRONG,-10.722362073384296,-0.1209061215715614,-119,0.593369754159424,Pittsburgh,4.980789039832828,0.0771940015238143,-3.5,Pittsburgh,3.5,LEAN,3.043480088732167,0.5776282045275216,54.5,U,51,LEAN,3.0001340776240824,0.5760062347224522,-1.873495179031185,52.32890263301809,-61.04675057396412,-4.273495179031182,13.721754640711014,1.0,Draft Kings,-3.5,54.5,0.0,0.0,-162.0,136.0,0.593369754159424,0.25,0.0,0.0,0.0,0.0,0.0,0.0,0.0,6.291666666666667,14.979166666666666,-8.6875,,,,0.0,0.0,0.0,-3.5,54.5,-162.0,136.0,0.0,0.0,0.0,0.0,0.7975,0.701019004182063,3.043480088732167,BET,spread,Pittsburgh,3.5,0.1027447540979957,0.5776282045275216,3.043480088732167,0.58,,,,
2026-09-29T05:03:20.906632+00:00,401871050,2026,5,2026-10-02T23:00:00.000Z,Liberty,Delaware,29,24,29.4564687766858,24.445214173733085,-5.011254602952713,53.90168295041888,5.011254602952713,53.90168295041888,Liberty,0.6199608999073486,62,0.4092128949486176,0.5907871050513824,Draft Kings,True,-270.0,220.0,Liberty,-270.0,STRONG,-10.976882982238113,-0.1904028560406981,-144,0.7001620745542949,Delaware,10.937496950291264,0.3094812638355764,7.0,Delaware,7.0,,1.988745397047288,0.5509111650830183,49.5,O,54,LEAN,4.401682950418881,0.6107351622432623,-4.8077698462581,55.08677650869356,-17.556428727406,-7.207769846258097,17.503259713264278,1.0,Draft Kings,7.0,49.5,0.0,0.0,220.0,-270.0,0.299837925445705,0.25,0.0,0.0,0.0,0.0,0.0,0.0,0.0,6.041666666666667,7.979166666666667,-1.9375,,,,0.0,0.0,0.0,7.0,49.5,220.0,-270.0,0.0,0.0,0.0,0.0,0.7975,0.6437370804684489,4.401682950418881,BET,total,O,49.5,0.1659489461007735,0.6107351622432623,4.401682950418881,0.8,,,,
2026-09-29T05:03:20.906632+00:00,401858476,2026,5,2026-10-03T00:00:00.000Z,Penn State,Northwestern,27,24,27.13909315553469,23.69900208227455,-3.440091073260145,50.83809523780924,3.440091073260145,50.83809523780924,Penn State,0.5830232612909794,58,0.4473206468163413,0.5526793531836587,Draft Kings,True,-142.0,120.0,Penn State,-142.0,,-0.3753598213152909,-0.0581098347151732,-124,0.5634920634920635,Northwestern,1.0812710308404916,-0.015894577004049,2.5,Penn State,-2.5,,0.9400910732601448,0.5241169813343479,45.5,O,51,BET,5.338095237809242,0.633472897822207,-3.827395250453783,49.44196316682065,-83.69981449003899,-6.227395250453782,18.78524557064416,1.0,Draft Kings,2.5,45.5,0.0,0.0,120.0,-142.0,0.4365079365079364,0.25,0.0,0.0,0.0,0.0,0.0,0.0,0.0,7.0,6.125,0.875,,,,0.0,0.0,0.0,2.5,45.5,120.0,-142.0,0.0,0.0,0.0,0.0,0.7975,0.6243176655330132,5.338095237809242,BET,total,O,45.5,0.2093573503878496,0.633472897822207,5.338095237809242,0.78,,,,
2026-09-29T05:03:20.906632+00:00,401856707,2026,5,2026-10-03T16:00:00.000Z,Alabama,Mississippi State,33,29,32.99784798417148,28.86602997890592,-4.131818005265566,61.86387796307739,4.131818005265566,61.86387796307739,Alabama,0.5993969899457892,60,0.4304392345713203,0.5695607654286796,Draft Kings,True,-225.0,185.0,Alabama,-225.0,STRONG,-9.291070236190311,-0.1773011166030183,-132,0.6636481241914618,Mississippi State,9.408735876278218,0.2267518185282629,6.0,Mississippi State,6.0,,1.8681819947344345,0.5478401016550183,60.5,O,62,,1.3638779630773925,0.534720645766177,-5.053301241720714,65.28334382228644,-136.81128256099328,-7.453301241720712,15.738666608716663,1.0,Draft Kings,6.0,60.5,0.0,0.0,185.0,-225.0,0.3363518758085381,0.25,0.0,0.0,0.0,0.0,0.0,0.0,0.0,6.677083333333333,6.708333333333333,-0.03125,,,,0.0,0.0,0.0,6.0,60.5,185.0,-225.0,0.0,0.0,0.0,0.0,0.7975,0.6704669897667107,1.8681819947344345,PASS,,,,0.0,,,0.0,,,,
2026-09-29T05:03:20.906632+00:00,401856807,2026,5,2026-10-03T16:00:00.000Z,Middle Tennessee,Kansas,20,31,20.40389591718825,31.13868013822492,10.734784221036666,51.54257605541317,-10.734784221036666,51.54257605541317,Kansas,0.7434960009750686,74,0.7673428861528064,0.7673428861528064,Draft Kings,True,800.0,-1350.0,Kansas,-1350.0,STRONG,-18.7538481783552,-0.1758169000580968,-330,0.8933823529411765,Middle Tennessee,12.603946678837003,1.093914024624742,-19.5,Middle Tennessee,19.5,STRONG,8.765215778963334,0.7136190623348124,50.5,O,52,,1.042576055413171,0.5265551227804588,5.660736367526006,52.58175717079437,41.56437435521616,3.2607363675260084,10.650752997808157,1.0,Draft Kings,-19.5,50.5,0.0,0.0,-1350.0,800.0,0.8933823529411765,0.25,0.0,0.0,0.0,0.0,0.0,0.0,0.0,14.0,6.708333333333333,7.291666666666667,,,,0.0,0.0,0.0,-19.5,50.5,-1350.0,800.0,0.0,0.0,0.0,0.0,0.7975,0.7475382811519519,8.765215778963334,STRONG,spread,Middle Tennessee,19.5,0.3623636644573691,0.7136190623348124,8.765215778963334,0.93,,,,
2026-09-29T05:03:20.906632+00:00,401856819,2026,5,2026-10-03T16:00:00.000Z,UCF,Houston,22,30,22.18011551112022,29.8007055990945,7.62059008797428,51.98082111021472,-7.62059008797428,51.98082111021472,Houston,0.6788147361411452,68,0.7077994806115614,0.7077994806115614,Draft Kings,True,350.0,-455.0,Houston,-455.0,STRONG,-14.10050836786746,-0.1366401939793042,-242,0.7867435158501441,UCF,7.89440352385827,0.3149023372479737,-12.5,UCF,12.5,BET,4.87940991202572,0.623224486626176,51.5,O,52,,0.4808211102147197,0.5122539716995885,5.493007045678876,50.995864548717705,73.34919208988708,3.0930070456788785,11.31308437250763,1.0,Draft Kings,-12.5,51.5,0.0,0.0,-455.0,350.0,0.7867435158501441,0.25,0.0,0.0,0.0,0.0,0.0,0.0,0.0,6.833333333333333,6.854166666666667,-0.0208333333333339,,,,0.0,0.0,0.0,-12.5,51.5,-455.0,350.0,0.0,0.0,0.0,0.0,0.7975,0.7375053406822855,4.87940991202572,BET,spread,UCF,12.5,0.1897922017408815,0.623224486626176,4.87940991202572,0.92,,,,
2026-09-29T05:03:20.906632+00:00,401856822,2026,5,2026-10-03T16:00:00.000Z,West Virginia,Iowa State,19,34,18.77393472155355,33.659349588420326,14.885414866866777,52.43328430997388,-14.885414866866777,52.43328430997388,Iowa State,0.8178214921383985,82,0.832679341331308,0.832679341331308,Draft Kings,True,136.0,-162.0,Iowa State,-162.0,STRONG,19.95008814513756,0.3466789347456956,-498,0.593369754159424,Iowa State,23.93095871718841,0.3466789347456956,-3.0,Iowa State,-3.0,STRONG,11.885414866866777,0.7777911454201663,52.5,U,52,,0.0667156900261218,0.5017005457558138,11.724595780373718,54.62005785129492,61.11539515271648,9.324595780373716,18.27281265308985,1.0,Draft Kings,-3.0,52.5,0.0,0.0,-162.0,136.0,0.593369754159424,0.25,0.0,0.0,0.0,0.0,0.0,0.0,0.0,6.854166666666667,6.708333333333333,0.1458333333333339,,,,0.0,0.0,0.0,-3.0,52.5,-162.0,136.0,0.0,0.0,0.0,0.0,0.7975,0.590369303508293,11.885414866866777,STRONG,spread,Iowa State,-3.0,0.4848740048930446,0.7777911454201663,11.885414866866777,0.74,,,,
2026-09-29T05:03:20.906632+00:00,401858246,2026,5,2026-10-03T16:00:00.000Z,Boston College,SMU,18,35,18.235901346647346,34.62836009393256,16.392458747285207,52.8642614405799,-16.392458747285207,52.8642614405799,SMU,0.8410859564181585,84,0.8524691222151883,0.8524691222151883,Draft Kings,True,950.0,-1650.0,SMU,-1650.0,STRONG,-10.177118643898432,-0.0958660824990426,-578,0.9082568807339452,Boston College,5.578775851875662,0.5490742167405225,-21.0,Boston College,21.0,BET,4.6075412527147925,0.6165634250710001,55.5,U,53,LEAN,2.6357385594200977,0.5668675005058201,11.992931189800103,53.17530117110579,177.4966838162129,9.592931189800105,11.985524743329432,1.0,Draft Kings,-21.0,55.5,0.0,0.0,-1650.0,950.0,0.9082568807339452,0.25,0.0,0.0,0.0,0.0,0.0,0.0,0.0,6.625,7.0,-0.375,,,,0.0,0.0,0.0,-21.0,55.5,-1650.0,950.0,0.0,0.0,0.0,0.0,0.7975,0.7273192699817744,4.6075412527147925,BET,spread,Boston College,21.0,0.1770756296810002,0.6165634250710001,4.6075412527147925,0.91,,,,
2026-09-29T05:03:20.906632+00:00,401858250,2026,5,2026-10-03T16:00:00.000Z,Notre Dame,North Carolina,36,15,35.99181101236783,14.610244523092945,-21.38156648927489,50.60205553546078,21.38156648927489,50.60205553546078,Notre Dame,0.9037057170365368,90,0.120290722612148,0.8797092773878519,Draft Kings,True,-1800.0,1000.0,Notre Dame,-1800.0,BET,-4.366270401609473,-0.0714179849794897,-731,0.912442396313364,North Carolina,3.273311892551212,0.3231979487336289,21.0,Notre Dame,-21.0,,0.381566489274892,0.5097936458272164,47.5,O,51,LEAN,3.102055535460778,0.5785552612762334,-19.423125352085737,49.95256846683233,-223.02848416882648,-21.823125352085743,13.79275281908536,1.0,Draft Kings,21.0,47.5,0.0,0.0,1000.0,-1800.0,0.0875576036866359,0.25,0.0,0.0,0.0,0.0,0.0,0.0,0.0,14.0,6.916666666666667,7.083333333333333,,,,0.0,0.0,0.0,21.0,47.5,1000.0,-1800.0,0.0,0.0,0.0,0.0,0.7975,0.6999435296925632,3.102055535460778,LEAN,total,O,47.5,0.1045145897091727,0.5785552612762334,3.102055535460778,0.59,,,,
2026-09-29T05:03:20.906632+00:00,401858251,2026,5,2026-10-03T16:00:00.000Z,Stanford,Wake Forest,22,33,21.603851921888705,32.85207291619819,11.248220994309486,54.455924838086894,-11.248220994309486,54.455924838086894,Wake Forest,0.7534697395039338,75,0.776303730457853,0.776303730457853,Draft Kings,True,390.0,-520.0,Wake Forest,-520.0,STRONG,-8.523993791542106,-0.0744070906079445,-347,0.8042929292929294,Stanford,2.798919883507633,0.0961117207565205,-13.5,Stanford,13.5,LEAN,2.251779005690514,0.5576004915858331,53.5,O,54,,0.9559248380868935,0.5243509245851813,10.420508422028412,54.388682168229145,91.56271605251096,8.020508422028406,16.59976565300775,1.0,Draft Kings,-13.5,53.5,0.0,0.0,-520.0,390.0,0.8042929292929294,0.25,0.0,0.0,0.0,0.0,0.0,0.0,0.0,7.0,6.5625,0.4375,,,,0.0,0.0,0.0,-13.5,53.5,-520.0,390.0,0.0,0.0,0.0,0.0,0.7975,0.657423133202043,2.251779005690514,LEAN,spread,Stanford,13.5,0.0645100293911359,0.5576004915858331,2.251779005690514,0.34,,,,
2026-09-29T05:03:20.906632+00:00,401858252,2026,5,2026-10-03T16:00:00.000Z,Syracuse,UConn,21,33,20.91699690848265,33.01637008531658,12.09937317683393,53.933366993799225,-12.09937317683393,53.933366993799225,UConn,0.7695352241267479,77,0.7906109929509687,0.7906109929509687,Draft Kings,True,-245.0,200.0,UConn,200.0,STRONG,43.62018907934146,1.3718329788529062,-378,0.3194444444444444,UConn,47.11665485065243,1.3718329788529062,6.5,UConn,6.5,STRONG,18.59937317683393,0.8842993922505316,50.5,O,54,LEAN,3.433366993799225,0.5868180153659476,8.656638197759587,53.94274355221549,74.48108466123676,6.256638197759587,14.302090124170018,1.0,Draft Kings,6.5,50.5,0.0,0.0,200.0,-245.0,0.3194444444444444,0.25,0.0,0.0,0.0,0.0,0.0,0.0,0.0,6.854166666666667,15.6875,-8.833333333333332,,,,0.0,0.0,0.0,6.5,50.5,200.0,-245.0,0.0,0.0,0.0,0.0,0.7975,0.4838826499792987,18.59937317683393,STRONG,moneyline,UConn,200.0,1.3718329788529062,0.7906109929509687,47.11665485065243,0.27,,,,
2026-09-29T05:03:20.906632+00:00,401858474,2026,5,2026-10-03T16:00:00.000Z,Michigan,Minnesota,26,22,26.13172445825735,21.719551453642847,-4.412173004614504,47.8512759119002,4.412173004614504,47.8512759119002,Michigan,0.6059855204765032,61,0.423640771739733,0.576359228260267,Draft Kings,True,-225.0,185.0,Michigan,-225.0,STRONG,-8.632217183118907,-0.1674811147351699,-136,0.6636481241914618,Minnesota,8.728889593119488,0.2073761994582391,5.5,Minnesota,5.5,,1.0878269953854964,0.527901215312322,43.5,O,48,LEAN,4.351275911900196,0.6094995737548684,-2.978754181550755,46.52647344286591,-63.6364774579647,-5.378754181550752,16.03127332185313,1.0,Draft Kings,5.5,43.5,0.0,0.0,185.0,-225.0,0.3363518758085381,0.25,0.0,0.0,0.0,0.0,0.0,0.0,0.0,6.541666666666667,6.854166666666667,-0.3125,,,,0.0,0.0,0.0,5.5,43.5,185.0,-225.0,0.0,0.0,0.0,0.0,0.7975,0.6660346076600123,4.351275911900196,BET,total,O,43.5,0.1635900953502033,0.6094995737548684,4.351275911900196,0.83,,,,
2026-09-29T05:03:20.906632+00:00,401862791,2026,5,2026-10-03T16:00:00.000Z,Navy,Air Force,23,31,23.2476553748218,30.826254156837425,7.578598782015625,54.073909531659226,-7.578598782015625,54.073909531659226,Air Force,0.6778976935349259,68,0.7069380055385197,0.7069380055385197,Draft Kings,True,142.0,-170.0,Air Force,-170.0,BET,4.826806390529626,0.1227838911494136,-241,0.6037569709421778,Air Force,10.318103459634187,0.1227838911494136,-3.5,Air Force,-3.5,BET,4.078598782015625,0.6035062463139929,46.5,O,54,STRONG,7.5739095316592255,0.6857779379540726,1.2354686240129382,56.898314136833406,-78.56113449452937,-1.1645313759870568,10.85403102616772,1.0,Draft Kings,-3.5,46.5,0.0,0.0,-170.0,142.0,0.6037569709421778,0.25,0.0,0.0,0.0,0.0,0.0,0.0,0.0,6.5625,7.708333333333333,-1.145833333333333,,,,0.0,0.0,0.0,-3.5,46.5,-170.0,142.0,0.0,0.0,0.0,0.0,0.7975,0.744459042518197,7.5739095316592255,STRONG,total,O,46.5,0.3092124270032295,0.6857779379540726,7.5739095316592255,0.93,,,,
2026-09-29T05:03:20.906632+00:00,401858479,2026,5,2026-10-03T16:30:00.000Z,Michigan State,Wisconsin,18,27,18.2823767362428,27.4387163395916,9.156339603348808,45.7210930758344,-9.156339603348808,45.7210930758344,Wisconsin,0.7115686449312615,71,0.7382569278008979,0.7382569278008979,Draft Kings,True,320.0,-410.0,Wisconsin,-410.0,STRONG,-9.235292369618954,-0.0816804068818099,-282,0.771505376344086,Michigan State,3.3248448543188145,0.0993209032362287,-10.5,Michigan State,10.5,,1.3436603966511915,0.5344482009138749,43.5,O,46,,2.2210930758343963,0.5564251423630612,5.583716904766153,44.54024738100476,50.80025263199059,3.183716904766155,18.99053829885685,1.0,Draft Kings,-10.5,43.5,0.0,0.0,-410.0,320.0,0.771505376344086,0.25,0.0,0.0,0.0,0.0,0.0,0.0,0.0,6.8125,6.8125,0.0,,,,0.0,0.0,0.0,-10.5,43.5,-410.0,320.0,0.0,0.0,0.0,0.0,0.7975,0.6212079083937746,2.2210930758343963,PASS,,,,0.0,,,0.0,,,,
2026-09-29T05:03:20.906632+00:00,401856705,2026,5,2026-10-03T16:45:00.000Z,Vanderbilt,Georgia,22,37,21.85711373549043,36.86041798807028,15.003304252579854,58.71753172356071,-15.003304252579854,58.71753172356071,Georgia,0.8197146425909005,82,0.8343008873943312,0.8343008873943312,Draft Kings,True,1300.0,-2800.0,Georgia,-2800.0,STRONG,-14.580259878840984,-0.1359026523415855,-504,0.9311163895486936,Vanderbilt,9.681550215436244,1.3197875764793636,-24.5,Vanderbilt,24.5,STRONG,9.496695747420146,0.7294183934660305,50.5,O,59,STRONG,8.217531723560711,0.7002225543998629,12.335284523196703,60.42750959803068,124.25991541426151,9.935284523196705,13.329462752898287,1.0,Draft Kings,-24.5,50.5,0.0,0.0,-2800.0,1300.0,0.9311163895486936,0.25,0.0,0.0,0.0,0.0,0.0,0.0,0.0,6.885416666666667,6.854166666666667,0.03125,,,,0.0,0.0,0.0,-24.5,50.5,-2800.0,1300.0,0.0,0.0,0.0,0.0,0.7975,0.7069614090076596,9.496695747420146,STRONG,spread,Vanderbilt,24.5,0.3925260238896947,0.7294183934660305,9.496695747420146,0.88,,,,
2026-09-29T05:03:20.906632+00:00,401866432,2026,5,2026-10-03T17:00:00.000Z,Western Michigan,Buffalo,26,24,25.574674799824315,23.600776273598303,-1.97389852622601,49.17545107342262,1.97389852622601,49.17545107342262,Western Michigan,0.5478718301197416,55,0.4834590002355789,0.516540999764421,Draft Kings,True,-600.0,440.0,Western Michigan,-600.0,STRONG,-30.927102702311547,-0.3973688336081755,-107,0.8223350253807106,Buffalo,30.57940256162896,1.6106786012721264,13.5,Buffalo,13.5,STRONG,11.52610147377399,0.7708457194916611,46.5,O,49,LEAN,2.6754510734226216,0.5678652866470059,-4.579868168875997,48.276740795349895,-82.40298752878698,-6.979868168875994,16.240406838362716,1.0,Draft Kings,13.5,46.5,0.0,0.0,440.0,-600.0,0.1776649746192893,0.25,0.0,0.0,0.0,0.0,0.0,0.0,0.0,14.041666666666666,6.895833333333333,7.145833333333333,,,,0.0,0.0,0.0,13.5,46.5,440.0,-600.0,0.0,0.0,0.0,0.0,0.7975,0.6274606074786604,11.52610147377399,STRONG,spread,Buffalo,13.5,0.4716145553931712,0.7708457194916611,11.52610147377399,0.78,,,,
2026-09-29T05:03:20.906632+00:00,401866431,2026,5,2026-10-03T18:00:00.000Z,Toledo,Ball State,36,17,35.62141301596722,16.590124350690086,-19.03128866527713,52.2115373666573,19.03128866527713,52.2115373666573,Toledo,0.8769221052888218,88,0.147198573735149,0.8528014262648509,Draft Kings,True,-1350.0,800.0,Toledo,-1350.0,BET,-5.411237746979891,-0.0840280977155305,-579,0.8933823529411765,Ball State,4.058092667632551,0.3247871636163415,19.5,Ball State,19.5,,0.4687113347228688,0.5120297726982116,51.5,O,52,,0.7115373666573035,0.5181305002661513,-16.116848766046118,54.86883069515089,-160.72540967674126,-18.51684876604612,16.47715402038841,1.0,Draft Kings,19.5,51.5,0.0,0.0,800.0,-1350.0,0.1066176470588235,0.25,0.0,0.0,0.0,0.0,0.0,0.0,0.0,7.083333333333333,7.083333333333333,0.0,,,,0.0,0.0,0.0,19.5,51.5,800.0,-1350.0,0.0,0.0,0.0,0.0,0.7975,0.6592804439953248,0.7115373666573035,PASS,,,,0.0,,,0.0,,,,
2026-09-29T05:03:20.906632+00:00,401856708,2026,5,2026-10-03T19:30:00.000Z,Florida,Missouri,31,24,30.517571719204152,24.46158816892203,-6.055983550282119,54.97915988812618,6.055983550282119,54.97915988812618,Florida,0.643951888647238,64,0.3844356324241951,0.6155643675758049,Draft Kings,True,-205.0,170.0,Florida,-205.0,LEAN,-2.817925889374562,-0.0841603311677048,-160,0.644729178800233,Missouri,2.9164811224428098,0.0379762075453268,4.5,Florida,-4.5,,1.5559835502821189,0.5398747292810421,56.5,U,55,,1.5208401118738166,0.5387045657009589,0.09862028669367,55.79949949867528,19.69839871357226,-2.3013797133063303,15.258122056742849,1.0,Draft Kings,4.5,56.5,0.0,0.0,170.0,-205.0,0.355270821199767,0.25,0.0,0.0,0.0,0.0,0.0,0.0,0.0,6.822916666666667,7.0,-0.177083333333333,,,,0.0,0.0,0.0,4.5,56.5,170.0,-205.0,0.0,0.0,0.0,0.0,0.7975,0.6777462385946309,1.5559835502821189,PASS,,,,0.0,,,0.0,,,,
2026-09-29T05:03:20.906632+00:00,401856710,2026,5,2026-10-03T19:30:00.000Z,Auburn,Tennessee,23,31,22.526839832845525,31.021884658915543,8.495044826070021,53.54872449176107,-8.495044826070021,53.54872449176107,Tennessee,0.6976574371938684,70,0.7253960034346244,0.7253960034346244,Draft Kings,True,230.0,-285.0,Tennessee,-285.0,BET,-4.260230306587188,-0.0200790830795424,-264,0.7095435684647302,Tennessee,1.5852434969894191,-0.0200790830795424,-7.0,Tennessee,-7.0,,1.495044826070021,0.5383179799655279,53.5,O,54,,0.0487244917610709,0.5012419618941483,6.231968182857326,52.57403030816549,78.07701183572908,3.8319681828573264,14.93423056931324,1.0,Draft Kings,-7.0,53.5,0.0,0.0,-285.0,230.0,0.7095435684647302,0.25,0.0,0.0,0.0,0.0,0.0,0.0,0.0,7.145833333333333,6.96875,0.177083333333333,,,,0.0,0.0,0.0,-7.0,53.5,-285.0,230.0,0.0,0.0,0.0,0.0,0.7975,0.6826525198552573,1.495044826070021,PASS,,,,0.0,,,0.0,,,,
2026-09-29T05:03:20.906632+00:00,401858247,2026,5,2026-10-03T19:30:00.000Z,California,UNLV,22,26,21.65604044136588,26.310194837152128,4.654154395786252,47.966235278518006,-4.654154395786252,47.966235278518006,UNLV,0.6116480327149539,61,0.6435297434338073,0.6435297434338073,Draft Kings,True,114.0,-135.0,UNLV,-135.0,BET,3.71799476085709,0.1202184422736645,-181,0.551441114716549,UNLV,9.208862871725833,0.1202184422736645,-2.5,UNLV,-2.5,LEAN,2.154154395786252,0.5551195679063907,53.5,U,48,BET,5.533764721481994,0.6381684650509596,8.765867945754412,50.53128672494556,92.93929149787346,6.365867945754415,17.477896037431645,1.0,Draft Kings,-2.5,53.5,0.0,0.0,-135.0,114.0,0.551441114716549,0.25,0.0,0.0,0.0,0.0,0.0,0.0,0.0,7.145833333333333,7.708333333333333,-0.5625,,,,0.0,0.0,0.0,-2.5,53.5,-135.0,114.0,0.0,0.0,0.0,0.0,0.7975,0.6441212873163219,5.533764721481994,BET,total,U,53.5,0.2183216150972864,0.6381684650509596,5.533764721481994,0.81,,,,
2026-09-29T05:03:20.906632+00:00,401858248,2026,5,2026-10-03T19:30:00.000Z,Louisville,NC State,28,28,28.454859620633176,28.322099006868594,-0.1327606137645789,56.77695862750177,0.1327606137645789,56.77695862750177,Louisville,0.5032274981258885,50,0.5290389896707751,0.4709610103292249,Draft Kings,True,-225.0,185.0,Louisville,-225.0,STRONG,-18.908019418180377,-0.3197229850800085,112,0.6636481241914618,NC State,19.268711386223696,0.5077611205617091,5.5,NC State,5.5,BET,5.367239386235421,0.6350841410005307,58.5,U,57,,1.72304137249823,0.5438309425842932,-1.656727278410667,59.554170070814735,-36.74658446161766,-4.056727278410666,13.39522734614848,1.0,Draft Kings,5.5,58.5,0.0,0.0,185.0,-225.0,0.3363518758085381,0.25,0.0,0.0,0.0,0.0,0.0,0.0,0.0,6.833333333333333,7.145833333333333,-0.3125,,,,0.0,0.0,0.0,5.5,58.5,185.0,-225.0,0.0,0.0,0.0,0.0,0.7975,0.7059652124294885,5.367239386235421,LEAN,moneyline,NC State,185.0,0.5077611205617091,0.5290389896707751,19.268711386223696,0.16,,,,
2026-09-29T05:03:20.906632+00:00,401858253,2026,5,2026-10-03T19:30:00.000Z,Virginia,Florida State,27,26,27.347819600985552,25.621508405794195,-1.7263111951913608,52.96932800677975,1.7263111951913608,52.96932800677975,Virginia,0.541890941645152,54,0.4895890552342554,0.5104109447657446,Draft Kings,True,-148.0,124.0,Virginia,-148.0,BET,-5.4883251903235175,-0.144716795257401,-104,0.5720596355604638,Florida State,6.16486907947193,0.0966794837247322,2.5,Florida State,2.5,,0.7736888048086392,0.5198520223824165,51.5,O,53,,1.4693280067797474,0.537397524483793,-2.9342684539595503,51.13055495545021,-92.88986704721152,-5.334268453959551,17.35111829901126,1.0,Draft Kings,2.5,51.5,0.0,0.0,124.0,-148.0,0.4279403644395361,0.25,0.0,0.0,0.0,0.0,0.0,0.0,0.0,14.0,6.895833333333333,7.104166666666667,,,,0.0,0.0,0.0,2.5,51.5,124.0,-148.0,0.0,0.0,0.0,0.0,0.7975,0.6460417059331024,1.4693280067797474,PASS,,,,0.0,,,0.0,,,,
2026-09-29T05:03:20.906632+00:00,401858473,2026,5,2026-10-03T19:30:00.000Z,Ohio State,Iowa,27,20,26.60418515197811,19.698809616597675,-6.905375535380437,46.302994768575786,6.905375535380437,46.302994768575786,Ohio State,0.6630504918847046,66,0.3647175939903114,0.6352824060096887,Draft Kings,True,-575.0,425.0,Ohio State,-575.0,STRONG,-18.88013599671473,-0.2542336972929742,-174,0.817258883248731,Iowa,18.19764772390424,0.9147673684491348,14.0,Iowa,14.0,STRONG,7.094624464619563,0.6759833896981156,45.5,O,46,,0.8029947685757861,0.5204589751516868,-6.317539587612021,45.55515579801556,-61.903651346494144,-8.717539587612022,17.80138976701135,1.0,Draft Kings,14.0,45.5,0.0,0.0,425.0,-575.0,0.182741116751269,0.25,0.0,0.0,0.0,0.0,0.0,0.0,0.0,7.0,7.145833333333333,-0.145833333333333,,,,0.0,0.0,0.0,14.0,45.5,425.0,-575.0,0.0,0.0,0.0,0.0,0.7975,0.6392210312584594,7.094624464619563,STRONG,spread,Iowa,14.0,0.2905137439691296,0.6759833896981156,7.094624464619563,0.8,,,,
2026-09-29T05:03:20.906632+00:00,401862787,2026,5,2026-10-03T19:30:00.000Z,Memphis,Charlotte,33,16,33.12708426726154,16.476708536506997,-16.65037573075454,49.603792803768535,16.65037573075454,49.603792803768535,Memphis,0.8448632048713438,84,0.179347838597545,0.820652161402455,Draft Kings,True,-1450.0,850.0,Memphis,-1450.0,STRONG,-9.062066609639809,-0.1227511378111687,-458,0.8988580750407831,Charlotte,7.820591363832806,0.7038044666766777,20.5,Charlotte,20.5,LEAN,3.84962426924546,0.597816749063156,54.5,U,50,BET,4.896207196231465,0.6227959051533078,-11.941380006771148,50.73916646206148,-213.60836305385124,-14.341380006771152,14.66862715349701,1.0,Draft Kings,20.5,54.5,0.0,0.0,850.0,-1450.0,0.1011419249592169,0.25,0.0,0.0,0.0,0.0,0.0,0.0,0.0,6.875,20.89583333333333,-14.020833333333332,,,,0.0,0.0,0.0,20.5,54.5,850.0,-1450.0,0.0,0.0,0.0,0.0,0.7975,0.6866758582644235,4.896207196231465,BET,total,U,54.5,0.188974000747224,0.6227959051533078,4.896207196231465,0.86,,,,
2026-09-29T05:03:20.906632+00:00,401864515,2026,5,2026-10-03T19:30:00.000Z,Wyoming,North Dakota State,17,31,17.445011623014977,31.23176837633773,13.78675675332275,48.6767799993527,-13.78675675332275,48.6767799993527,North Dakota State,0.7995860664198757,80,0.8169545015000119,0.8169545015000119,Draft Kings,True,750.0,-1200.0,North Dakota State,-1200.0,STRONG,-12.34908566570474,-0.1149659567083204,-446,0.8869565217391304,Wyoming,7.000202023911853,0.5558867372498988,-18.5,Wyoming,18.5,BET,4.71324324667725,0.619157450029661,45.5,O,49,LEAN,3.1767799993527035,0.5804220157462994,12.085068082543792,44.708641500341805,130.1099555447379,9.685068082543795,14.60655055445303,1.0,Draft Kings,-18.5,45.5,0.0,0.0,-1200.0,750.0,0.8869565217391304,0.25,0.0,0.0,0.0,0.0,0.0,0.0,0.0,13.708333333333334,7.020833333333333,6.687500000000001,,,,0.0,0.0,0.0,-18.5,45.5,-1200.0,750.0,0.0,0.0,0.0,0.0,0.7975,0.6876161894136917,4.71324324667725,BET,spread,Wyoming,18.5,0.1820278591475347,0.619157450029661,4.71324324667725,0.86,,,,
2026-09-29T05:03:20.906632+00:00,401866430,2026,5,2026-10-03T19:30:00.000Z,Akron,Central Michigan,20,30,20.3858526808148,29.83733175988208,9.451479079067278,50.22318444069688,-9.451479079067278,50.22318444069688,Central Michigan,0.7176783856163303,72,0.7438697338569894,0.7438697338569894,Draft Kings,True,195.0,-238.0,Central Michigan,-238.0,,1.353637378201078,0.0564200422002622,-290,0.6750312469954812,Central Michigan,6.8838486861508175,0.0564200422002622,-6.5,Central Michigan,-6.5,LEAN,2.951479079067278,0.5753101044493869,46.5,O,50,LEAN,3.723184440696876,0.5940146600215548,6.545483025869114,49.466756374435406,67.3369627536008,4.145483025869115,22.49536725186394,1.0,Draft Kings,-6.5,46.5,0.0,0.0,-238.0,195.0,0.6750312469954812,0.25,0.0,0.0,0.0,0.0,0.0,0.0,0.0,6.875,7.145833333333333,-0.270833333333333,,,,0.0,0.0,0.0,-6.5,46.5,-238.0,195.0,0.0,0.0,0.0,0.0,0.7975,0.5681170514827028,3.723184440696876,LEAN,total,O,46.5,0.1340279873138773,0.5940146600215548,3.723184440696876,0.61,,,,
2026-09-29T05:03:20.906632+00:00,401866433,2026,5,2026-10-03T19:30:00.000Z,Eastern Michigan,Massachusetts,24,31,23.50380063087202,30.732352122638424,7.2285514917664,54.236152753510446,-7.2285514917664,54.236152753510446,Massachusetts,0.6702113132997162,67,0.6996991507890393,0.6996991507890393,Draft Kings,True,180.0,-218.0,Massachusetts,-218.0,,-1.532327789525234,0.0206620639950206,-233,0.6574752261956054,Massachusetts,4.222392459343394,0.0206620639950206,-6.0,Massachusetts,-6.0,,1.2285514917664004,0.5315035169521226,48.5,O,54,BET,5.736152753510446,0.6430034642220146,3.1485108225066014,53.83509764006634,-44.13873602092508,0.7485108225066028,19.79097085689323,1.0,Draft Kings,-6.0,48.5,0.0,0.0,-218.0,180.0,0.6574752261956054,0.25,0.0,0.0,0.0,0.0,0.0,0.0,0.0,6.770833333333333,14.125,-7.354166666666667,,,,0.0,0.0,0.0,-6.0,48.5,-218.0,180.0,0.0,0.0,0.0,0.0,0.7975,0.6090830227073528,5.736152753510446,BET,total,O,48.5,0.2275520680602096,0.6430034642220146,5.736152753510446,0.76,,,,
2026-09-29T05:03:20.906632+00:00,401866434,2026,5,2026-10-03T19:30:00.000Z,Ohio,Kent State,34,22,33.58164245523182,21.9489656854323,-11.632676769799527,55.53060814066412,11.632676769799527,55.53060814066412,Ohio,0.7607996937586337,76,0.2643523103347296,0.7356476896652704,Draft Kings,True,-162.0,136.0,Ohio,-162.0,STRONG,14.247908307161072,0.1897512018043261,-278,0.593369754159424,Ohio,14.227793550584645,0.1897512018043261,3.0,Ohio,-3.0,STRONG,8.632676769799527,0.7107101528700784,50.5,O,56,BET,5.030608140664121,0.6260537061174625,-10.024475842517065,56.95963738487795,-145.8758629423112,-12.424475842517062,20.55127528341332,1.0,Draft Kings,3.0,50.5,0.0,0.0,136.0,-162.0,0.4066302458405761,0.25,0.0,0.0,0.0,0.0,0.0,0.0,0.0,7.145833333333333,13.854166666666666,-6.708333333333333,,,,0.0,0.0,0.0,3.0,50.5,136.0,-162.0,0.0,0.0,0.0,0.0,0.7975,0.5975659946131288,8.632676769799527,STRONG,spread,Ohio,-3.0,0.356810291842877,0.7107101528700784,8.632676769799527,0.75,,,,
2026-09-29T05:03:20.906632+00:00,401866477,2026,5,2026-10-03T19:30:00.000Z,Bowling Green,Miami (OH),23,27,23.10250160899757,26.520800465965927,3.418298856968347,49.62330207496351,-3.418298856968347,49.62330207496351,Miami (OH),0.5825049145357296,58,0.6149651941849735,0.6149651941849735,Draft Kings,True,410.0,-550.0,Miami (OH),-550.0,STRONG,-26.36489316181165,-0.2732229523268494,-160,0.8118668596237336,Bowling Green,19.69016654387602,0.9636775096566348,-13.5,Bowling Green,13.5,STRONG,10.081701143031651,0.7417327142743554,42.5,O,50,BET,7.1233020749635045,0.675491194737115,9.403334490219953,49.20229706759147,91.487560502723,7.003334490219958,19.987408021763645,1.0,Draft Kings,-13.5,42.5,0.0,0.0,-550.0,410.0,0.8118668596237336,0.25,0.0,0.0,0.0,0.0,0.0,0.0,0.0,7.0,6.9375,0.0625,,,,0.0,0.0,0.0,-13.5,42.5,-550.0,410.0,0.0,0.0,0.0,0.0,0.7975,0.6043742205199012,10.081701143031651,STRONG,spread,Bowling Green,13.5,0.4160351817964967,0.7417327142743554,10.081701143031651,0.76,,,,
2026-09-29T05:03:20.906632+00:00,401869956,2026,5,2026-10-03T19:30:00.000Z,Old Dominion,Georgia State,29,22,29.236973548402005,22.123118719225232,-7.113854829176776,51.36009226762724,7.113854829176776,51.36009226762724,Old Dominion,0.6676768688559662,67,0.3599436668670149,0.640056333132985,Draft Kings,True,-102.0,-118.0,Old Dominion,-102.0,STRONG,16.272637380646128,0.2675625420868919,-178,0.4826358742837298,Old Dominion,15.742045884925526,0.2675625420868919,-1.5,Old Dominion,1.5,STRONG,8.613854829176777,0.7102959335572212,50.5,O,51,,0.8600922676272376,0.5219123095313201,-1.4381734926192635,54.89243411135307,-93.77261182649067,-3.838173492619264,16.23634377676519,1.0,Draft Kings,-1.5,50.5,0.0,0.0,-118.0,-102.0,0.5173641257162701,0.25,0.0,0.0,0.0,0.0,0.0,0.0,0.0,7.0625,6.895833333333333,0.1666666666666669,,,,0.0,0.0,0.0,-1.5,50.5,-118.0,-102.0,0.0,0.0,0.0,0.0,0.7975,0.6629282174982091,8.613854829176777,STRONG,spread,Old Dominion,1.5,0.3560195095183314,0.7102959335572212,8.613854829176777,0.83,,,,
2026-09-29T05:03:20.906632+00:00,401869962,2026,5,2026-10-03T19:45:00.000Z,Marshall,James Madison,17,34,17.167949031822832,34.332586782931244,17.164637751108415,51.50053581475408,-17.164637751108415,51.50053581475408,James Madison,0.85221635729442,85,0.8618367689150864,0.8618367689150864,Draft Kings,True,650.0,-1000.0,James Madison,-1000.0,BET,-5.687455179648904,-0.0519795541934049,-624,0.8720930232558138,Marshall,1.0256254340727522,0.0362242331368517,-18.5,Marshall,18.5,,1.3353622488915846,0.5342359811384038,55.5,U,52,LEAN,3.99946418524592,0.6008457261805882,16.904272520645137,54.47465855555829,135.40044381576172,14.504272520645138,15.421518798118807,1.0,Draft Kings,-18.5,55.5,0.0,0.0,-1000.0,650.0,0.8720930232558138,0.25,0.0,0.0,0.0,0.0,0.0,0.0,0.0,6.90625,13.885416666666666,-6.979166666666666,,,,0.0,0.0,0.0,-18.5,55.5,-1000.0,650.0,0.0,0.0,0.0,0.0,0.7975,0.6752711183726628,3.99946418524592,LEAN,total,U,55.5,0.1470691136174865,0.6008457261805882,3.99946418524592,0.79,,,,
2026-09-29T05:03:20.906632+00:00,401858475,2026,5,2026-10-03T20:00:00.000Z,Maryland,Nebraska,19,38,18.83797414543589,38.34980272649919,19.511828581063305,57.187776871935085,-19.511828581063305,57.187776871935085,Nebraska,0.8827842260409055,88,0.8872806159065294,0.8872806159065294,Draft Kings,True,490.0,-675.0,Nebraska,-675.0,,1.1816484105421576,0.01872959604083,-787,0.8370993168681029,Nebraska,5.01812990384265,0.01872959604083,-14.5,Nebraska,-14.5,BET,5.011828581063305,0.62645578117727,52.5,O,57,BET,4.687776871935085,0.6177264208733384,16.88235604562223,55.89849462808074,116.91181132082556,14.482356045622227,21.751255520876224,1.0,Draft Kings,-14.5,52.5,0.0,0.0,-675.0,490.0,0.8370993168681029,0.25,0.0,0.0,0.0,0.0,0.0,0.0,0.0,6.958333333333333,7.104166666666667,-0.1458333333333339,,,,0.0,0.0,0.0,-14.5,52.5,-675.0,490.0,0.0,0.0,0.0,0.0,0.7975,0.5793887939743937,5.011828581063305,STRONG,spread,Nebraska,-14.5,0.1959610367929699,0.62645578117727,5.011828581063305,0.72,,,,
2026-09-29T05:03:20.906632+00:00,401864514,2026,5,2026-10-03T20:00:00.000Z,UTEP,New Mexico,14,37,13.996738984551028,37.30183282637609,23.305093841825062,51.29857181092712,-23.305093841825062,51.29857181092712,New Mexico,0.9222218259468418,92,0.9197688094770872,0.9197688094770872,Draft Kings,True,1100.0,-2100.0,New Mexico,-2100.0,BET,-3.232362859861282,-0.0364326757859088,-1146,0.9197080291970804,New Mexico,0.0060780280006667,-0.0364326757859088,-22.5,New Mexico,-22.5,,0.8050938418250659,0.5206571353432591,48.5,O,51,LEAN,2.798571810927122,0.5709559458935376,20.95987345014652,53.19147044702383,183.6895123817992,18.55987345014652,16.480214353080534,1.0,Draft Kings,-22.5,48.5,0.0,0.0,-2100.0,1100.0,0.9197080291970804,0.25,0.0,0.0,0.0,0.0,0.0,0.0,0.0,7.020833333333333,6.791666666666667,0.229166666666666,,,,0.0,0.0,0.0,-22.5,48.5,-2100.0,1100.0,0.0,0.0,0.0,0.0,0.7975,0.6592340863307322,2.798571810927122,LEAN,total,O,48.5,0.0900068057967535,0.5709559458935376,2.798571810927122,0.47,,,,
2026-09-29T05:03:20.906632+00:00,401856709,2026,5,2026-10-03T20:15:00.000Z,Kentucky,South Carolina,24,31,23.692600243880754,31.288289251973268,7.595689008092516,54.98088949585402,-7.595689008092516,54.98088949585402,South Carolina,0.6782710558573314,68,0.7072888004854927,0.7072888004854927,Draft Kings,True,120.0,-142.0,South Carolina,-142.0,STRONG,9.14941963531991,0.205379505052741,-242,0.5634920634920635,South Carolina,14.37967369934292,0.205379505052741,-2.5,South Carolina,-2.5,BET,5.095689008092516,0.628497580109034,53.5,O,55,,1.4808894958540222,0.5376909153143052,4.969104487152304,53.40412071811144,-19.22254897221228,2.5691044871523068,25.490348309291942,1.0,Draft Kings,-2.5,53.5,0.0,0.0,-142.0,120.0,0.5634920634920635,0.25,0.0,0.0,0.0,0.0,0.0,0.0,0.0,6.885416666666667,7.145833333333333,-0.2604166666666661,,,,0.0,0.0,0.0,-2.5,53.5,-142.0,120.0,0.0,0.0,0.0,0.0,0.7975,0.5227493280065381,5.095689008092516,STRONG,moneyline,South Carolina,-142.0,0.205379505052741,0.7072888004854927,14.37967369934292,0.12,,,,
2026-09-29T05:03:20.906632+00:00,401858472,2026,5,2026-10-03T20:15:00.000Z,Purdue,Illinois,23,36,22.80534315279122,36.10269221310216,13.297349060310935,58.908035365893376,-13.297349060310935,58.908035365893376,Illinois,0.7911218207970042,79,0.8095892614092197,0.8095892614092197,Draft Kings,True,295.0,-375.0,Illinois,-375.0,,0.1648136586477888,0.0254797311183449,-425,0.7571884984025559,Illinois,5.240076300666385,0.0254797311183449,-10.0,Illinois,-10.0,LEAN,3.2973490603109354,0.5840106374461642,61.5,U,59,LEAN,2.591964634106624,0.5657671766144778,12.49822211441344,60.14721035026868,175.33395120074806,10.098222114413442,16.348359154350444,1.0,Draft Kings,-10.0,61.5,0.0,0.0,-375.0,295.0,0.7571884984025559,0.25,0.0,0.0,0.0,0.0,0.0,0.0,0.0,7.177083333333333,7.09375,0.083333333333333,,,,0.0,0.0,0.0,-10.0,61.5,-375.0,295.0,0.0,0.0,0.0,0.0,0.7975,0.6612314178931624,3.2973490603109354,BET,spread,Illinois,-10.0,0.1149293987608589,0.5840106374461642,3.2973490603109354,0.61,,,,
2026-09-29T05:03:20.906632+00:00,401860899,2026,5,2026-10-03T22:00:00.000Z,Oregon State,Colorado State,27,30,26.97057430362003,30.329359175779626,3.358784872159597,57.299933479399655,-3.358784872159597,57.299933479399655,Colorado State,0.5810885947810317,58,0.6135676038450617,0.6135676038450617,Draft Kings,True,-230.0,190.0,Colorado State,190.0,STRONG,23.626100857413512,0.7793460511506789,-159,0.3309929789368104,Colorado State,28.257462490825127,0.7793460511506789,6.0,Colorado State,6.0,STRONG,9.358784872159598,0.726473236954939,60.5,U,57,LEAN,3.2000665206003447,0.5810033882326382,0.9004549229835206,55.29910503271504,-0.0323585863511652,-1.4995450770164744,15.43800263352118,1.0,Draft Kings,6.0,60.5,0.0,0.0,190.0,-230.0,0.3309929789368104,0.25,0.0,0.0,0.0,0.0,0.0,0.0,0.0,7.25,6.875,0.375,,,,0.0,0.0,0.0,6.0,60.5,190.0,-230.0,0.0,0.0,0.0,0.0,0.7975,0.6750214226076408,9.358784872159598,STRONG,moneyline,Colorado State,190.0,0.7793460511506789,0.6135676038450617,28.257462490825127,0.22,,,,
2026-09-29T05:03:20.906632+00:00,401856711,2026,5,2026-10-03T23:00:00.000Z,Arkansas,Texas A&M,21,34,21.418277547789263,34.15170893994905,12.73343139215979,55.56998648773832,-12.73343139215979,55.56998648773832,Texas A&M,0.7811123989004038,78,0.8008242159508953,0.8008242159508953,Draft Kings,True,455.0,-625.0,Texas A&M,-625.0,STRONG,-8.095656661683748,-0.0710439094969614,-402,0.827123695976155,Arkansas,2.6299480025259725,0.1054256014725313,-14.0,Arkansas,14.0,,1.2665686078402096,0.532476258837118,51.5,O,56,LEAN,4.069986487738319,0.602584556322609,9.985038823473566,56.96014140863228,131.16788910302444,7.585038823473562,23.38551176957481,1.0,Draft Kings,-14.0,51.5,0.0,0.0,-625.0,455.0,0.827123695976155,0.25,0.0,0.0,0.0,0.0,0.0,0.0,0.0,6.979166666666667,6.958333333333333,0.0208333333333339,,,,0.0,0.0,0.0,-14.0,51.5,-625.0,455.0,0.0,0.0,0.0,0.0,0.7975,0.5546332165071283,4.069986487738319,BET,total,O,51.5,0.1503886984340716,0.602584556322609,4.069986487738319,0.67,,,,
2026-09-29T05:03:20.906632+00:00,401856818,2026,5,2026-10-03T23:00:00.000Z,BYU,TCU,26,24,26.21044230029938,24.1235068867275,-2.0869354135718794,50.33394918702688,2.0869354135718794,50.33394918702688,BYU,0.5505989012924416,55,0.4806618446833725,0.5193381553166275,Draft Kings,True,-250.0,205.0,BYU,-250.0,STRONG,-16.36868129932727,-0.2729265825567214,-108,0.6853932584269663,TCU,16.605510311033882,0.4660186262842859,6.5,TCU,6.5,BET,4.413064586428121,0.6117771894780424,48.5,O,50,,1.8339491870268816,0.5466397308539485,-1.794844028097927,48.744623469466426,-86.67468125545315,-4.1948440280979264,13.781918705093087,1.0,Draft Kings,6.5,48.5,0.0,0.0,205.0,-250.0,0.3146067415730336,0.25,0.0,0.0,0.0,0.0,0.0,0.0,0.0,7.145833333333333,13.979166666666666,-6.833333333333333,,,,0.0,0.0,0.0,6.5,48.5,205.0,-250.0,0.0,0.0,0.0,0.0,0.7975,0.7001076439484754,4.413064586428121,BET,spread,TCU,6.5,0.1679382708217173,0.6117771894780424,4.413064586428121,0.88,,,,
2026-09-29T05:03:20.906632+00:00,401862788,2026,5,2026-10-03T23:00:00.000Z,UTSA,Rice,33,23,33.34047982542086,23.3529609781188,-9.98751884730206,56.69344080353966,9.98751884730206,56.69344080353966,UTSA,0.728613133584553,73,0.2972521924014618,0.7027478075985383,Draft Kings,True,-440.0,340.0,UTSA,-440.0,STRONG,-8.620168123026172,-0.1375367815836121,-236,0.7819063004846527,Rice,7.915849288611443,0.3079096465664317,11.5,Rice,11.5,,1.512481152697939,0.5387634718648524,54.5,O,57,,2.193440803539658,0.555727273883265,-10.566866514641276,60.38343380528774,-141.4346196341371,-12.966866514641278,17.547703765833205,1.0,Draft Kings,11.5,54.5,0.0,0.0,340.0,-440.0,0.2180936995153473,0.25,0.0,0.0,0.0,0.0,0.0,0.0,0.0,6.875,7.291666666666667,-0.4166666666666669,,,,0.0,0.0,0.0,11.5,54.5,340.0,-440.0,0.0,0.0,0.0,0.0,0.7975,0.6430638456638059,2.193440803539658,PASS,,,,0.0,,,0.0,,,,
2026-09-29T05:03:20.906632+00:00,401869942,2026,5,2026-10-03T23:00:00.000Z,Georgia Southern,Coastal Carolina,27,28,27.24196864323388,27.608527518721413,0.3665588754875344,54.85049616195529,-0.3665588754875344,54.85049616195529,Coastal Carolina,0.508910644332613,51,0.5413489312110797,0.5413489312110797,Draft Kings,True,-135.0,114.0,Coastal Carolina,114.0,BET,4.162092470644479,0.1584867127917105,-118,0.448558885283451,Coastal Carolina,9.279004592762874,0.1584867127917105,2.5,Coastal Carolina,2.5,LEAN,2.8665588754875344,0.5731680996700672,54.5,O,55,,0.3504961619552915,0.5089332322064539,-0.6724277697792154,54.98845829550034,-36.04689759093708,-3.0724277697792086,12.031185352099316,1.0,Draft Kings,2.5,54.5,0.0,0.0,114.0,-135.0,0.448558885283451,0.25,0.0,0.0,0.0,0.0,0.0,0.0,0.0,8.979166666666666,7.125,1.854166666666666,,,,0.0,0.0,0.0,2.5,54.5,114.0,-135.0,0.0,0.0,0.0,0.0,0.7975,0.726627606885179,2.8665588754875344,BET,moneyline,Coastal Carolina,114.0,0.1584867127917105,0.5413489312110797,9.279004592762874,0.08,,,,
2026-09-29T05:03:20.906632+00:00,401871089,2026,5,2026-10-03T23:00:00.000Z,UL Monroe,South Alabama,19,38,18.81836337833592,38.251417257399424,19.43305387906351,57.06978063573534,-19.43305387906351,57.06978063573534,South Alabama,0.8818370508074798,88,0.8864974093976342,0.8864974093976342,Draft Kings,True,440.0,-600.0,South Alabama,-600.0,LEAN,2.4694193664622666,0.0342469776305732,-781,0.8223350253807106,South Alabama,6.416238401692365,0.0342469776305732,-14.0,South Alabama,-14.0,BET,5.433053879063511,0.6366745989011628,56.5,O,57,,0.5697806357353414,0.5145202274494366,12.689666300138306,57.49494229172067,109.59921386586348,10.289666300138304,14.71093445510769,1.0,Draft Kings,-14.0,56.5,0.0,0.0,-600.0,440.0,0.8223350253807106,0.25,0.0,0.0,0.0,0.0,0.0,0.0,0.0,7.260416666666667,6.958333333333333,0.3020833333333339,,,,0.0,0.0,0.0,-14.0,56.5,-600.0,440.0,0.0,0.0,0.0,0.0,0.7975,0.6860349907852333,5.433053879063511,STRONG,spread,South Alabama,-14.0,0.2154696888113109,0.6366745989011628,5.433053879063511,0.86,,,,
2026-09-29T05:03:20.906632+00:00,401856821,2026,5,2026-10-03T23:30:00.000Z,Texas Tech,Colorado,33,16,32.841089032770626,16.135581016273555,-16.70550801649707,48.97667004904418,16.70550801649707,48.97667004904418,Texas Tech,0.8456628756246767,85,0.1785450209339578,0.8214549790660421,Draft Kings,True,-550.0,410.0,Texas Tech,-550.0,,-0.0490970529169465,-0.0291895701946774,-460,0.8118668596237336,Texas Tech,0.9588119442308528,-0.0291895701946774,13.5,Texas Tech,-13.5,LEAN,3.2055080164970704,0.5817041571661237,50.5,U,49,,1.5233299509558194,0.5387677310996781,-14.216000132001785,50.05273855294435,-187.1693405685719,-16.616000132001787,14.85353606277294,1.0,Draft Kings,13.5,50.5,0.0,0.0,410.0,-550.0,0.1881331403762662,0.25,0.0,0.0,0.0,0.0,0.0,0.0,0.0,7.3125,7.3125,0.0,,,,0.0,0.0,0.0,13.5,50.5,410.0,-550.0,0.0,0.0,0.0,0.0,0.7975,0.6838748735157875,3.2055080164970704,BET,spread,Texas Tech,-13.5,0.110526118226236,0.5817041571661237,3.2055080164970704,0.6,,,,
2026-09-29T05:03:20.906632+00:00,401858249,2026,5,2026-10-03T23:30:00.000Z,Miami,Clemson,31,17,30.85267397153233,16.80400367863021,-14.048670292902113,47.656677650162536,14.048670292902113,47.656677650162536,Miami,0.8040299333982539,80,0.2204720781134333,0.7795279218865667,Draft Kings,True,-800.0,550.0,Miami,-800.0,STRONG,-8.485895549063493,-0.1230310878776124,-354,0.8524590163934427,Clemson,7.293109450687591,0.4330685077373164,16.5,Clemson,16.5,LEAN,2.4513297070978872,0.5626645269245675,48.5,U,48,,0.8433223498374645,0.5214854848474896,-11.487345233953594,47.11781846434502,-83.05865693843771,-13.887345233953594,18.63265232090964,1.0,Draft Kings,16.5,48.5,0.0,0.0,550.0,-800.0,0.1475409836065574,0.25,0.0,0.0,0.0,0.0,0.0,0.0,0.0,7.875,7.041666666666667,0.833333333333333,,,,0.0,0.0,0.0,16.5,48.5,550.0,-800.0,0.0,0.0,0.0,0.0,0.7975,0.6266291353638875,2.4513297070978872,LEAN,spread,Clemson,16.5,0.0741777332196288,0.5626645269245675,2.4513297070978872,0.37,,,,
2026-09-29T05:03:20.906632+00:00,401858478,2026,5,2026-10-03T23:30:00.000Z,Washington,USC,25,31,24.879041313134,30.592661565982272,5.7136202528482745,55.47170287911627,-5.7136202528482745,55.47170287911627,USC,0.6361471865859122,64,0.6672383781071911,0.6672383781071911,Draft Kings,True,295.0,-375.0,USC,-375.0,STRONG,-15.332649762461417,-0.1548313877308912,-201,0.7571884984025559,Washington,8.995012029536479,0.3144084064765952,-9.5,Washington,9.5,LEAN,3.7863797471517255,0.5962415506059272,57.5,U,55,,2.028297120883728,0.5515559703154611,4.449756986029033,56.02796727969627,24.251092044442657,2.049756986029037,14.685906838337337,1.0,Draft Kings,-9.5,57.5,0.0,0.0,-375.0,295.0,0.7571884984025559,0.25,0.0,0.0,0.0,0.0,0.0,0.0,0.0,7.0,6.854166666666667,0.145833333333333,,,,0.0,0.0,0.0,-9.5,57.5,-375.0,295.0,0.0,0.0,0.0,0.0,0.7975,0.686414107038436,3.7863797471517255,BET,spread,Washington,9.5,0.1382793238840428,0.5962415506059272,3.7863797471517255,0.76,,,,
2026-09-29T05:03:20.906632+00:00,401860898,2026,5,2026-10-03T23:30:00.000Z,Utah State,Boise State,17,32,17.37255850133236,32.36195094557503,14.989392444242675,49.7345094469074,-14.989392444242675,49.7345094469074,Boise State,0.8194918816828943,82,0.8341101904978082,0.8341101904978082,Draft Kings,True,900.0,-1600.0,Boise State,-1600.0,STRONG,-12.168458890534096,-0.1137579225960787,-503,0.9039548022598868,Utah State,6.984461176207879,0.658898095021918,-19.5,Utah State,19.5,BET,4.510607555757325,0.6141799773100008,51.5,U,50,,1.7654905530926044,0.5449062529258325,9.925735689808064,50.6287157167684,127.8821216846734,7.525735689808061,17.248874377941718,1.0,Draft Kings,-19.5,51.5,0.0,0.0,-1600.0,900.0,0.9039548022598868,0.25,0.0,0.0,0.0,0.0,0.0,0.0,0.0,7.166666666666667,7.0,0.1666666666666669,,,,0.0,0.0,0.0,-19.5,51.5,-1600.0,900.0,0.0,0.0,0.0,0.0,0.7975,0.6475904883291371,4.510607555757325,BET,spread,Utah State,19.5,0.1725254112281834,0.6141799773100008,4.510607555757325,0.81,,,,
2026-09-29T05:03:20.906632+00:00,401862792,2026,5,2026-10-03T23:30:00.000Z,Temple,South Florida,18,34,18.364636993831745,34.20116009125399,15.836523097422246,52.56579708508573,-15.836523097422246,52.56579708508573,South Florida,0.8327409182766734,83,0.8454041849917563,0.8454041849917563,Draft Kings,True,195.0,-238.0,South Florida,-238.0,STRONG,12.859890644235383,0.2006160274252673,-547,0.6750312469954812,South Florida,17.037293799627506,0.2006160274252673,-6.0,South Florida,-6.0,STRONG,9.836523097422246,0.7366073078168124,49.5,O,53,LEAN,3.065797085085734,0.5776488191834313,12.09580255734491,54.38914910414081,176.2925111185698,9.695802557344912,11.491310256272062,1.0,Draft Kings,-6.0,49.5,0.0,0.0,-238.0,195.0,0.6750312469954812,0.25,0.0,0.0,0.0,0.0,0.0,0.0,0.0,7.104166666666667,8.145833333333334,-1.041666666666667,,,,0.0,0.0,0.0,-6.0,50.5,-238.0,195.0,0.0,-1.0,0.0,0.0,0.7975,0.7348055898471789,9.836523097422246,STRONG,spread,South Florida,-6.0,0.4062503149230054,0.7366073078168124,9.836523097422246,0.92,,,,
2026-09-29T05:03:20.906632+00:00,401869842,2026,5,2026-10-03T23:30:00.000Z,Army,Louisiana Tech,25,22,24.808171824929573,21.715033007051325,-3.093138817878246,46.5232048319809,3.093138817878246,46.5232048319809,Army,0.574754150996545,57,0.4558364073928374,0.5441635926071626,Draft Kings,True,-130.0,110.0,Army,-130.0,,0.953675969219725,-0.0372490284642507,-119,0.5427435387673957,Army,0.1420053839766955,-0.0372490284642507,2.5,Army,-2.5,,0.5931388178782466,0.515221895111,46.5,O,47,,0.0232048319808981,0.5005914798088572,-2.8684215839563443,46.64965712594704,-82.2115301603003,-5.268421583956343,12.865466734543237,1.0,Draft Kings,2.5,46.5,0.0,0.0,110.0,-130.0,0.4572564612326044,0.25,0.0,0.0,0.0,0.0,0.0,0.0,0.0,14.145833333333334,8.145833333333334,6.0,,,,0.0,0.0,0.0,2.5,46.5,110.0,-130.0,0.0,0.0,0.0,0.0,0.7975,0.713989982027367,0.5931388178782466,PASS,,,,0.0,,,0.0,,,,
2026-09-29T05:03:20.906632+00:00,401858477,2026,5,2026-10-04T00:00:00.000Z,Indiana,Rutgers,39,16,39.31623599600773,16.02732172469481,-23.28891427131292,55.34355772070254,23.28891427131292,55.34355772070254,Indiana,0.922078241288177,92,0.1016780555317437,0.8983219444682563,Draft Kings,True,-2400.0,1200.0,Indiana,-2400.0,BET,-3.7921758711823017,-0.064247974512233,-883,0.9258160237388724,Rutgers,2.749407927061609,0.321814721912668,24.5,Rutgers,24.5,,1.211085728687081,0.5310565580063739,56.5,U,55,,1.1564422792974582,0.5294503587436061,-20.448439475463783,57.6031270031848,-266.78349135322765,-22.84843947546379,13.858687066387702,1.0,Draft Kings,24.5,56.5,0.0,0.0,1200.0,-2400.0,0.0741839762611276,0.25,0.0,0.0,0.0,0.0,0.0,0.0,0.0,14.1875,8.0,6.1875,,,,0.0,0.0,0.0,24.5,56.5,1200.0,-2400.0,0.0,0.0,0.0,0.0,0.7975,0.698944763208948,1.211085728687081,PASS,,,,0.0,,,0.0,,,,
2026-09-29T05:03:20.906632+00:00,401869932,2026,5,2026-10-04T00:00:00.000Z,Arkansas State,Louisiana,23,25,23.4477673724228,25.12298504500921,1.675217672586415,48.570752417432,-1.675217672586415,48.570752417432,Louisiana,0.5406554647259079,54,0.5733360582949739,0.5733360582949739,Draft Kings,True,205.0,-250.0,Louisiana,-250.0,STRONG,-17.363024955980645,-0.1973295183870365,-134,0.6853932584269663,Arkansas State,11.205720013199244,0.3013250222003295,-6.5,Arkansas State,6.5,BET,4.824782327413585,0.6218889245099879,46.5,O,49,,2.070752417432004,0.5526288963799567,6.146767928147561,50.90316943213555,27.89959301056342,3.7467679281475617,14.579052973228803,1.0,Draft Kings,-6.5,46.5,0.0,0.0,-250.0,205.0,0.6853932584269663,0.25,0.0,0.0,0.0,0.0,0.0,0.0,0.0,7.0625,7.041666666666667,0.020833333333333,,,,0.0,0.0,0.0,-6.5,46.5,-250.0,205.0,0.0,0.0,0.0,0.0,0.7975,0.6880327204826112,4.824782327413585,BET,spread,Arkansas State,6.5,0.1872424922463405,0.6218889245099879,4.824782327413585,0.86,,,,
2026-09-29T05:03:20.906632+00:00,401860921,2026,5,2026-10-04T01:30:00.000Z,Fresno State,Washington State,24,23,23.870773728730832,23.17490791946023,-0.6958658092705972,47.04568164819106,0.6958658092705972,47.04568164819106,Fresno State,0.5169120728965264,52,0.5151147758280449,0.4848852241719551,Draft Kings,True,110.0,-130.0,Fresno State,110.0,BET,4.072159670605025,0.0182589707611058,106,0.4572564612326044,Fresno State,2.762876293935074,0.0182589707611058,-2.5,Fresno State,2.5,LEAN,3.195865809270597,0.5814618399201087,46.5,O,47,,0.5456816481910636,0.5139063457815701,-1.8091789667192053,44.19878797040551,-88.09022214831407,-4.209178966719204,17.625953464334962,1.0,Draft Kings,-2.5,46.5,0.0,0.0,-130.0,110.0,0.5427435387673957,0.25,0.0,0.0,0.0,0.0,0.0,0.0,0.0,7.083333333333333,6.979166666666667,0.104166666666666,,,,0.0,0.0,0.0,-2.5,46.5,-130.0,110.0,0.0,0.0,0.0,0.0,0.7975,0.6418785257517095,3.195865809270597,BET,spread,Fresno State,2.5,0.1100635125747528,0.5814618399201087,3.195865809270597,0.57,,,,
2026-09-29T05:03:20.906632+00:00,401856817,2026,5,2026-10-04T02:30:00.000Z,Baylor,Arizona State,25,29,25.04618754653705,28.615690964558457,3.569503418021404,53.66187851109551,-3.569503418021404,53.66187851109551,Arizona State,0.5860984439963259,59,0.6185074238503827,0.6185074238503827,Draft Kings,True,160.0,-192.0,Arizona State,-192.0,STRONG,-7.143580257901649,-0.0593532928942096,-162,0.6309403437815976,Baylor,1.2432919931214814,-0.0081193020109949,-4.0,Baylor,4.0,,0.4304965819785966,0.5110492288710465,49.5,O,54,LEAN,4.161878511095509,0.6048472278661534,2.15359278656214,54.32318624440354,47.43332340821348,-0.2464072134378585,14.187805577433569,1.0,Draft Kings,-4.0,49.5,0.0,0.0,-192.0,160.0,0.6309403437815976,0.25,0.0,0.0,0.0,0.0,0.0,0.0,0.0,14.4375,7.4375,7.0,,,,0.0,0.0,0.0,-4.0,49.5,-192.0,160.0,0.0,0.0,0.0,0.0,0.7975,0.6939593034301678,4.161878511095509,BET,total,O,49.5,0.154708344108111,0.6048472278661534,4.161878511095509,0.86,,,,
2026-09-29T05:03:20.906632+00:00,401860900,2026,5,2026-10-04T02:30:00.000Z,Texas State,San Diego State,23,31,22.515786254137154,31.241340605627315,8.72555435149016,53.75712685976447,-8.72555435149016,53.75712685976447,San Diego State,0.7025406463697983,70,0.7299232953221315,0.7299232953221315,Draft Kings,True,-192.0,160.0,San Diego State,160.0,STRONG,31.792526175441367,0.897800567837542,-270,0.3690596562184025,San Diego State,36.0863639103729,0.897800567837542,4.5,San Diego State,4.5,STRONG,13.22555435149016,0.8026109998322797,59.5,U,54,BET,5.742873140235531,0.6431636242938569,0.0105486757163539,55.94210406844081,-43.678046460000814,-2.389451324283641,18.1791817018314,1.0,Draft Kings,4.5,59.5,0.0,0.0,160.0,-192.0,0.3690596562184025,0.25,0.0,0.0,0.0,0.0,0.0,0.0,0.0,7.4375,14.4375,-7.0,,,,0.0,0.0,0.0,4.5,59.5,160.0,-192.0,0.0,0.0,0.0,0.0,0.7975,0.5619798619035123,13.22555435149016,STRONG,moneyline,San Diego State,160.0,0.897800567837542,0.7299232953221315,36.0863639103729,0.25,,,,
2026-09-29T05:03:20.906632+00:00,401856820,2026,5,2026-10-04T03:00:00.000Z,Cincinnati,Arizona,23,32,23.438194720103336,32.22273980832496,8.78454508822162,55.66093452842829,-8.78454508822162,55.66093452842829,Arizona,0.7037845185582133,70,0.7310743090801848,0.7310743090801848,Draft Kings,True,235.0,-290.0,Arizona,-290.0,BET,-3.980522503153028,-0.0168311015818204,-272,0.7135512302607419,Arizona,1.7523078819442928,-0.0168311015818204,-7.0,Arizona,-7.0,,1.7845450882216198,0.5457079579933944,54.5,O,56,,1.1609345284282924,0.5295645506613222,6.822558485929832,55.53884505847343,29.22569998334893,4.422558485929836,12.727964125769825,1.0,Draft Kings,-7.0,54.5,0.0,0.0,-290.0,235.0,0.7135512302607419,0.25,0.0,0.0,0.0,0.0,0.0,0.0,0.0,7.145833333333333,7.166666666666667,-0.0208333333333339,,,,0.0,0.0,0.0,-7.0,54.5,-290.0,235.0,0.0,0.0,0.0,0.0,0.7975,0.7160728600865159,1.7845450882216198,PASS,,,,0.0,,,0.0,,,,
2026-09-29T05:03:20.906632+00:00,401864513,2026,5,2026-10-04T03:59:00.000Z,San José State,Hawai'i,21,28,21.35718460381696,27.596290638408423,6.239106034591471,48.95347524222538,-6.239106034591471,48.95347524222538,Hawai'i,0.6481020639407715,65,0.678699539313048,0.678699539313048,Draft Kings,True,120.0,-142.0,Hawai'i,-142.0,STRONG,6.132520443663925,0.1566569613644903,-211,0.5634920634920635,Hawai'i,11.520747582098457,0.1566569613644903,-3.0,Hawai'i,-3.0,LEAN,3.2391060345914706,0.5825482624243715,51.5,U,49,LEAN,2.54652475777462,0.5646244374008444,5.155631541663109,51.51285519941719,39.007142623184336,2.755631541663112,13.754445015620842,1.0,Draft Kings,-3.0,51.5,0.0,0.0,-142.0,120.0,0.5634920634920635,0.25,0.0,0.0,0.0,0.0,0.0,0.0,0.0,7.374305555555556,14.040972222222225,-6.666666666666667,,,,0.0,0.0,0.0,-3.0,51.5,-142.0,120.0,0.0,0.0,0.0,0.0,0.7975,0.7005238131071269,3.2391060345914706,STRONG,moneyline,Hawai'i,-142.0,0.1566569613644903,0.678699539313048,11.520747582098457,0.12,,,,
2026-09-29T05:11:56.373008+00:00,401871049,2026,5,2026-10-02T00:00:00.000Z,Western Kentucky,New Mexico State,28,24,27.836309074630957,24.488472560507503,-3.3478365141234514,52.32478163513846,3.3478365141234514,52.32478163513846,Western Kentucky,0.5808279295974511,58,0.4166666666666667,0.5833333333333333,DraftKings,True,110.0,-130.0,Western Kentucky,110.0,STRONG,10.463745340697496,0.2249999999999998,-140,0.4572564612326044,Western Kentucky,12.607687210072887,0.2249999999999998,-2.5,Western Kentucky,2.5,BET,5.847836514123451,0.6440579098234036,56.5,U,52,LEAN,4.175218364861543,0.6047655248203827,1.4908568508229223,56.24803983885192,-114.16383763618228,-0.9091431491770728,17.58033307200067,1.0,DraftKings,-2.5,56.5,0.0,0.0,-130.0,110.0,0.5427435387673957,0.25,0.0,0.0,,,0.0,0.0,0.0,5.1875,12.166666666666666,-6.979166666666666,1195.3470258090745,1208.201294,1053.7666321,0.0,0.1797031935495793,0.0269554790324368,-2.5,56.5,-130.0,110.0,0.0,0.0,0.0,0.0,0.7975,0.6330431556959186,5.847836514123451,STRONG,spread,Western Kentucky,2.5,0.2295651005719523,0.6440579098234036,5.847836514123451,0.79,75.7,1.0,6.8,6.9
2026-09-29T05:11:56.373008+00:00,401862786,2026,5,2026-10-02T01:00:00.000Z,North Texas,Tulsa,33,22,32.58666877463868,22.30229630595,-10.284372468688687,54.88896508058868,10.284372468688687,54.88896508058868,North Texas,0.7345765520873992,73,0.2352941176470588,0.7647058823529411,DraftKings,True,100.0,-120.0,North Texas,100.0,STRONG,23.45765520873993,0.5294117647058822,-325,0.4782608695652174,North Texas,28.64450127877237,0.5294117647058822,-1.5,North Texas,1.5,STRONG,11.784372468688687,0.7716390224670253,57.5,U,55,LEAN,2.611034919411317,0.5659846836296345,-9.508278155766844,61.31967257671526,-132.40035475631498,-11.90827815576684,20.134369327589887,1.0,DraftKings,-1.5,57.5,0.0,0.0,-120.0,100.0,0.5217391304347826,0.25,0.0,0.0,,,0.0,0.0,0.0,5.041666666666667,12.375,-7.333333333333333,214.8763302599862,235.5928345,36.90563970000002,0.145,0.0,0.03335,-1.5,57.5,-120.0,100.0,0.0,0.0,0.0,0.0,0.7975,0.5557821147068962,11.784372468688687,STRONG,moneyline,North Texas,100.0,0.5294117647058822,0.7647058823529411,28.64450127877237,0.24,71.7,69.0,6.5,14.5
2026-09-29T05:11:56.373008+00:00,401858245,2026,5,2026-10-02T23:00:00.000Z,Pittsburgh,Virginia Tech,26,26,25.974731495334407,25.52513442704151,-0.4495970682928958,51.49986592237592,0.4495970682928958,51.49986592237592,Pittsburgh,0.5109287533680862,51,0.5483870967741935,0.4516129032258065,DraftKings,True,136.0,-162.0,Pittsburgh,136.0,STRONG,8.719993980876417,0.0658064516129033,121,0.4066302458405761,Pittsburgh,4.498265738523038,0.0658064516129033,-3.5,Pittsburgh,3.5,LEAN,3.949597068292896,0.5984902760498274,54.5,U,51,LEAN,3.0001340776240824,0.5757066198394631,-1.873495179031185,52.32890263301809,-61.04675057396412,-4.273495179031182,13.721754640711014,1.0,DraftKings,-3.5,54.5,0.0,0.0,-162.0,136.0,0.593369754159424,0.25,0.0,0.0,,,0.0,0.0,0.0,6.291666666666667,14.979166666666666,-8.6875,223.99726153406655,632.2631226,411.674408,0.0,0.0,0.0,-3.5,54.5,-162.0,136.0,0.0,0.0,0.0,0.0,0.7975,0.701019004182063,3.949597068292896,BET,spread,Pittsburgh,3.5,0.1425723451860341,0.5984902760498274,3.949597068292896,0.8,72.8,4.0,2.0,1.8
2026-09-29T05:11:56.373008+00:00,401871050,2026,5,2026-10-02T23:00:00.000Z,Liberty,Delaware,29,24,29.4169022962174,24.48478065420148,-4.932121642015919,53.90168295041888,4.932121642015919,53.90168295041888,Liberty,0.6181234022556021,62,0.3132530120481928,0.6867469879518072,DraftKings,True,-270.0,220.0,Liberty,-270.0,STRONG,-11.160632747412755,-0.0589022757697456,-219,0.7001620745542949,Delaware,1.3415086602487802,0.0024096385542169,7.0,Delaware,7.0,LEAN,2.067878357984081,0.5519538153924021,49.5,O,54,LEAN,4.401682950418881,0.6103047525776432,-4.8077698462581,55.08677650869356,-17.556428727406,-7.207769846258097,17.503259713264278,1.0,DraftKings,7.0,49.5,0.0,0.0,220.0,-270.0,0.299837925445705,0.25,0.0,0.0,,,0.0,0.0,0.0,6.041666666666667,7.979166666666667,-1.9375,244.36214811017524,28.74350357,-244.18020253,0.0,0.0,0.0,7.0,49.5,220.0,-270.0,0.0,0.0,0.0,0.0,0.7975,0.6437370804684489,4.401682950418881,BET,total,O,49.5,0.1651272549209551,0.6103047525776432,4.401682950418881,0.8,74.3,3.0,4.3,15.7
2026-09-29T05:11:56.373008+00:00,401858476,2026,5,2026-10-03T00:00:00.000Z,Penn State,Northwestern,27,24,27.21440230110012,23.62369293670912,-3.5907093643910044,50.83809523780924,3.5907093643910044,50.83809523780924,Penn State,0.5866018561235871,59,0.412193385298523,0.587806614701477,DraftKings,True,-142.0,120.0,Penn State,-142.0,,-0.0175003380545213,0.0017549349137847,-143,0.5634920634920635,Penn State,2.4314551209413504,0.0017549349137847,2.5,Penn State,-2.5,,1.0907093643910044,0.5274594166619326,45.5,O,51,BET,5.338095237809242,0.6329605122234268,-3.827395250453783,49.44196316682065,-83.69981449003899,-6.227395250453782,18.78524557064416,1.0,DraftKings,2.5,45.5,0.0,0.0,120.0,-142.0,0.4365079365079364,0.25,0.0,0.0,,,0.0,0.0,0.0,7.0,6.125,0.875,515.3380982412087,179.0,-175.15515140000002,0.0,0.0,0.0,2.5,45.5,120.0,-142.0,0.0,0.0,0.0,0.0,0.7975,0.6243176655330132,5.338095237809242,BET,total,O,45.5,0.2083791596992692,0.6329605122234268,5.338095237809242,0.78,59.5,23.0,12.3,16.6
2026-09-29T05:11:56.373008+00:00,401856707,2026,5,2026-10-03T16:00:00.000Z,Alabama,Mississippi State,33,29,33.17702528014887,28.686852682928524,-4.490172597220347,61.86387796307739,4.490172597220347,61.86387796307739,Alabama,0.6078132704144169,61,0.3132530120481928,0.6867469879518072,DraftKings,True,-225.0,185.0,Alabama,-225.0,STRONG,-8.449442189327538,-0.0080321285140562,-219,0.6636481241914618,Alabama,2.3098863760345423,-0.0080321285140562,6.0,Mississippi State,6.0,,1.5098274027796528,0.5379835177011915,60.5,O,62,,1.3638779630773925,0.5345824474107895,-5.053301241720714,65.28334382228644,-136.81128256099328,-7.453301241720712,15.738666608716663,1.0,DraftKings,6.0,60.5,0.0,0.0,185.0,-225.0,0.3363518758085381,0.25,0.0,0.0,,,0.0,0.0,0.0,6.677083333333333,6.708333333333333,-0.03125,73.77219686352092,110.2742081,40.22284701999999,0.01,0.0,0.0023,6.0,60.5,185.0,-225.0,0.0,0.0,0.0,0.0,0.7975,0.669618849024656,1.5098274027796528,PASS,,,,0.0,,,0.0,74.3,42.0,7.3,14.5
2026-09-29T05:11:56.373008+00:00,401856807,2026,5,2026-10-03T16:00:00.000Z,Middle Tennessee,Kansas,21,30,21.39051633314866,30.15205972226451,8.761543389115854,51.54257605541317,-8.761543389115854,51.54257605541317,Kansas,0.7032997910585712,70,0.6794871794871795,0.6794871794871795,DraftKings,True,800.0,-1350.0,Kansas,-1350.0,STRONG,-22.773469170004944,-0.2701804368471034,-212,0.8933823529411765,Middle Tennessee,21.389517345399696,1.8846153846153844,-19.5,Middle Tennessee,19.5,STRONG,10.738456610884146,0.7511773739276307,50.5,O,52,,1.042576055413171,0.5264493149561487,5.660736367526006,52.58175717079437,41.56437435521616,3.2607363675260084,10.650752997808157,1.0,DraftKings,-19.5,50.5,0.0,0.0,-1350.0,800.0,0.8933823529411765,0.25,0.0,0.0,,,0.0,0.0,0.0,14.0,6.708333333333333,7.291666666666667,532.2791212063715,274.855957,83.1279754,0.0,0.0,0.0,-19.5,50.5,-1350.0,800.0,0.0,0.0,0.0,0.0,0.7975,0.7282174206557548,10.738456610884146,STRONG,spread,Middle Tennessee,19.5,0.4340658956800223,0.7511773739276307,10.738456610884146,0.91,64.4,8.0,5.0,7.8
2026-09-29T05:11:56.373008+00:00,401856819,2026,5,2026-10-03T16:00:00.000Z,UCF,Houston,23,29,22.59381221378877,29.38700889642595,6.793196682637178,51.98082111021472,-6.793196682637178,51.98082111021472,Houston,0.6605508227523716,66,0.6794871794871795,0.6794871794871795,DraftKings,True,350.0,-455.0,Houston,-455.0,STRONG,-15.926899706744813,-0.1711749788672865,-212,0.7867435158501441,UCF,10.725633636296456,0.4423076923076923,-12.5,UCF,12.5,BET,5.706803317362822,0.6407333329360848,51.5,O,52,,0.4808211102147197,0.5122050896789676,5.493007045678876,50.995864548717705,73.34919208988708,3.0930070456788785,11.31308437250763,1.0,DraftKings,-12.5,51.5,0.0,0.0,-455.0,350.0,0.7867435158501441,0.25,0.0,0.0,,,0.0,0.0,0.0,6.833333333333333,6.854166666666667,-0.0208333333333339,857.0302936210795,9.57440567,-11.366731639999998,0.0249999999999999,0.0259228607368543,0.0096384291105281,-12.5,51.5,-455.0,350.0,0.0,0.0,0.0,0.0,0.7975,0.7335957245626443,5.706803317362822,STRONG,spread,UCF,12.5,0.2232181810597983,0.6407333329360848,5.706803317362822,0.92,83.1,45.0,5.4,6.5
2026-09-29T05:11:56.373008+00:00,401856822,2026,5,2026-10-03T16:00:00.000Z,West Virginia,Iowa State,19,33,19.38853843281609,33.04474587715779,13.656207444341698,52.43328430997388,-13.656207444341698,52.43328430997388,Iowa State,0.7973486225594495,80,0.9148936170212766,0.9148936170212766,DraftKings,True,136.0,-162.0,Iowa State,-162.0,STRONG,17.902801187242655,0.4796427633307065,-1075,0.593369754159424,Iowa State,32.15238628618526,0.4796427633307065,-3.0,Iowa State,-3.0,STRONG,10.656207444341698,0.7495279110419386,52.5,U,52,,0.0667156900261218,0.501693760069215,11.724595780373718,54.62005785129492,61.11539515271648,9.324595780373716,18.272812653089854,1.0,DraftKings,-3.0,52.5,0.0,0.0,-162.0,136.0,0.593369754159424,0.25,0.0,0.0,,,0.0,0.0,0.0,6.854166666666667,6.708333333333333,0.1458333333333339,732.7338433772672,274.9135437,-52.49612430000002,0.0029999999999999,0.0,0.0006899999999999,-3.0,52.5,-162.0,136.0,0.0,0.0,0.0,0.0,0.7975,0.6173284465239712,10.656207444341698,STRONG,moneyline,Iowa State,-162.0,0.4796427633307065,0.9148936170212766,32.15238628618526,0.38,54.6,3.0,12.3,25.7
2026-09-29T05:11:56.373008+00:00,401858246,2026,5,2026-10-03T16:00:00.000Z,Boston College,SMU,19,34,19.09136503838056,33.772896402199336,14.681531363818776,52.8642614405799,-14.681531363818776,52.8642614405799,SMU,0.8145181855746861,81,0.9148936170212766,0.9148936170212766,DraftKings,True,950.0,-1650.0,SMU,-1650.0,STRONG,-12.83389572824567,-0.0296582849774339,-1075,0.9082568807339452,SMU,0.6636736287331524,-0.0296582849774339,-21.0,Boston College,21.0,STRONG,6.318468636181223,0.6550718437520393,55.5,U,53,LEAN,2.6357385594200977,0.5666031754710418,11.992931189800103,53.17530117110579,177.4966838162129,9.592931189800105,11.985524743329432,1.0,DraftKings,-21.0,55.5,0.0,0.0,-1650.0,950.0,0.9082568807339452,0.25,0.0,0.0,,,0.0,0.0,0.0,6.625,7.0,-0.375,1540.416444515403,169.4058075,129.57946396,0.01,0.3365529293251832,0.0527829393987774,-21.0,55.5,-1650.0,950.0,0.0,0.0,0.0,0.0,0.7975,0.7062047430587184,6.318468636181223,STRONG,spread,Boston College,21.0,0.2505917017084387,0.6550718437520393,6.318468636181223,0.88,72.1,42.0,6.8,14.3
2026-09-29T05:11:56.373008+00:00,401858250,2026,5,2026-10-03T16:00:00.000Z,Notre Dame,North Carolina,36,15,35.61100301346994,14.991052521990834,-20.61995049147911,50.60205553546078,20.61995049147911,50.60205553546078,Notre Dame,0.8955412986432922,90,0.125,0.875,DraftKings,True,-1800.0,1000.0,Notre Dame,-1800.0,BET,-5.182712240933929,-0.0763888888888889,-700,0.912442396313364,North Carolina,3.744239631336405,0.375,21.0,North Carolina,21.0,,0.3800495085208908,0.5095746762358583,47.5,O,51,LEAN,3.102055535460778,0.5782458592468912,-19.423125352085737,49.95256846683233,-223.02848416882648,-21.823125352085743,13.79275281908536,1.0,DraftKings,21.0,47.5,0.0,0.0,1000.0,-1800.0,0.0875576036866359,0.25,0.0,0.0,,,0.0,0.0,0.0,14.0,6.916666666666667,7.083333333333333,556.2252658447816,127.7569809,-94.8884201,0.0,0.0,0.0,21.0,47.5,1000.0,-1800.0,0.0,0.0,0.0,0.0,0.7975,0.6999435296925632,3.102055535460778,LEAN,total,O,47.5,0.1039239131077013,0.5782458592468912,3.102055535460778,0.58,81.4,15.0,7.0,8.9
2026-09-29T05:11:56.373008+00:00,401858251,2026,5,2026-10-03T16:00:00.000Z,Stanford,Wake Forest,22,33,21.76479603316558,32.69112880492131,10.926332771755735,54.455924838086894,-10.926332771755735,54.455924838086894,Wake Forest,0.747241333226817,75,0.8148148148148148,0.8148148148148148,DraftKings,True,390.0,-520.0,Wake Forest,-520.0,STRONG,-9.146834419253793,-0.0284900284900285,-440,0.8042929292929294,Wake Forest,1.0521885521885377,-0.0284900284900285,-13.5,Stanford,13.5,LEAN,2.5736672282442647,0.5645608177092014,53.5,O,54,,0.9559248380868935,0.5242538765645111,10.420508422028412,54.388682168229145,91.56271605251096,8.020508422028406,16.59976565300775,1.0,DraftKings,-13.5,53.5,0.0,0.0,-520.0,390.0,0.8042929292929294,0.25,0.0,0.0,,,0.0,0.0,0.0,7.0,6.5625,0.4375,2301.508553179108,283.548584,265.16432764,0.0,0.5,0.075,-13.5,53.5,-520.0,390.0,0.0,0.0,0.0,0.0,0.7975,0.6303044289574588,2.5736672282442647,LEAN,spread,Stanford,13.5,0.0777979247175663,0.5645608177092014,2.5736672282442647,0.39,76.7,21.0,7.1,10.3
2026-09-29T05:11:56.373008+00:00,401858252,2026,5,2026-10-03T16:00:00.000Z,Syracuse,UConn,22,32,21.58641759885821,32.346949394941014,10.760531796082802,53.933366993799225,-10.760531796082802,53.933366993799225,UConn,0.744001117595363,74,0.8148148148148148,0.8148148148148148,DraftKings,True,-245.0,200.0,UConn,200.0,STRONG,41.06677842620297,1.4444444444444442,-440,0.3194444444444444,UConn,49.53703703703704,1.4444444444444442,6.5,UConn,6.5,STRONG,17.2605317960828,0.8621673246959053,50.5,O,54,LEAN,3.433366993799225,0.5864770721473291,8.656638197759587,53.94274355221549,74.48108466123676,6.256638197759587,14.302090124170018,1.0,DraftKings,6.5,50.5,0.0,0.0,200.0,-245.0,0.3194444444444444,0.25,0.0,0.0,,,0.0,0.0,0.0,6.854166666666667,15.6875,-8.833333333333332,199.9610486209116,6.515614986,-156.183359614,0.0,0.0,0.0,6.5,50.5,200.0,-245.0,0.0,0.0,0.0,0.0,0.7975,0.5163200782970238,17.2605317960828,STRONG,moneyline,UConn,200.0,1.4444444444444442,0.8148148148148148,49.53703703703704,0.3,69.1,11.0,9.4,11.9
2026-09-29T05:11:56.373008+00:00,401858474,2026,5,2026-10-03T16:00:00.000Z,Michigan,Minnesota,26,22,25.85300413155051,21.99827178034969,-3.854732351200824,47.8512759119002,3.854732351200824,47.8512759119002,Michigan,0.5928573774566716,59,0.3132530120481928,0.6867469879518072,DraftKings,True,-225.0,185.0,Michigan,-225.0,STRONG,-9.945031485102074,-0.0080321285140562,-219,0.6636481241914618,Michigan,2.3098863760345423,-0.0080321285140562,5.5,Minnesota,5.5,,1.6452676487991762,0.5413791177644716,43.5,O,48,LEAN,4.351275911900196,0.6090737112186616,-2.978754181550755,46.52647344286591,-63.6364774579647,-5.378754181550752,16.03127332185313,1.0,DraftKings,5.5,43.5,0.0,0.0,185.0,-225.0,0.3363518758085381,0.25,0.0,0.0,,,0.0,0.0,0.0,6.541666666666667,6.854166666666667,-0.3125,509.2326214219094,254.3902283,-1.159774800000008,0.0308571428571428,0.0,0.0070971428571428,5.5,43.5,185.0,-225.0,0.0,0.0,0.0,0.0,0.7975,0.6634347891429121,4.351275911900196,BET,total,O,43.5,0.1627770850538085,0.6090737112186616,4.351275911900196,0.83,52.9,9.0,10.9,32.2
2026-09-29T05:11:56.373008+00:00,401862791,2026,5,2026-10-03T16:00:00.000Z,Navy,Air Force,24,30,24.481041794433438,29.59286773722579,5.111825942792358,54.073909531659226,-5.111825942792358,54.073909531659226,Air Force,0.6222922979458009,62,0.6562499999999999,0.6562499999999999,DraftKings,True,142.0,-170.0,Air Force,-170.0,,-0.7337331683828774,0.0422794117647057,-191,0.6037569709421778,Air Force,5.249302905782205,0.0422794117647057,-3.5,Air Force,-3.5,,1.6118259427923576,0.5405409772500653,46.5,O,54,STRONG,7.5739095316592255,0.6850923838680281,1.2354686240129382,56.898314136833406,-78.56113449452937,-1.1645313759870568,10.85403102616772,1.0,DraftKings,-3.5,46.5,0.0,0.0,-170.0,142.0,0.6037569709421778,0.25,0.0,0.0,,,0.0,0.0,0.0,6.5625,7.708333333333333,-1.145833333333333,1515.493477243495,2024.875732,2014.12583118,0.0,0.3252243078379522,0.0487836461756928,-3.5,46.5,-170.0,142.0,0.0,0.0,0.0,0.0,0.7975,0.7244844579308205,7.5739095316592255,STRONG,total,O,46.5,0.3079036419298717,0.6850923838680281,7.5739095316592255,0.91,72.6,0.0,1.6,3.4
2026-09-29T05:11:56.373008+00:00,401858479,2026,5,2026-10-03T16:30:00.000Z,Michigan State,Wisconsin,19,27,18.977053372078306,26.744039703756084,7.766986331677776,45.72109307583439,-7.766986331677776,45.72109307583439,Wisconsin,0.6820033168783367,68,0.6794871794871795,0.6794871794871795,DraftKings,True,320.0,-410.0,Wisconsin,-410.0,STRONG,-12.19182517491143,-0.1547842401500938,-212,0.771505376344086,Michigan State,9.201819685690657,0.346153846153846,-10.5,Michigan State,10.5,LEAN,2.733013668322224,0.5685196620942687,43.5,O,46,,2.221093075834389,0.5562014862286544,5.583716904766153,44.54024738100476,50.80025263199059,3.183716904766155,18.99053829885685,1.0,DraftKings,-10.5,43.5,0.0,0.0,-410.0,320.0,0.771505376344086,0.25,0.0,0.0,,,0.0,0.0,0.0,6.8125,6.8125,0.0,250.49981472289343,263.604126,8.7246399,0.0,0.0,0.0,-10.5,43.5,-410.0,320.0,0.0,0.0,0.0,0.0,0.7975,0.6212079083937746,2.733013668322224,LEAN,spread,Michigan State,10.5,0.0853557185436039,0.5685196620942687,2.733013668322224,0.42,61.0,3.0,11.5,15.9
2026-09-29T05:11:56.373008+00:00,401856705,2026,5,2026-10-03T16:45:00.000Z,Vanderbilt,Georgia,22,36,22.375895349537156,36.34163637402356,13.965741024486404,58.71753172356071,-13.965741024486404,58.71753172356071,Georgia,0.8026293888648712,80,0.9148936170212766,0.9148936170212766,DraftKings,True,1300.0,-2800.0,Georgia,-2800.0,STRONG,-16.288785251443915,-0.0524316109422492,-1075,0.9311163895486936,Vanderbilt,1.6222772527417009,0.1914893617021279,-24.5,Vanderbilt,24.5,STRONG,10.534258975513596,0.747071675584751,50.5,O,59,STRONG,8.217531723560711,0.6994939543262518,12.335284523196703,60.42750959803068,124.25991541426151,9.935284523196705,13.329462752898287,1.0,DraftKings,-24.5,50.5,0.0,0.0,-2800.0,1300.0,0.9311163895486936,0.25,0.0,0.0,,,0.0,0.0,0.0,6.885416666666667,6.854166666666667,0.03125,246.4430314114101,186.1120758,26.19261170000001,0.0,0.0,0.0,-24.5,50.5,-2800.0,1300.0,0.0,0.0,0.0,0.0,0.7975,0.6937418922740167,10.534258975513596,STRONG,spread,Vanderbilt,24.5,0.4262277442981609,0.747071675584751,10.534258975513596,0.87,71.8,38.0,3.5,8.9
2026-09-29T05:11:56.373008+00:00,401866432,2026,5,2026-10-03T17:00:00.000Z,Western Michigan,Buffalo,26,23,26.08139111922848,23.09405995419414,-2.987331165034339,49.17545107342262,2.987331165034339,49.17545107342262,Western Michigan,0.5722256420787428,57,0.4166666666666667,0.5833333333333333,DraftKings,True,-600.0,440.0,Western Michigan,-600.0,STRONG,-28.491721506411427,-0.3194444444444445,-140,0.8223350253807106,Buffalo,23.900169204737736,1.2500000000000002,13.5,Buffalo,13.5,STRONG,10.51266883496566,0.7466354988810131,46.5,O,49,LEAN,2.6754510734226216,0.5675970940694075,-4.579868168875997,48.276740795349895,-82.40298752878698,-6.979868168875994,16.240406838362716,1.0,DraftKings,13.5,46.5,0.0,0.0,440.0,-600.0,0.1776649746192893,0.25,0.0,0.0,,,0.0,0.0,0.0,14.041666666666666,6.895833333333333,7.145833333333333,350.1712836829012,181.5759735,-62.24514769999999,0.0,0.0,0.0,13.5,46.5,440.0,-600.0,0.0,0.0,0.0,0.0,0.7975,0.6509725826486897,10.51266883496566,STRONG,spread,Buffalo,13.5,0.4253950433182977,0.7466354988810131,10.51266883496566,0.81,62.7,5.0,8.9,10.3
2026-09-29T05:11:56.373008+00:00,401866431,2026,5,2026-10-03T18:00:00.000Z,Toledo,Ball State,35,17,35.05471636889452,17.156820997762782,-17.89789537113174,52.2115373666573,17.89789537113174,52.2115373666573,Toledo,0.8622909511004404,86,0.125,0.875,DraftKings,True,-1350.0,800.0,Toledo,-1350.0,STRONG,-6.874353165818025,-0.0601851851851851,-700,0.8933823529411765,Ball State,1.838235294117646,0.125,19.5,Ball State,19.5,,1.6021046288682612,0.5402973005917155,51.5,O,52,,0.7115373666573035,0.518058203237943,-16.116848766046118,54.86883069515089,-160.72540967674126,-18.516848766046117,16.47715402038841,1.0,DraftKings,19.5,51.5,0.0,0.0,800.0,-1350.0,0.1066176470588235,0.25,0.0,0.0,,,0.0,0.0,0.0,7.083333333333333,7.083333333333333,0.0,137.0052306052572,285.481781,103.99780270000002,0.0,0.0,0.0,19.5,51.5,800.0,-1350.0,0.0,0.0,0.0,0.0,0.7975,0.6592804439953248,1.6021046288682612,PASS,,,,0.0,,,0.0,67.3,31.0,11.9,14.5
2026-09-29T05:11:56.373008+00:00,401856708,2026,5,2026-10-03T19:30:00.000Z,Florida,Missouri,29,26,29.32084319534775,25.658316692778435,-3.662526502569312,54.97915988812618,3.662526502569312,54.97915988812618,Florida,0.588305675352813,59,0.3132530120481928,0.6867469879518072,DraftKings,True,-205.0,170.0,Florida,-205.0,STRONG,-8.38254721881706,0.0217455186600058,-219,0.644729178800233,Florida,4.201780915157427,0.0217455186600058,4.5,Missouri,4.5,,0.8374734974306879,0.5210908576334308,56.5,U,55,,1.5208401118738166,0.5385506045530778,0.09862028669367,55.79949949867528,19.69839871357226,-2.3013797133063303,15.258122056742849,1.0,DraftKings,4.5,56.5,0.0,0.0,170.0,-205.0,0.355270821199767,0.25,0.0,26.0,,,0.0,0.0,1.0,6.822916666666667,7.0,-0.177083333333333,857.0415461411254,212.6865692,167.71406172000002,0.0,0.0259279755186933,0.623889196327804,4.5,56.5,170.0,-205.0,0.0,0.0,0.0,0.0,0.7975,0.4451850327335829,1.5208401118738166,PASS,moneyline,Florida,-205.0,0.0217455186600058,0.6867469879518072,4.201780915157427,0.0,74.9,22.0,5.0,9.2
2026-09-29T05:11:56.373008+00:00,401856710,2026,5,2026-10-03T19:30:00.000Z,Auburn,Tennessee,23,31,22.966882513470217,30.581841978290853,7.61495946482064,53.54872449176107,-7.61495946482064,53.54872449176107,Tennessee,0.6786918328264627,68,0.6794871794871795,0.6794871794871795,DraftKings,True,230.0,-285.0,Tennessee,-285.0,STRONG,-6.156790743327756,-0.0820962663067925,-212,0.7095435684647302,Auburn,3.0056388977550808,0.0576923076923074,-7.0,Tennessee,-7.0,,0.6149594648206396,0.5154904109306692,53.5,O,54,,0.0487244917610709,0.5012370060805056,6.231968182857326,52.57403030816549,78.07701183572908,3.8319681828573264,14.93423056931324,1.0,DraftKings,-7.0,53.5,0.0,0.0,-285.0,230.0,0.7095435684647302,0.25,0.0,0.0,,,0.0,0.0,0.0,7.145833333333333,6.96875,0.177083333333333,248.2515669918833,271.9517212,70.77792360000001,0.1399999999999999,0.0,0.0322,-7.0,53.5,-285.0,230.0,0.0,0.0,0.0,0.0,0.7975,0.6705627437286207,0.6149594648206396,PASS,,,,0.0,,,0.0,79.3,68.0,2.5,1.8
2026-09-29T05:11:56.373008+00:00,401858247,2026,5,2026-10-03T19:30:00.000Z,California,UNLV,21,27,20.856540584427623,27.109694694090383,6.253154109662758,47.966235278518006,-6.253154109662758,47.966235278518006,UNLV,0.6484197208148039,65,0.6794871794871795,0.6794871794871795,DraftKings,True,114.0,-135.0,UNLV,-135.0,STRONG,7.395163570842089,0.1828110161443494,-212,0.551441114716549,UNLV,12.804606477063052,0.1828110161443494,-2.5,UNLV,-2.5,LEAN,3.7531541096627583,0.5936850700549159,53.5,U,48,BET,5.533764721481994,0.6376395900351631,8.765867945754412,50.53128672494556,92.93929149787346,6.365867945754415,17.477896037431645,1.0,DraftKings,-2.5,53.5,0.0,0.0,-135.0,114.0,0.551441114716549,0.25,0.0,0.0,,,0.0,0.0,0.0,7.145833333333333,7.708333333333333,-0.5625,408.8707835915931,666.0,540.6891937,0.0,0.0,0.0,-2.5,53.5,-135.0,114.0,0.0,0.0,0.0,0.0,0.7975,0.6441212873163219,5.533764721481994,BET,total,U,53.5,0.2173119446125841,0.6376395900351631,5.533764721481994,0.81,90.1,0.0,2.5,3.8
2026-09-29T05:11:56.373008+00:00,401858248,2026,5,2026-10-03T19:30:00.000Z,Louisville,NC State,29,28,28.751186472092137,28.025772155409637,-0.7254143166825028,56.77695862750177,0.7254143166825028,56.77695862750177,Louisville,0.5176297510849761,52,0.5483870967741935,0.4516129032258065,DraftKings,True,-225.0,185.0,Louisville,-225.0,STRONG,-17.46779412227162,-0.3476702508960573,121,0.6636481241914618,NC State,21.203522096565536,0.5629032258064515,5.5,NC State,5.5,BET,4.774585683317497,0.6185002954217784,58.5,U,57,,1.72304137249823,0.5436567441839184,-1.656727278410667,59.554170070814735,-36.74658446161766,-4.056727278410666,13.39522734614848,1.0,DraftKings,5.5,58.5,0.0,0.0,185.0,-225.0,0.3363518758085381,0.25,0.0,0.0,,,0.0,0.0,0.0,6.833333333333333,7.145833333333333,-0.3125,422.311289933012,117.0089951,-21.55260459999998,0.04,0.0,0.0092,5.5,58.5,185.0,-225.0,0.0,0.0,0.0,0.0,0.7975,0.7023930284545953,4.774585683317497,BET,moneyline,NC State,185.0,0.5629032258064515,0.5483870967741935,21.203522096565536,0.17,83.6,48.0,6.5,7.8
2026-09-29T05:11:56.373008+00:00,401858253,2026,5,2026-10-03T19:30:00.000Z,Virginia,Florida State,28,25,27.582700179079367,25.38662782770038,-2.1960723513789904,52.96932800677975,2.1960723513789904,52.96932800677975,Virginia,0.5532296198847917,55,0.4166666666666667,0.5833333333333333,DraftKings,True,-148.0,124.0,Virginia,-148.0,BET,-4.354457366359544,-0.0225225225225226,-140,0.5720596355604638,Virginia,1.1273697772869462,-0.0225225225225226,2.5,Florida State,2.5,,0.3039276486210096,0.5076571854114151,51.5,O,53,,1.4693280067797474,0.5372487315402772,-2.9342684539595503,51.13055495545021,-92.88986704721152,-5.334268453959551,17.35111829901126,1.0,DraftKings,2.5,51.5,0.0,0.0,124.0,-148.0,0.4279403644395361,0.25,0.0,26.0,,,0.0,0.0,0.65,14.0,6.895833333333333,7.104166666666667,619.8645200335764,19.55942535,-150.90831755,0.0,0.0,0.403,2.5,51.5,124.0,-148.0,0.0,0.0,0.0,0.0,0.7975,0.5028465618130303,1.4693280067797474,PASS,,,,0.0,,,0.0,89.7,38.0,6.3,7.2
2026-09-29T05:11:56.373008+00:00,401858473,2026,5,2026-10-03T19:30:00.000Z,Ohio State,Iowa,26,20,26.489883717689807,19.81311105088598,-6.676772666803831,46.302994768575786,6.676772666803831,46.302994768575786,Ohio State,0.6579490694799662,66,0.3132530120481928,0.6867469879518072,DraftKings,True,-575.0,425.0,Ohio State,-575.0,STRONG,-19.390278237188564,-0.1938187532739654,-219,0.817258883248731,Iowa,13.051189529692376,0.6445783132530122,14.0,Iowa,14.0,STRONG,7.3232273331961695,0.6781410170983013,45.5,O,46,,0.8029947685757861,0.5203774084030237,-6.317539587612021,45.55515579801556,-61.903651346494144,-8.717539587612022,17.80138976701135,1.0,DraftKings,14.0,45.5,0.0,0.0,425.0,-575.0,0.182741116751269,0.25,0.0,0.0,,,0.0,0.0,0.0,7.0,7.145833333333333,-0.145833333333333,460.2554207862874,220.6357727,3.958740199999994,0.0,0.0,0.0,14.0,45.5,425.0,-575.0,0.0,0.0,0.0,0.0,0.7975,0.6392210312584594,7.3232273331961695,STRONG,spread,Iowa,14.0,0.2946328508240298,0.6781410170983013,7.3232273331961695,0.8,63.0,3.0,8.5,15.9
2026-09-29T05:11:56.373008+00:00,401862787,2026,5,2026-10-03T19:30:00.000Z,Memphis,Charlotte,32,17,32.21144620982032,17.39234659394821,-14.819099615872114,49.603792803768535,14.819099615872114,49.603792803768535,Memphis,0.8167511147794209,82,0.125,0.875,DraftKings,True,-1450.0,850.0,Memphis,-1450.0,STRONG,-11.873275618832102,-0.0646551724137931,-700,0.8988580750407831,Charlotte,2.385807504078304,0.1875,20.5,Charlotte,20.5,BET,5.680900384127886,0.6401215540514508,54.5,U,50,BET,4.896207196231465,0.6223215940037459,-11.941380006771148,50.73916646206148,-213.60836305385124,-14.341380006771152,14.66862715349701,1.0,DraftKings,20.5,54.5,0.0,0.0,850.0,-1450.0,0.1011419249592169,0.25,0.0,0.0,,,0.0,0.0,0.0,6.875,20.89583333333333,-14.020833333333332,521.3913181771547,190.365509,99.74105069,0.08,0.0,0.0184,20.5,54.5,850.0,-1450.0,0.0,0.0,0.0,0.0,0.7975,0.6797266985787874,5.680900384127886,STRONG,spread,Charlotte,20.5,0.2220502395527696,0.6401215540514508,5.680900384127886,0.85,72.9,56.0,0.2,4.0
2026-09-29T05:11:56.373008+00:00,401864515,2026,5,2026-10-03T19:30:00.000Z,Wyoming,North Dakota State,18,31,17.77589553122199,30.900884468130705,13.12498893690871,48.676779999352696,-13.12498893690871,48.676779999352696,North Dakota State,0.7880914421501634,79,0.8571428571428571,0.8571428571428571,DraftKings,True,750.0,-1200.0,North Dakota State,-1200.0,STRONG,-13.498548092675977,-0.0714285714285714,-600,0.8869565217391304,Wyoming,2.9813664596273357,0.2142857142857147,-18.5,Wyoming,18.5,BET,5.375011063091289,0.6328702451204318,45.5,O,49,LEAN,3.1767799993526964,0.5801054627151592,12.085068082543792,44.708641500341805,130.1099555447379,9.685068082543795,14.60655055445303,1.0,DraftKings,-18.5,45.5,0.0,0.0,-1200.0,750.0,0.8869565217391304,0.25,0.0,0.0,,,0.0,0.0,0.0,13.708333333333334,7.020833333333333,6.687500000000001,581.1275180763625,274.4847717,-1925.6687923,0.0,0.0,0.0,-18.5,45.5,-1200.0,750.0,0.0,0.0,0.0,0.0,0.7975,0.6876161894136917,5.375011063091289,STRONG,spread,Wyoming,18.5,0.2082068315935515,0.6328702451204318,5.375011063091289,0.86,51.2,19.0,6.8,15.4
2026-09-29T05:11:56.373008+00:00,401866430,2026,5,2026-10-03T19:30:00.000Z,Akron,Central Michigan,21,29,20.950907468936663,29.272276971760213,8.321369502823547,50.22318444069688,-8.321369502823547,50.22318444069688,Central Michigan,0.6939546475932923,69,0.6794871794871795,0.6794871794871795,DraftKings,True,195.0,-238.0,Central Michigan,-238.0,,-1.0187364241027286,-0.0350140056022408,-212,0.6750312469954812,Central Michigan,0.4455932491698289,-0.0350140056022408,-6.5,Central Michigan,-6.5,,1.821369502823547,0.5457895903698622,46.5,O,50,LEAN,3.723184440696876,0.5936464928058713,6.545483025869114,49.466756374435406,67.3369627536008,4.145483025869115,22.49536725186394,1.0,DraftKings,-6.5,46.5,0.0,0.0,-238.0,195.0,0.6750312469954812,0.25,0.0,0.0,,,0.0,0.0,0.0,6.875,7.145833333333333,-0.270833333333333,240.24891512070465,240.9007721,-80.38673399999996,0.0,0.0,0.0,-6.5,46.5,-238.0,195.0,0.0,0.0,0.0,0.0,0.7975,0.5681170514827028,3.723184440696876,LEAN,total,O,46.5,0.1333251226293906,0.5936464928058713,3.723184440696876,0.61,66.0,3.0,9.8,10.5
2026-09-29T05:11:56.373008+00:00,401866433,2026,5,2026-10-03T19:30:00.000Z,Eastern Michigan,Massachusetts,24,30,24.29714187211698,29.939010881393465,5.64186900927648,54.236152753510446,-5.64186900927648,54.236152753510446,Massachusetts,0.6345041937486996,63,0.6562499999999999,0.6562499999999999,DraftKings,True,180.0,-218.0,Massachusetts,-218.0,BET,-5.103039744626892,-0.042717889908257,-191,0.6574752261956054,Eastern Michigan,0.1225226195605444,-0.0374999999999996,-6.0,Eastern Michigan,6.0,,0.3581309907235201,0.5090225749258602,48.5,O,54,BET,5.736152753510446,0.6424577827459005,3.1485108225066014,53.83509764006634,-44.13873602092508,0.7485108225066028,19.79097085689323,1.0,DraftKings,-6.0,48.5,0.0,0.0,-218.0,180.0,0.6574752261956054,0.25,0.0,0.0,,,0.0,0.0,0.0,6.770833333333333,14.125,-7.354166666666667,567.3307520214134,46.58664703,-194.66211697,0.0,0.0,0.0,-6.0,48.5,-218.0,180.0,0.0,0.0,0.0,0.0,0.7975,0.6090830227073528,5.736152753510446,BET,total,O,48.5,0.2265103125149009,0.6424577827459005,5.736152753510446,0.76,68.3,10.0,7.0,8.9
2026-09-29T05:11:56.373008+00:00,401866434,2026,5,2026-10-03T19:30:00.000Z,Ohio,Kent State,33,22,33.26893671937135,22.26167142129277,-11.00726529807857,55.53060814066412,11.00726529807857,55.53060814066412,Ohio,0.7488151024426191,75,0.2174559431571556,0.7825440568428443,DraftKings,True,-162.0,136.0,Ohio,-162.0,STRONG,13.049449175559612,0.2655959437828716,-360,0.593369754159424,Ohio,18.91743026834204,0.2655959437828716,3.0,Ohio,-3.0,STRONG,8.00726529807857,0.6934691536401829,50.5,O,56,BET,5.030608140664121,0.6255676951591811,-10.024475842517065,56.95963738487795,-145.8758629423112,-12.424475842517062,20.55127528341332,1.0,DraftKings,3.0,50.5,0.0,0.0,136.0,-162.0,0.4066302458405761,0.25,0.0,0.0,,,0.0,0.0,0.0,7.145833333333333,13.854166666666666,-6.708333333333333,132.32948993092046,321.3641663,127.13327030000002,0.0,0.0,0.0,3.0,50.5,136.0,-162.0,0.0,0.0,0.0,0.0,0.7975,0.5975659946131288,8.00726529807857,STRONG,spread,Ohio,-3.0,0.3238956569494401,0.6934691536401829,8.00726529807857,0.75,69.8,18.0,8.1,8.7
2026-09-29T05:11:56.373008+00:00,401866477,2026,5,2026-10-03T19:30:00.000Z,Bowling Green,Miami (OH),22,28,21.938744680309767,27.68455739465373,5.745812714343963,49.6233020749635,-5.745812714343963,49.6233020749635,Miami (OH),0.636883533706199,64,0.6562499999999999,0.6562499999999999,DraftKings,True,410.0,-550.0,Miami (OH),-550.0,STRONG,-20.92703124476472,-0.2244318181818183,-191,0.8118668596237336,Bowling Green,15.561685962373383,0.7531250000000004,-13.5,Bowling Green,13.5,STRONG,7.754187285656037,0.6878355727955526,42.5,O,50,BET,7.123302074963497,0.674837687673265,9.403334490219953,49.20229706759147,91.487560502723,7.003334490219958,19.987408021763645,1.0,DraftKings,-13.5,42.5,0.0,0.0,-550.0,410.0,0.8118668596237336,0.25,0.0,0.0,,,0.0,0.0,0.0,7.0,6.9375,0.0625,141.04694539671476,242.2643585,36.358612,0.0,0.0,0.0,-13.5,42.5,-550.0,410.0,0.0,0.0,0.0,0.0,0.7975,0.6061074089036596,7.754187285656037,STRONG,spread,Bowling Green,13.5,0.3131406389733278,0.6878355727955526,7.754187285656037,0.76,66.9,36.0,10.5,12.8
2026-09-29T05:11:56.373008+00:00,401869956,2026,5,2026-10-03T19:30:00.000Z,Old Dominion,Georgia State,28,23,28.133368844071384,23.226723423555853,-4.906645420515529,51.36009226762724,4.906645420515529,51.36009226762724,Old Dominion,0.6175312656467038,62,0.3132530120481928,0.6867469879518072,DraftKings,True,-102.0,-118.0,Old Dominion,-102.0,STRONG,11.258077059719884,0.3600283486888731,-219,0.4826358742837298,Old Dominion,20.411111366807745,0.3600283486888731,-1.5,Old Dominion,1.5,STRONG,6.406645420515529,0.6571211951354032,50.5,O,51,,0.8600922676272376,0.5218249597870593,-1.4381734926192635,54.89243411135307,-93.77261182649067,-3.838173492619264,16.23634377676519,1.0,DraftKings,-1.5,50.5,0.0,0.0,-118.0,-102.0,0.5173641257162701,0.25,0.0,0.0,,,0.0,0.0,0.0,7.0625,6.895833333333333,0.1666666666666669,505.0023827775957,287.0,283.852012157,0.0849999999999999,0.0,0.0195499999999999,-1.5,50.5,-118.0,-102.0,0.0,0.0,0.0,0.0,0.7975,0.6558000818395595,6.406645420515529,STRONG,moneyline,Old Dominion,-102.0,0.3600283486888731,0.6867469879518072,20.41111136680773,0.19,71.9,57.0,4.2,7.8
2026-09-29T05:11:56.373008+00:00,401869962,2026,5,2026-10-03T19:45:00.000Z,Marshall,James Madison,17,34,17.218575604412916,34.281960210341154,17.063384605928242,51.50053581475407,-17.063384605928242,51.50053581475407,James Madison,0.8507873602148937,85,0.9148936170212766,0.9148936170212766,DraftKings,True,650.0,-1000.0,James Madison,-1000.0,BET,-5.8303548876015405,0.0063829787234042,-1075,0.8720930232558138,James Madison,4.280059376546275,0.0063829787234042,-18.5,Marshall,18.5,,1.436615394071758,0.536146862140504,55.5,U,52,LEAN,3.999464185245927,0.6004519508021128,16.904272520645137,54.47465855555829,135.40044381576172,14.504272520645138,15.421518798118807,1.0,DraftKings,-18.5,55.5,0.0,0.0,-1000.0,650.0,0.8720930232558138,0.25,0.0,0.0,,,0.0,0.0,0.0,6.90625,13.885416666666666,-6.979166666666666,192.05450332326373,399.303009,235.5701904,0.045,0.0,0.01035,-18.5,55.5,-1000.0,650.0,0.0,0.0,0.0,0.0,0.7975,0.6714271375313264,3.999464185245927,LEAN,total,U,55.5,0.1463173606222152,0.6004519508021128,3.999464185245927,0.79,59.8,49.0,6.7,6.7
2026-09-29T05:11:56.373008+00:00,401858475,2026,5,2026-10-03T20:00:00.000Z,Maryland,Nebraska,19,38,19.34926047177165,37.83851640016343,18.489255928391778,57.187776871935085,-18.489255928391778,57.187776871935085,Nebraska,0.8700667325026091,87,0.9148936170212766,0.9148936170212766,DraftKings,True,490.0,-675.0,Nebraska,-675.0,,-0.0901009432874744,0.0504334121355397,-1075,0.8370993168681029,Nebraska,7.779430015317368,0.0504334121355397,-14.5,Nebraska,-14.5,LEAN,3.9892559283917777,0.5994585954298572,52.5,O,57,BET,4.687776871935085,0.6172704530460605,16.88235604562223,55.89849462808074,116.91181132082556,14.482356045622227,21.751255520876224,1.0,DraftKings,-14.5,52.5,0.0,0.0,-675.0,490.0,0.8370993168681029,0.25,0.0,0.0,,,0.0,0.0,0.0,6.958333333333333,7.104166666666667,-0.1458333333333339,1052.5585190874324,354.9318848,322.24440387,0.0,0.1147993268579238,0.0172198990286885,-14.5,52.5,-675.0,490.0,0.0,0.0,0.0,0.0,0.7975,0.5739014348825677,4.687776871935085,BET,total,O,52.5,0.178425410360661,0.6172704530460605,4.687776871935085,0.72,69.0,1.0,8.0,12.8
2026-09-29T05:11:56.373008+00:00,401864514,2026,5,2026-10-03T20:00:00.000Z,UTEP,New Mexico,14,37,14.452754060710744,36.845817750216376,22.39306368950563,51.29857181092712,-22.39306368950563,51.29857181092712,New Mexico,0.913810383835571,91,0.99,0.99,DraftKings,True,1100.0,-2100.0,New Mexico,-2100.0,BET,-4.073507070988358,0.0371428571428571,-9900,0.9197080291970804,New Mexico,7.02919708029196,0.0371428571428571,-22.5,UTEP,22.5,,0.106936310494369,0.5026943097076116,48.5,O,51,LEAN,2.798571810927122,0.5706757955652355,20.95987345014652,53.19147044702383,183.6895123817992,18.55987345014652,16.480214353080534,1.0,DraftKings,-22.5,48.5,0.0,0.0,-2100.0,1100.0,0.9197080291970804,0.25,0.0,0.0,,,0.0,0.0,0.0,7.020833333333333,6.791666666666667,0.229166666666666,227.6727282850742,1554.471924,370.774048,0.0,0.0,0.0,-22.5,48.5,-2100.0,1100.0,0.0,0.0,0.0,0.0,0.7975,0.6592340863307322,2.798571810927122,LEAN,total,O,48.5,0.0894719733518132,0.5706757955652355,2.798571810927122,0.47,74.3,0.0,5.0,2.0
2026-09-29T05:11:56.373008+00:00,401856709,2026,5,2026-10-03T20:15:00.000Z,Kentucky,South Carolina,24,31,24.20332501184135,30.77756448401267,6.574239472171323,54.98088949585402,-6.574239472171323,54.98088949585402,South Carolina,0.6556515052335578,66,0.6794871794871795,0.6794871794871795,DraftKings,True,120.0,-142.0,South Carolina,-142.0,STRONG,6.887464572942548,0.1579992777175876,-212,0.5634920634920635,South Carolina,11.599511599511604,0.1579992777175876,-2.5,South Carolina,-2.5,BET,4.074239472171323,0.601531507883977,53.5,O,55,,1.4808894958540222,0.5375409619839202,4.969104487152304,53.40412071811144,-19.22254897221228,2.5691044871523068,25.490348309291942,1.0,DraftKings,-2.5,53.5,0.0,0.0,-142.0,120.0,0.5634920634920635,0.25,0.0,0.0,,,0.0,0.0,0.0,6.885416666666667,7.145833333333333,-0.2604166666666661,340.88001973610403,60.54548645,-246.87940975,0.065,0.0,0.01495,-2.5,53.5,-142.0,120.0,0.0,0.0,0.0,0.0,0.7975,0.5184510216570043,4.074239472171323,STRONG,moneyline,South Carolina,-142.0,0.1579992777175876,0.6794871794871795,11.599511599511604,0.09,73.0,53.0,5.5,11.9
2026-09-29T05:11:56.373008+00:00,401858472,2026,5,2026-10-03T20:15:00.000Z,Purdue,Illinois,23,36,22.960728947826848,35.94730641806653,12.986577470239688,58.90803536589338,-12.986577470239688,58.90803536589338,Illinois,0.7856394242811942,79,0.8571428571428571,0.8571428571428571,DraftKings,True,295.0,-375.0,Illinois,-375.0,,-0.3834259929332173,0.0857142857142856,-600,0.7571884984025559,Illinois,9.995435874030123,0.0857142857142856,-10.0,Illinois,-10.0,LEAN,2.986577470239688,0.5748049440475744,61.5,U,59,LEAN,2.591964634106617,0.5655071204905505,12.49822211441344,60.14721035026868,175.33395120074806,10.098222114413442,16.348359154350444,1.0,DraftKings,-10.0,61.5,0.0,0.0,-375.0,295.0,0.7571884984025559,0.25,0.0,0.0,,,0.0,0.0,0.0,7.177083333333333,7.09375,0.083333333333333,73.22218788822151,223.2471619,25.71339420000001,0.0,0.0,0.0,-10.0,61.5,-375.0,295.0,0.0,0.0,0.0,0.0,0.7975,0.6612314178931624,2.986577470239688,LEAN,spread,Illinois,-10.0,0.0973548931817329,0.5748049440475744,2.986577470239688,0.51,67.0,12.0,10.0,13.4
2026-09-29T05:11:56.373008+00:00,401860899,2026,5,2026-10-03T22:00:00.000Z,Oregon State,Colorado State,27,30,27.44858290484871,29.851350574550946,2.4027676697022344,57.299933479399655,-2.4027676697022344,57.299933479399655,Colorado State,0.5582054522030728,56,0.6562499999999999,0.6562499999999999,DraftKings,True,-230.0,190.0,Colorado State,190.0,STRONG,21.337786599617623,0.9031249999999996,-191,0.3309929789368104,Colorado State,32.525702106318946,0.9031249999999996,6.0,Colorado State,6.0,STRONG,8.402767669702234,0.7021819242552525,60.5,U,57,LEAN,3.2000665206003447,0.5806846110460138,0.9004549229835206,55.29910503271504,-0.0323585863511652,-1.4995450770164744,15.43800263352118,1.0,DraftKings,6.0,60.5,0.0,0.0,190.0,-230.0,0.3309929789368104,0.25,0.0,0.0,,,0.0,0.0,0.0,7.25,6.875,0.375,963.624788416784,1528.4,1461.4925521900002,0.0,0.0743749038258109,0.0111562355738716,6.0,60.5,190.0,-230.0,0.0,0.0,0.0,0.0,0.7975,0.6708795387032293,8.402767669702234,STRONG,moneyline,Colorado State,190.0,0.9031249999999996,0.6562499999999999,32.525702106318946,0.26,72.0,3.0,12.8,10.7
2026-09-29T05:11:56.373008+00:00,401856711,2026,5,2026-10-03T23:00:00.000Z,Arkansas,Texas A&M,22,34,21.952687213922697,33.617299273815625,11.664612059892926,55.56998648773832,-11.664612059892926,55.56998648773832,Texas A&M,0.7614031621515008,76,0.8148148148148148,0.8148148148148148,DraftKings,True,455.0,-625.0,Texas A&M,-625.0,STRONG,-10.066580336574049,-0.0548148148148148,-440,0.827123695976155,Arkansas,1.2308881161340213,0.027777777777778,-14.0,Arkansas,14.0,LEAN,2.335387940107074,0.5586289738708576,51.5,O,56,LEAN,4.069986487738319,0.602184300865474,9.985038823473566,56.96014140863228,131.16788910302444,7.585038823473562,23.38551176957481,1.0,DraftKings,-14.0,51.5,0.0,0.0,-625.0,455.0,0.827123695976155,0.25,0.0,0.0,,,0.0,0.0,0.0,6.979166666666667,6.958333333333333,0.0208333333333339,397.1914638596116,108.824585,-294.9726562,0.1099999999999999,0.0,0.0253,-14.0,51.5,-625.0,455.0,0.0,0.0,0.0,0.0,0.7975,0.5469154952994315,4.069986487738319,BET,total,O,51.5,0.1496245743795413,0.602184300865474,4.069986487738319,0.65,81.3,62.0,6.0,6.3
2026-09-29T05:11:56.373008+00:00,401856818,2026,5,2026-10-03T23:00:00.000Z,BYU,TCU,26,24,26.15364675312389,24.18030243390299,-1.9733443192208973,50.33394918702688,1.9733443192208973,50.33394918702688,BYU,0.5478584539270022,55,0.4166666666666667,0.5833333333333333,DraftKings,True,-250.0,205.0,BYU,-250.0,STRONG,-16.642726035871213,-0.1833333333333334,-140,0.6853932584269663,TCU,10.205992509363304,0.2708333333333333,6.5,TCU,6.5,BET,4.526655680779102,0.6125173139870169,48.5,O,50,,1.8339491870268816,0.5464544683865542,-1.794844028097927,48.744623469466426,-86.67468125545315,-4.1948440280979264,13.781918705093087,1.0,DraftKings,6.5,48.5,0.0,0.0,205.0,-250.0,0.3146067415730336,0.25,0.0,0.0,,,0.0,0.0,0.0,7.145833333333333,13.979166666666666,-6.833333333333333,947.7825310995304,185.4387054,-1226.6583406,0.0,0.0671738777725138,0.010076081665877,6.5,48.5,205.0,-250.0,0.0,0.0,0.0,0.0,0.7975,0.696227755961044,4.526655680779102,BET,spread,TCU,6.5,0.1693512357933959,0.6125173139870169,4.526655680779102,0.87,71.3,37.0,5.5,8.9
2026-09-29T05:11:56.373008+00:00,401862788,2026,5,2026-10-03T23:00:00.000Z,UTSA,Rice,33,23,33.45313076073682,23.24031004280284,-10.212820717933978,56.69344080353966,10.212820717933978,56.69344080353966,UTSA,0.7331452709604841,73,0.2352941176470588,0.7647058823529411,DraftKings,True,-440.0,340.0,UTSA,-440.0,STRONG,-8.166954385433067,-0.0614973262032086,-325,0.7819063004846527,Rice,1.720041813171147,0.0352941176470588,11.5,Rice,11.5,,1.2871792820660222,0.5323956372156328,54.5,O,57,,2.193440803539658,0.5555063474126427,-10.566866514641276,60.38343380528774,-141.4346196341371,-12.966866514641278,17.547703765833205,1.0,DraftKings,11.5,54.5,0.0,0.0,340.0,-440.0,0.2180936995153473,0.25,26.0,0.0,,,0.0,0.0,0.65,6.875,7.291666666666667,-0.4166666666666669,185.6148128183441,7.148301601,-194.404386999,0.105,0.0,0.42715,11.5,54.5,340.0,-440.0,0.0,0.0,0.0,0.0,0.7975,0.4919872487423938,2.193440803539658,PASS,,,,0.0,,,0.0,88.4,61.0,7.0,7.8
2026-09-29T05:11:56.373008+00:00,401869942,2026,5,2026-10-03T23:00:00.000Z,Georgia Southern,Coastal Carolina,27,27,27.44399382425797,27.40650233769732,-0.0374914865606458,54.85049616195529,0.0374914865606458,54.85049616195529,Georgia Southern,0.5009114519276225,50,0.5483870967741935,0.4516129032258065,DraftKings,True,-135.0,114.0,Georgia Southern,-135.0,STRONG,-7.355663317876049,-0.2138590203106331,121,0.551441114716549,Coastal Carolina,9.982821149074253,0.173548387096774,2.5,Coastal Carolina,2.5,LEAN,2.4625085134393543,0.5617953008447027,54.5,O,55,,0.3504961619552915,0.5088975916441856,-0.6724277697792154,54.98845829550034,-36.04689759093708,-3.0724277697792086,12.031185352099316,1.0,DraftKings,2.5,54.5,0.0,0.0,114.0,-135.0,0.448558885283451,0.25,0.0,0.0,,,0.0,0.0,0.0,8.979166666666666,7.125,1.854166666666666,186.4578000498394,13.74894905,-47.50481987,0.0,0.0,0.0,2.5,54.5,114.0,-135.0,0.0,0.0,0.0,0.0,0.7975,0.726627606885179,2.4625085134393543,BET,moneyline,Coastal Carolina,114.0,0.173548387096774,0.5483870967741935,9.982821149074253,0.09,74.8,31.0,3.7,10.1
2026-09-29T05:11:56.373008+00:00,401871089,2026,5,2026-10-03T23:00:00.000Z,UL Monroe,South Alabama,20,37,20.129577629793594,36.94020300594175,16.810625376148153,57.06978063573534,-16.810625376148153,57.06978063573534,South Alabama,0.8471799936216754,85,0.9148936170212766,0.9148936170212766,DraftKings,True,440.0,-600.0,South Alabama,-600.0,,-0.9962863521181696,0.0673758865248226,-1075,0.8223350253807106,South Alabama,9.255859164056602,0.0673758865248226,-14.0,South Alabama,-14.0,LEAN,2.810625376148153,0.5704454033813116,56.5,O,57,,0.5697806357353414,0.5144623124856054,12.689666300138306,57.49494229172067,109.59921386586348,10.289666300138304,14.71093445510769,1.0,DraftKings,-14.0,56.5,0.0,0.0,-600.0,440.0,0.8223350253807106,0.25,0.0,0.0,,,0.0,0.0,0.0,7.260416666666667,6.958333333333333,0.3020833333333339,260.77070097434773,45.0,22.001791,0.1899999999999999,0.0,0.0436999999999999,-14.0,56.5,-600.0,440.0,0.0,0.0,0.0,0.0,0.7975,0.6695461397817103,2.810625376148153,LEAN,spread,South Alabama,-14.0,0.0890321337279583,0.5704454033813116,2.810625376148153,0.48,75.7,78.0,3.7,8.5
2026-09-29T05:11:56.373008+00:00,401856821,2026,5,2026-10-03T23:30:00.000Z,Texas Tech,Colorado,32,17,32.35701805522987,16.619651993814305,-15.737366061415573,48.97667004904418,15.737366061415573,48.97667004904418,Texas Tech,0.8312233298534801,83,0.125,0.875,DraftKings,True,-550.0,410.0,Texas Tech,-550.0,,-1.4930516300366017,0.034090909090909,-700,0.8118668596237336,Texas Tech,6.313314037626638,0.034090909090909,13.5,Texas Tech,-13.5,LEAN,2.237366061415571,0.5561848667963505,50.5,U,49,,1.5233299509558194,0.5386135202710188,-14.216000132001785,50.05273855294435,-187.1693405685719,-16.616000132001787,14.85353606277294,1.0,DraftKings,13.5,50.5,0.0,0.0,410.0,-550.0,0.1881331403762662,0.25,0.0,0.0,,,0.0,0.0,0.0,7.3125,7.3125,0.0,481.4800722590612,1634.041138,653.2778934,0.0,0.0,0.0,13.5,50.5,410.0,-550.0,0.0,0.0,0.0,0.0,0.7975,0.6838748735157875,2.237366061415571,LEAN,spread,Texas Tech,-13.5,0.0618074729748509,0.5561848667963505,2.237366061415571,0.34,69.9,4.0,12.0,10.3
2026-09-29T05:11:56.373008+00:00,401858249,2026,5,2026-10-03T23:30:00.000Z,Miami,Clemson,30,17,30.354638543403446,17.30203910675909,-13.052599436644355,47.656677650162536,13.052599436644355,47.656677650162536,Miami,0.7868110838114575,79,0.1578947368421052,0.8421052631578947,DraftKings,True,-800.0,550.0,Miami,-800.0,STRONG,-10.207780507743136,-0.0526315789473684,-533,0.8524590163934427,Clemson,1.0353753235547851,0.0263157894736841,16.5,Clemson,16.5,LEAN,3.447400563355645,0.5861781137049773,48.5,U,48,,0.8433223498374645,0.521399833258082,-11.487345233953594,47.11781846434502,-83.05865693843771,-13.887345233953594,18.63265232090964,1.0,DraftKings,16.5,48.5,0.0,0.0,550.0,-800.0,0.1475409836065574,0.25,0.0,0.0,,,0.0,0.0,0.0,7.875,7.041666666666667,0.833333333333333,622.1739646627788,205.6452179,203.020731454,0.135,0.0,0.03105,16.5,48.5,550.0,-800.0,0.0,0.0,0.0,0.0,0.7975,0.6159278763047108,3.447400563355645,BET,spread,Clemson,16.5,0.1190673079822294,0.5861781137049773,3.447400563355645,0.59,69.7,67.0,4.9,12.5
2026-09-29T05:11:56.373008+00:00,401858478,2026,5,2026-10-03T23:30:00.000Z,Washington,USC,25,30,25.12479250390441,30.346910375211863,5.222117871307458,55.47170287911627,-5.222117871307458,55.47170287911627,USC,0.6248439191236075,62,0.6562499999999999,0.6562499999999999,DraftKings,True,295.0,-375.0,USC,-375.0,STRONG,-16.462976508691884,-0.1687500000000001,-191,0.7571884984025559,Washington,10.0938498402556,0.3578125000000004,-9.5,Washington,9.5,BET,4.277882128692542,0.6064869983899954,57.5,U,55,,2.028297120883728,0.5513513875808721,4.449756986029033,56.02796727969627,24.251092044442657,2.049756986029037,14.685906838337337,1.0,DraftKings,-9.5,57.5,0.0,0.0,-375.0,295.0,0.7571884984025559,0.25,0.0,0.0,,,0.0,0.0,0.0,7.0,6.854166666666667,0.145833333333333,964.8980277867876,42.50374222,30.84751415,0.0,0.0749536489939943,0.0112430473490991,-9.5,57.5,-375.0,295.0,0.0,0.0,0.0,0.0,0.7975,0.6821695445698485,4.277882128692542,BET,spread,Washington,9.5,0.1578388151081731,0.6064869983899954,4.277882128692542,0.85,98.1,0.0,9.0,9.8
2026-09-29T05:11:56.373008+00:00,401860898,2026,5,2026-10-03T23:30:00.000Z,Utah State,Boise State,18,31,18.35715842580576,31.37735102110164,13.020192595295882,49.7345094469074,-13.020192595295882,49.7345094469074,Boise State,0.7862364428002651,79,0.8571428571428571,0.8571428571428571,DraftKings,True,900.0,-1600.0,Boise State,-1600.0,STRONG,-15.494002778797022,-0.0892857142857143,-600,0.9039548022598868,Utah State,4.681194511702991,0.4285714285714289,-19.5,Utah State,19.5,STRONG,6.479807404704118,0.6588180826288301,51.5,U,50,,1.7654905530926044,0.5447278166678247,9.925735689808064,50.6287157167684,127.8821216846734,7.525735689808061,17.248874377941718,1.0,DraftKings,-19.5,51.5,0.0,0.0,-1600.0,900.0,0.9039548022598868,0.25,0.0,0.0,,,0.0,0.0,0.0,7.166666666666667,7.0,0.1666666666666669,256.7688768691824,823.2221069,-604.6923221,0.0,0.0,0.0,-19.5,51.5,-1600.0,900.0,0.0,0.0,0.0,0.0,0.7975,0.6475904883291371,6.479807404704118,STRONG,spread,Utah State,19.5,0.2577436122914029,0.6588180826288301,6.479807404704118,0.81,80.2,0.0,2.3,3.4
2026-09-29T05:11:56.373008+00:00,401862792,2026,5,2026-10-03T23:30:00.000Z,Temple,South Florida,19,33,19.091999321069004,33.47379776401673,14.381798442947728,52.56579708508573,-14.381798442947728,52.56579708508573,South Florida,0.8095949234750381,81,0.9148936170212766,0.9148936170212766,DraftKings,True,195.0,-238.0,South Florida,-238.0,STRONG,10.545291164071855,0.2993026998033256,-1075,0.6750312469954812,South Florida,23.986237002579536,0.2993026998033256,-6.0,South Florida,-6.0,STRONG,8.381798442947728,0.7017228258439562,49.5,O,53,LEAN,3.065797085085734,0.5773428945484792,12.09580255734491,54.38914910414081,176.2925111185698,9.695802557344912,11.491310256272062,1.0,DraftKings,-6.0,49.5,0.0,0.0,-238.0,195.0,0.6750312469954812,0.25,0.0,0.0,,,0.0,0.0,0.0,7.104166666666667,8.145833333333334,-1.041666666666667,924.1800078447616,11.07972908,7.881022215,0.115,0.0564454581112553,0.0349168187166882,-6.0,50.5,-238.0,195.0,0.0,-1.0,0.0,0.0,0.7975,0.7206941993821921,8.381798442947728,STRONG,spread,South Florida,-6.0,0.33965266752028,0.7017228258439562,8.381798442947728,0.9,88.5,63.0,11.1,14.8
2026-09-29T05:11:56.373008+00:00,401869842,2026,5,2026-10-03T23:30:00.000Z,Army,Louisiana Tech,25,22,24.764476807222536,21.758728024758355,-3.0057487824641784,46.52320483198089,3.0057487824641784,46.52320483198089,Army,0.5726659882904689,57,0.4166666666666667,0.5833333333333333,DraftKings,True,-130.0,110.0,Army,-130.0,,0.7448596986121103,0.0320512820512819,-140,0.5427435387673957,Army,4.058979456593759,0.0320512820512819,2.5,Army,-2.5,,0.5057487824641784,0.512740504486707,46.5,O,47,,0.023204831980891,0.5005891196148785,-2.8684215839563443,46.64965712594704,-82.2115301603003,-5.268421583956343,12.865466734543237,1.0,DraftKings,2.5,46.5,0.0,0.0,110.0,-130.0,0.4572564612326044,0.25,0.0,0.0,,,0.0,0.0,0.0,14.145833333333334,8.145833333333334,6.0,1195.8919099461816,72.87982941,-26.332946770000007,0.135,0.1799508681573552,0.0580426302236033,2.5,46.5,110.0,-130.0,0.0,0.0,0.0,0.0,0.7975,0.6911969609467726,0.5057487824641784,PASS,moneyline,Army,-130.0,0.0320512820512819,0.5833333333333333,4.05897945659377,0.0,76.8,67.0,3.9,5.4
2026-09-29T05:11:56.373008+00:00,401858477,2026,5,2026-10-04T00:00:00.000Z,Indiana,Rutgers,39,17,38.7639214523704,16.579636268332145,-22.184285184038256,55.34355772070254,22.184285184038256,55.34355772070254,Indiana,0.9117925070610924,91,0.01,0.99,DraftKings,True,-2400.0,1200.0,Indiana,-2400.0,BET,-4.820749293890748,0.0312499999999999,-9900,0.9258160237388724,Indiana,6.41839762611276,0.0312499999999999,24.5,Rutgers,24.5,LEAN,2.315714815961744,0.5581386142434986,56.5,U,55,,1.1564422792974582,0.5293330547170043,-20.448439475463783,57.6031270031848,-266.78349135322765,-22.84843947546379,13.858687066387702,1.0,DraftKings,24.5,56.5,0.0,0.0,1200.0,-2400.0,0.0741839762611276,0.25,0.0,0.0,,,0.0,0.0,0.0,14.1875,8.0,6.1875,645.8306600011,19.0,-212.6500854,0.0,0.0,0.0,24.5,56.5,1200.0,-2400.0,0.0,0.0,0.0,0.0,0.7975,0.698944763208948,2.315714815961744,LEAN,spread,Rutgers,24.5,0.0655373544648609,0.5581386142434986,2.315714815961744,0.37,65.5,21.0,4.6,9.2
2026-09-29T05:11:56.373008+00:00,401869932,2026,5,2026-10-04T00:00:00.000Z,Arkansas State,Louisiana,23,26,22.5782992671748,25.9924531502572,3.414153883082408,48.570752417432,-3.414153883082408,48.570752417432,Louisiana,0.5824063064794834,58,0.6562499999999999,0.6562499999999999,DraftKings,True,205.0,-250.0,Louisiana,-250.0,STRONG,-13.187940780623087,-0.0812500000000001,-191,0.6853932584269663,Arkansas State,2.9143258426966465,0.0484375000000002,-6.5,Arkansas State,6.5,LEAN,3.085846116917592,0.5772605150933489,46.5,O,49,,2.070752417431997,0.5524201053050399,6.146767928147561,50.90316943213555,27.89959301056342,3.7467679281475617,14.579052973228803,1.0,DraftKings,-6.5,46.5,0.0,0.0,-250.0,205.0,0.6853932584269663,0.25,0.0,0.0,,,0.0,0.0,0.0,7.0625,7.041666666666667,0.020833333333333,397.246549275716,3.556508303,-85.970400567,0.175,0.0,0.04025,-6.5,46.5,-250.0,205.0,0.0,0.0,0.0,0.0,0.7975,0.6728013961329274,3.085846116917592,BET,spread,Arkansas State,6.5,0.1020428015418477,0.5772605150933489,3.085846116917592,0.55,74.6,75.0,7.6,17.7
2026-09-29T05:11:56.373008+00:00,401860921,2026,5,2026-10-04T01:30:00.000Z,Fresno State,Washington State,24,23,24.08725128712361,22.95843036106745,-1.128820926056167,47.04568164819106,1.128820926056167,47.04568164819106,Fresno State,0.5274210537638602,53,0.5483870967741935,0.4516129032258065,DraftKings,True,110.0,-130.0,Fresno State,110.0,BET,5.123057757338401,-0.0516129032258063,121,0.4572564612326044,Washington State,0.5643558006797833,-0.0297766749379653,-2.5,Fresno State,2.5,LEAN,3.628820926056167,0.5906363894295609,46.5,O,47,,0.5456816481910636,0.5138508773115926,-1.8091789667192053,44.19878797040551,-88.09022214831407,-4.209178966719204,17.625953464334962,1.0,DraftKings,-2.5,46.5,0.0,0.0,-130.0,110.0,0.5427435387673957,0.25,0.0,0.0,,,0.0,0.0,0.0,7.083333333333333,6.979166666666667,0.104166666666666,698.0725068603099,773.9526367,671.3885726999999,0.0,0.0,0.0,-2.5,46.5,-130.0,110.0,0.0,0.0,0.0,0.0,0.7975,0.6418785257517095,3.628820926056167,BET,spread,Fresno State,2.5,0.1275785616382525,0.5906363894295609,3.628820926056167,0.66,66.4,0.0,2.6,2.9
2026-09-29T05:11:56.373008+00:00,401856817,2026,5,2026-10-04T02:30:00.000Z,Baylor,Arizona State,25,28,25.32150350265413,28.340375008441377,3.0188715057872453,53.66187851109551,-3.0188715057872453,53.66187851109551,Arizona State,0.5729796838618197,57,0.6562499999999999,0.6562499999999999,DraftKings,True,160.0,-192.0,Arizona State,-192.0,STRONG,-8.455456271352269,-0.0019531250000001,-191,0.6309403437815976,Arizona State,2.530965621840231,-0.0019531250000001,-4.0,Baylor,4.0,,0.9811284942127548,0.5247043632062585,49.5,O,54,LEAN,4.161878511095509,0.604438564402366,2.15359278656214,54.32318624440354,47.43332340821348,-0.2464072134378585,14.187805577433569,1.0,DraftKings,-4.0,49.5,0.0,0.0,-192.0,160.0,0.6309403437815976,0.25,0.0,0.0,,,0.0,0.0,0.0,14.4375,7.4375,7.0,872.313065124495,360.1569519,243.1031418,0.0,0.0328695750565886,0.0049304362584882,-4.0,49.5,-192.0,160.0,0.0,0.0,0.0,0.0,0.7975,0.6920774662688167,4.161878511095509,BET,total,O,49.5,0.1539281684045168,0.604438564402366,4.161878511095509,0.85,94.1,0.0,7.8,13.2
2026-09-29T05:11:56.373008+00:00,401860900,2026,5,2026-10-04T02:30:00.000Z,Texas State,San Diego State,24,30,24.21037069109317,29.5467561686713,5.3363854775781245,53.75712685976448,-5.3363854775781245,53.75712685976448,San Diego State,0.6274817670205077,63,0.6562499999999999,0.6562499999999999,DraftKings,True,-192.0,160.0,San Diego State,160.0,STRONG,24.28663824051231,0.7062499999999997,-191,0.3690596562184025,San Diego State,28.71903437815974,0.7062499999999997,4.5,San Diego State,4.5,STRONG,9.836385477578125,0.7327752250455839,59.5,U,54,BET,5.742873140235524,0.6426173891804295,0.0105486757163539,55.94210406844081,-43.678046460000814,-2.389451324283641,18.1791817018314,1.0,DraftKings,4.5,59.5,0.0,0.0,160.0,-192.0,0.3690596562184025,0.25,0.0,0.0,,,0.0,0.0,0.0,7.4375,14.4375,-7.0,1148.734115543121,62.0,-115.8676453,0.0,0.158515507065055,0.0237773260597582,4.5,59.5,160.0,-192.0,0.0,0.0,0.0,0.0,0.7975,0.6252136782975193,9.836385477578125,STRONG,moneyline,San Diego State,160.0,0.7062499999999997,0.6562499999999999,28.71903437815974,0.22,96.4,0.0,2.9,8.5
2026-09-29T05:11:56.373008+00:00,401856820,2026,5,2026-10-04T03:00:00.000Z,Cincinnati,Arizona,24,32,23.819692114993405,31.841242413434887,8.02155029844148,55.66093452842829,-8.02155029844148,55.66093452842829,Arizona,0.6875157355091436,69,0.6794871794871795,0.6794871794871795,DraftKings,True,235.0,-290.0,Arizona,-290.0,BET,-5.607400808060003,-0.086206896551724,-212,0.7135512302607419,Cincinnati,3.4064050773562338,0.0737179487179486,-7.0,Arizona,-7.0,,1.0215502984414808,0.5257207821291943,54.5,O,56,,1.1609345284282924,0.5294467934544991,6.822558485929832,55.53884505847343,29.22569998334893,4.422558485929836,12.727964125769825,1.0,DraftKings,-7.0,54.5,0.0,0.0,-290.0,235.0,0.7135512302607419,0.25,0.0,0.0,,,0.0,0.0,0.0,7.145833333333333,7.166666666666667,-0.0208333333333339,1551.7681361729233,742.1530151,512.0869597999999,0.0,0.3417127891695106,0.0512569183754265,-7.0,54.5,-290.0,235.0,0.0,0.0,0.0,0.0,0.7975,0.6958858316093439,1.1609345284282924,PASS,,,,0.0,,,0.0,86.5,0.0,13.9,21.3
2026-09-29T05:11:56.373008+00:00,401864513,2026,5,2026-10-04T03:59:00.000Z,San José State,Hawai'i,22,27,21.56786019966414,27.38561504256124,5.817754842897103,48.95347524222538,-5.817754842897103,48.95347524222538,Hawai'i,0.6385272547990538,64,0.6562499999999999,0.6562499999999999,DraftKings,True,120.0,-142.0,Hawai'i,-142.0,BET,5.175039529492153,0.1183978873239434,-191,0.5634920634920635,Hawai'i,9.27579365079364,0.1183978873239434,-3.0,Hawai'i,-3.0,LEAN,2.817754842897103,0.5706222200354774,51.5,U,49,LEAN,2.54652475777462,0.5643688190241829,5.155631541663109,51.51285519941719,39.007142623184336,2.755631541663112,13.754445015620842,1.0,DraftKings,-3.0,51.5,0.0,0.0,-142.0,120.0,0.5634920634920635,0.25,0.0,0.0,,,0.0,0.0,0.0,7.374305555555556,14.040972222222225,-6.666666666666667,2412.420093606352,20.0,-8.307086940000001,0.0012857142857142,0.5,0.0752957142857142,-3.0,51.5,-142.0,120.0,0.0,0.0,0.0,0.0,0.7975,0.6715132706219975,2.817754842897103,STRONG,moneyline,Hawai'i,-142.0,0.1183978873239434,0.6562499999999999,9.27579365079364,0.09,79.1,1.0,9.1,25.3
2026-09-29T05:24:41.143478+00:00,401871049,2026,5,2026-10-02T00:00:00.000Z,Western Kentucky,New Mexico State,28,24,27.836309074630954,24.488472560507496,-3.3478365141234567,52.32478163513845,3.3478365141234567,52.32478163513845,Western Kentucky,0.5808279295974512,58,0.4166666666666667,0.5833333333333333,Draft Kings,True,110.0,-130.0,Western Kentucky,110.0,STRONG,10.463745340697505,0.22499999999999987,-140,0.4572564612326044,Western Kentucky,12.607687210072887,0.22499999999999987,-2.5,Western Kentucky,2.5,BET,5.847836514123457,0.6440579098234037,56.5,U,52,LEAN,4.17521836486155,0.6047655248203829,1.4908568508229223,56.24803983885192,-114.16383763618228,-0.9091431491770727,17.58033307200067,1.0,Draft Kings,-2.5,56.5,0.0,0.0,-130.0,110.0,0.5427435387673957,0.25,0.0,0.0,,,0.0,0.0,0.0,5.1875,12.166666666666666,-6.979166666666666,1195.3470258090745,1208.201294,1053.7666321,0.0,0.1797031935495793,0.026955479032436894,-2.5,56.5,-130.0,110.0,0.0,0.0,0.0,0.0,0.7975,0.6330431556959186,5.847836514123457,STRONG,spread,Western Kentucky,2.5,0.22956510057195256,0.6440579098234037,5.847836514123457,0.79,75.7,1.0,6.8,6.9
2026-09-29T05:24:41.143478+00:00,401862786,2026,5,2026-10-02T01:00:00.000Z,North Texas,Tulsa,33,22,32.58666877463868,22.302296305949998,-10.284372468688687,54.88896508058868,10.284372468688687,54.88896508058868,North Texas,0.7345765520873992,73,0.23529411764705882,0.7647058823529411,Draft Kings,True,100.0,-120.0,North Texas,100.0,STRONG,23.457655208739926,0.5294117647058822,-325,0.4782608695652174,North Texas,28.64450127877237,0.5294117647058822,-1.5,North Texas,1.5,STRONG,11.784372468688687,0.7716390224670253,57.5,U,55,LEAN,2.611034919411317,0.5659846836296345,-9.508278155766845,61.31967257671526,-132.40035475631498,-11.90827815576684,20.134369327589887,1.0,Draft Kings,-1.5,57.5,0.0,0.0,-120.0,100.0,0.5217391304347826,0.25,0.0,0.0,,,0.0,0.0,0.0,5.041666666666667,12.375,-7.333333333333333,214.8763302599862,235.5928345,36.90563970000002,0.145,0.0,0.03335,-1.5,57.5,-120.0,100.0,0.0,0.0,0.0,0.0,0.7975,0.5557821147068962,11.784372468688687,STRONG,moneyline,North Texas,100.0,0.5294117647058822,0.7647058823529411,28.64450127877237,0.24,71.7,69.0,6.5,14.5
2026-09-29T05:24:41.143478+00:00,401858245,2026,5,2026-10-02T23:00:00.000Z,Pittsburgh,Virginia Tech,26,26,25.974731495334407,25.52513442704151,-0.44959706829289603,51.49986592237592,0.44959706829289603,51.49986592237592,Pittsburgh,0.5109287533680862,51,0.5483870967741935,0.4516129032258065,Draft Kings,True,136.0,-162.0,Pittsburgh,136.0,STRONG,8.719993980876417,0.06580645161290333,121,0.4066302458405761,Pittsburgh,4.498265738523038,0.06580645161290333,-3.5,Pittsburgh,3.5,LEAN,3.949597068292896,0.5984902760498274,54.5,U,51,LEAN,3.0001340776240824,0.5757066198394631,-1.8734951790311847,52.32890263301809,-61.04675057396412,-4.273495179031182,13.721754640711014,1.0,Draft Kings,-3.5,54.5,0.0,0.0,-162.0,136.0,0.593369754159424,0.25,0.0,0.0,,,0.0,0.0,0.0,6.291666666666667,14.979166666666666,-8.6875,223.99726153406658,632.2631226,411.67440799999997,0.0,0.0,0.0,-3.5,54.5,-162.0,136.0,0.0,0.0,0.0,0.0,0.7975,0.701019004182063,3.949597068292896,BET,spread,Pittsburgh,3.5,0.14257234518603412,0.5984902760498274,3.949597068292896,0.8,72.8,4.0,2.0,1.8
2026-09-29T05:24:41.143478+00:00,401871050,2026,5,2026-10-02T23:00:00.000Z,Liberty,Delaware,29,24,29.4169022962174,24.48478065420148,-4.932121642015919,53.90168295041888,4.932121642015919,53.90168295041888,Liberty,0.6181234022556021,62,0.3132530120481928,0.6867469879518072,Draft Kings,True,-270.0,220.0,Liberty,-270.0,STRONG,-11.160632747412757,-0.05890227576974566,-219,0.7001620745542949,Delaware,1.3415086602487802,0.002409638554216942,7.0,Delaware,7.0,LEAN,2.067878357984081,0.5519538153924021,49.5,O,54,LEAN,4.401682950418881,0.6103047525776432,-4.8077698462581,55.08677650869356,-17.556428727406,-7.207769846258097,17.503259713264278,1.0,Draft Kings,7.0,49.5,0.0,0.0,220.0,-270.0,0.299837925445705,0.25,0.0,0.0,,,0.0,0.0,0.0,6.041666666666667,7.979166666666667,-1.9375,244.36214811017524,28.74350357,-244.18020253,0.0,0.0,0.0,7.0,49.5,220.0,-270.0,0.0,0.0,0.0,0.0,0.7975,0.6437370804684489,4.401682950418881,BET,total,O,49.5,0.16512725492095515,0.6103047525776432,4.401682950418881,0.8,74.3,3.0,4.3,15.7
2026-09-29T05:24:41.143478+00:00,401858476,2026,5,2026-10-03T00:00:00.000Z,Penn State,Northwestern,27,24,27.214402301100122,23.62369293670912,-3.5907093643910044,50.83809523780924,3.5907093643910044,50.83809523780924,Penn State,0.5866018561235871,59,0.412193385298523,0.587806614701477,Draft Kings,True,-142.0,120.0,Penn State,-142.0,,-0.017500338054521336,0.0017549349137847003,-143,0.5634920634920635,Penn State,2.4314551209413504,0.0017549349137847003,2.5,Penn State,-2.5,,1.0907093643910044,0.5274594166619326,45.5,O,51,BET,5.338095237809242,0.6329605122234268,-3.827395250453783,49.44196316682065,-83.69981449003899,-6.227395250453782,18.78524557064416,1.0,Draft Kings,2.5,45.5,0.0,0.0,120.0,-142.0,0.43650793650793646,0.25,0.0,0.0,,,0.0,0.0,0.0,7.0,6.125,0.875,515.3380982412087,179.0,-175.15515140000002,0.0,0.0,0.0,2.5,45.5,120.0,-142.0,0.0,0.0,0.0,0.0,0.7975,0.6243176655330132,5.338095237809242,BET,total,O,45.5,0.20837915969926923,0.6329605122234268,5.338095237809242,0.78,59.5,23.0,12.3,16.6
2026-09-29T05:24:41.143478+00:00,401856707,2026,5,2026-10-03T16:00:00.000Z,Alabama,Mississippi State,33,29,33.177025280148875,28.686852682928528,-4.490172597220346,61.8638779630774,4.490172597220346,61.8638779630774,Alabama,0.6078132704144169,61,0.3132530120481928,0.6867469879518072,Draft Kings,True,-225.0,185.0,Alabama,-225.0,STRONG,-8.449442189327538,-0.00803212851405627,-219,0.6636481241914618,Alabama,2.3098863760345423,-0.00803212851405627,6.0,Mississippi State,6.0,,1.5098274027796537,0.5379835177011915,60.5,O,62,,1.3638779630773996,0.5345824474107898,-5.053301241720714,65.28334382228644,-136.81128256099328,-7.453301241720712,15.738666608716663,1.0,Draft Kings,6.0,60.5,0.0,0.0,185.0,-225.0,0.33635187580853815,0.25,0.0,0.0,,,0.0,0.0,0.0,6.677083333333333,6.708333333333333,-0.03125,73.77219686352092,110.2742081,40.22284701999999,0.01,0.0,0.0023,6.0,60.5,185.0,-225.0,0.0,0.0,0.0,0.0,0.7975,0.669618849024656,1.5098274027796537,PASS,,,,0.0,,,0.0,74.3,42.0,7.3,14.5
2026-09-29T05:24:41.143478+00:00,401856807,2026,5,2026-10-03T16:00:00.000Z,Middle Tennessee,Kansas,21,30,21.39051633314866,30.15205972226451,8.761543389115854,51.54257605541317,-8.761543389115854,51.54257605541317,Kansas,0.7032997910585712,70,0.6794871794871795,0.6794871794871795,Draft Kings,True,800.0,-1350.0,Kansas,-1350.0,STRONG,-22.773469170004944,-0.27018043684710347,-212,0.8933823529411765,Middle Tennessee,21.389517345399696,1.8846153846153844,-19.5,Middle Tennessee,19.5,STRONG,10.738456610884146,0.7511773739276307,50.5,O,52,,1.0425760554131713,0.5264493149561487,5.660736367526006,52.58175717079437,41.56437435521616,3.2607363675260084,10.650752997808157,1.0,Draft Kings,-19.5,50.5,0.0,0.0,-1350.0,800.0,0.8933823529411765,0.25,0.0,0.0,,,0.0,0.0,0.0,14.0,6.708333333333333,7.291666666666667,532.2791212063715,274.855957,83.1279754,0.0,0.0,0.0,-19.5,50.5,-1350.0,800.0,0.0,0.0,0.0,0.0,0.7975,0.7282174206557548,10.738456610884146,STRONG,spread,Middle Tennessee,19.5,0.4340658956800223,0.7511773739276307,10.738456610884146,0.91,64.4,8.0,5.0,7.8
2026-09-29T05:24:41.143478+00:00,401856819,2026,5,2026-10-03T16:00:00.000Z,UCF,Houston,23,29,22.59381221378877,29.38700889642595,6.793196682637179,51.98082111021472,-6.793196682637179,51.98082111021472,Houston,0.6605508227523716,66,0.6794871794871795,0.6794871794871795,Draft Kings,True,350.0,-455.0,Houston,-455.0,STRONG,-15.926899706744813,-0.17117497886728653,-212,0.7867435158501441,UCF,10.725633636296457,0.4423076923076923,-12.5,UCF,12.5,BET,5.706803317362821,0.6407333329360848,51.5,O,52,,0.48082111021471974,0.5122050896789676,5.493007045678876,50.995864548717705,73.34919208988708,3.0930070456788785,11.31308437250763,1.0,Draft Kings,-12.5,51.5,0.0,0.0,-455.0,350.0,0.7867435158501441,0.25,0.0,0.0,,,0.0,0.0,0.0,6.833333333333333,6.854166666666667,-0.020833333333333925,857.0302936210795,9.57440567,-11.366731639999998,0.024999999999999998,0.02592286073685433,0.00963842911052815,-12.5,51.5,-455.0,350.0,0.0,0.0,0.0,0.0,0.7975,0.7335957245626443,5.706803317362821,STRONG,spread,UCF,12.5,0.2232181810597983,0.6407333329360848,5.706803317362821,0.92,83.1,45.0,5.4,6.5
2026-09-29T05:24:41.143478+00:00,401856822,2026,5,2026-10-03T16:00:00.000Z,West Virginia,Iowa State,19,33,19.38853843281609,33.04474587715779,13.656207444341698,52.43328430997388,-13.656207444341698,52.43328430997388,Iowa State,0.7973486225594495,80,0.9148936170212766,0.9148936170212766,Draft Kings,True,136.0,-162.0,Iowa State,-162.0,STRONG,17.902801187242655,0.47964276333070655,-1075,0.593369754159424,Iowa State,32.15238628618526,0.47964276333070655,-3.0,Iowa State,-3.0,STRONG,10.656207444341698,0.7495279110419386,52.5,U,52,,0.06671569002612188,0.501693760069215,11.724595780373718,54.620057851294916,61.115395152716474,9.324595780373716,18.272812653089858,1.0,Draft Kings,-3.0,52.5,0.0,0.0,-162.0,136.0,0.593369754159424,0.25,0.0,0.0,,,0.0,0.0,0.0,6.854166666666667,6.708333333333333,0.14583333333333393,732.7338433772672,274.9135437,-52.49612430000002,0.002999999999999997,0.0,0.0006899999999999993,-3.0,52.5,-162.0,136.0,0.0,0.0,0.0,0.0,0.7975,0.6173284465239712,10.656207444341698,STRONG,moneyline,Iowa State,-162.0,0.47964276333070655,0.9148936170212766,32.15238628618526,0.38,54.6,3.0,12.3,25.7
2026-09-29T05:24:41.143478+00:00,401858246,2026,5,2026-10-03T16:00:00.000Z,Boston College,SMU,19,34,19.091365038380562,33.77289640219934,14.68153136381878,52.8642614405799,-14.68153136381878,52.8642614405799,SMU,0.8145181855746861,81,0.9148936170212766,0.9148936170212766,Draft Kings,True,950.0,-1650.0,SMU,-1650.0,STRONG,-12.83389572824567,-0.029658284977433926,-1075,0.9082568807339451,SMU,0.6636736287331524,-0.029658284977433926,-21.0,Boston College,21.0,STRONG,6.318468636181221,0.6550718437520392,55.5,U,53,LEAN,2.6357385594200977,0.5666031754710418,11.992931189800103,53.17530117110579,177.4966838162129,9.592931189800105,11.985524743329433,1.0,Draft Kings,-21.0,55.5,0.0,0.0,-1650.0,950.0,0.9082568807339451,0.25,0.0,0.0,,,0.0,0.0,0.0,6.625,7.0,-0.375,1540.416444515403,169.4058075,129.57946396,0.01,0.3365529293251832,0.052782939398777484,-21.0,55.5,-1650.0,950.0,0.0,0.0,0.0,0.0,0.7975,0.7062047430587184,6.318468636181221,STRONG,spread,Boston College,21.0,0.2505917017084385,0.6550718437520392,6.318468636181221,0.88,72.1,42.0,6.8,14.3
2026-09-29T05:24:41.143478+00:00,401858250,2026,5,2026-10-03T16:00:00.000Z,Notre Dame,North Carolina,36,15,35.61100301346994,14.991052521990834,-20.61995049147911,50.60205553546078,20.61995049147911,50.60205553546078,Notre Dame,0.8955412986432922,90,0.125,0.875,Draft Kings,True,-1800.0,1000.0,Notre Dame,-1800.0,BET,-5.182712240933929,-0.0763888888888889,-700,0.912442396313364,North Carolina,3.744239631336405,0.375,21.0,North Carolina,21.0,,0.3800495085208908,0.5095746762358583,47.5,O,51,LEAN,3.102055535460778,0.5782458592468912,-19.423125352085737,49.95256846683233,-223.02848416882648,-21.823125352085746,13.792752819085361,1.0,Draft Kings,21.0,47.5,0.0,0.0,1000.0,-1800.0,0.08755760368663595,0.25,0.0,0.0,,,0.0,0.0,0.0,14.0,6.916666666666667,7.083333333333333,556.2252658447816,127.7569809,-94.88842009999999,0.0,0.0,0.0,21.0,47.5,1000.0,-1800.0,0.0,0.0,0.0,0.0,0.7975,0.6999435296925632,3.102055535460778,LEAN,total,O,47.5,0.10392391310770133,0.5782458592468912,3.102055535460778,0.58,81.4,15.0,7.0,8.9
2026-09-29T05:24:41.143478+00:00,401858251,2026,5,2026-10-03T16:00:00.000Z,Stanford,Wake Forest,22,33,21.76479603316558,32.69112880492131,10.926332771755735,54.455924838086894,-10.926332771755735,54.455924838086894,Wake Forest,0.747241333226817,75,0.8148148148148148,0.8148148148148148,Draft Kings,True,390.0,-520.0,Wake Forest,-520.0,STRONG,-9.146834419253791,-0.028490028490028546,-440,0.8042929292929294,Wake Forest,1.0521885521885377,-0.028490028490028546,-13.5,Stanford,13.5,LEAN,2.5736672282442647,0.5645608177092014,53.5,O,54,,0.9559248380868937,0.5242538765645111,10.420508422028412,54.388682168229145,91.56271605251095,8.020508422028406,16.59976565300775,1.0,Draft Kings,-13.5,53.5,0.0,0.0,-520.0,390.0,0.8042929292929294,0.25,0.0,0.0,,,0.0,0.0,0.0,7.0,6.5625,0.4375,2301.508553179108,283.548584,265.16432764,0.0,0.5,0.075,-13.5,53.5,-520.0,390.0,0.0,0.0,0.0,0.0,0.7975,0.6303044289574588,2.5736672282442647,LEAN,spread,Stanford,13.5,0.0777979247175663,0.5645608177092014,2.5736672282442647,0.39,76.7,21.0,7.1,10.3
2026-09-29T05:24:41.143478+00:00,401858252,2026,5,2026-10-03T16:00:00.000Z,Syracuse,UConn,22,32,21.586417598858212,32.346949394941014,10.760531796082804,53.933366993799225,-10.760531796082804,53.933366993799225,UConn,0.744001117595363,74,0.8148148148148148,0.8148148148148148,Draft Kings,True,-245.0,200.0,UConn,200.0,STRONG,41.06677842620297,1.4444444444444442,-440,0.3194444444444444,UConn,49.53703703703704,1.4444444444444442,6.5,UConn,6.5,STRONG,17.2605317960828,0.8621673246959053,50.5,O,54,LEAN,3.4333669937992255,0.5864770721473291,8.656638197759587,53.94274355221549,74.48108466123676,6.256638197759587,14.302090124170018,1.0,Draft Kings,6.5,50.5,0.0,0.0,200.0,-245.0,0.3194444444444444,0.25,0.0,0.0,,,0.0,0.0,0.0,6.854166666666667,15.6875,-8.833333333333332,199.9610486209116,6.515614986,-156.183359614,0.0,0.0,0.0,6.5,50.5,200.0,-245.0,0.0,0.0,0.0,0.0,0.7975,0.5163200782970238,17.2605317960828,STRONG,moneyline,UConn,200.0,1.4444444444444442,0.8148148148148148,49.53703703703704,0.3,69.1,11.0,9.4,11.9
2026-09-29T05:24:41.143478+00:00,401858474,2026,5,2026-10-03T16:00:00.000Z,Michigan,Minnesota,26,22,25.85300413155051,21.998271780349686,-3.8547323512008242,47.851275911900196,3.8547323512008242,47.851275911900196,Michigan,0.5928573774566716,59,0.3132530120481928,0.6867469879518072,Draft Kings,True,-225.0,185.0,Michigan,-225.0,STRONG,-9.945031485102074,-0.00803212851405627,-219,0.6636481241914618,Michigan,2.3098863760345423,-0.00803212851405627,5.5,Minnesota,5.5,,1.6452676487991758,0.5413791177644716,43.5,O,48,LEAN,4.351275911900196,0.6090737112186616,-2.978754181550755,46.52647344286591,-63.6364774579647,-5.378754181550752,16.03127332185313,1.0,Draft Kings,5.5,43.5,0.0,0.0,185.0,-225.0,0.33635187580853815,0.25,0.0,0.0,,,0.0,0.0,0.0,6.541666666666667,6.854166666666667,-0.3125,509.2326214219094,254.3902283,-1.159774800000008,0.030857142857142868,0.0,0.00709714285714286,5.5,43.5,185.0,-225.0,0.0,0.0,0.0,0.0,0.7975,0.6634347891429121,4.351275911900196,BET,total,O,43.5,0.1627770850538085,0.6090737112186616,4.351275911900196,0.83,52.9,9.0,10.9,32.2
2026-09-29T05:24:41.143478+00:00,401862791,2026,5,2026-10-03T16:00:00.000Z,Navy,Air Force,24,30,24.481041794433434,29.59286773722579,5.111825942792358,54.073909531659226,-5.111825942792358,54.073909531659226,Air Force,0.6222922979458009,62,0.6562499999999999,0.6562499999999999,Draft Kings,True,142.0,-170.0,Air Force,-170.0,,-0.7337331683828774,0.04227941176470573,-191,0.6037569709421778,Air Force,5.249302905782205,0.04227941176470573,-3.5,Air Force,-3.5,,1.6118259427923576,0.5405409772500653,46.5,O,54,STRONG,7.5739095316592255,0.6850923838680281,1.2354686240129382,56.898314136833406,-78.56113449452937,-1.1645313759870568,10.854031026167721,1.0,Draft Kings,-3.5,46.5,0.0,0.0,-170.0,142.0,0.6037569709421778,0.25,0.0,0.0,,,0.0,0.0,0.0,6.5625,7.708333333333333,-1.145833333333333,1515.493477243495,2024.875732,2014.12583118,0.0,0.32522430783795225,0.048783646175692835,-3.5,46.5,-170.0,142.0,0.0,0.0,0.0,0.0,0.7975,0.7244844579308205,7.5739095316592255,STRONG,total,O,46.5,0.30790364192987174,0.6850923838680281,7.5739095316592255,0.91,72.6,0.0,1.6,3.4
2026-09-29T05:24:41.143478+00:00,401858479,2026,5,2026-10-03T16:30:00.000Z,Michigan State,Wisconsin,19,27,18.977053372078306,26.744039703756084,7.766986331677776,45.72109307583439,-7.766986331677776,45.72109307583439,Wisconsin,0.6820033168783367,68,0.6794871794871795,0.6794871794871795,Draft Kings,True,320.0,-410.0,Wisconsin,-410.0,STRONG,-12.19182517491143,-0.1547842401500938,-212,0.771505376344086,Michigan State,9.201819685690655,0.34615384615384603,-10.5,Michigan State,10.5,LEAN,2.733013668322224,0.5685196620942687,43.5,O,46,,2.221093075834389,0.5562014862286544,5.583716904766153,44.54024738100476,50.80025263199059,3.183716904766155,18.990538298856855,1.0,Draft Kings,-10.5,43.5,0.0,0.0,-410.0,320.0,0.771505376344086,0.25,0.0,0.0,,,0.0,0.0,0.0,6.8125,6.8125,0.0,250.49981472289346,263.604126,8.7246399,0.0,0.0,0.0,-10.5,43.5,-410.0,320.0,0.0,0.0,0.0,0.0,0.7975,0.6212079083937746,2.733013668322224,LEAN,spread,Michigan State,10.5,0.08535571854360391,0.5685196620942687,2.733013668322224,0.42,61.0,3.0,11.5,15.9
2026-09-29T05:24:41.143478+00:00,401856705,2026,5,2026-10-03T16:45:00.000Z,Vanderbilt,Georgia,22,36,22.375895349537153,36.34163637402356,13.965741024486405,58.71753172356071,-13.965741024486405,58.71753172356071,Georgia,0.8026293888648712,80,0.9148936170212766,0.9148936170212766,Draft Kings,True,1300.0,-2800.0,Georgia,-2800.0,STRONG,-16.288785251443915,-0.052431610942249254,-1075,0.9311163895486935,Vanderbilt,1.6222772527417009,0.19148936170212794,-24.5,Vanderbilt,24.5,STRONG,10.534258975513595,0.747071675584751,50.5,O,59,STRONG,8.217531723560711,0.6994939543262518,12.335284523196705,60.42750959803068,124.25991541426151,9.935284523196703,13.329462752898287,1.0,Draft Kings,-24.5,50.5,0.0,0.0,-2800.0,1300.0,0.9311163895486935,0.25,0.0,0.0,,,0.0,0.0,0.0,6.885416666666667,6.854166666666667,0.03125,246.44303141141012,186.1120758,26.192611700000015,0.0,0.0,0.0,-24.5,50.5,-2800.0,1300.0,0.0,0.0,0.0,0.0,0.7975,0.6937418922740167,10.534258975513595,STRONG,spread,Vanderbilt,24.5,0.4262277442981609,0.747071675584751,10.534258975513595,0.87,71.8,38.0,3.5,8.9
2026-09-29T05:24:41.143478+00:00,401866432,2026,5,2026-10-03T17:00:00.000Z,Western Michigan,Buffalo,26,23,26.08139111922848,23.09405995419414,-2.9873311650343384,49.17545107342262,2.9873311650343384,49.17545107342262,Western Michigan,0.5722256420787428,57,0.4166666666666667,0.5833333333333333,Draft Kings,True,-600.0,440.0,Western Michigan,-600.0,STRONG,-28.491721506411427,-0.31944444444444453,-140,0.8223350253807106,Buffalo,23.900169204737736,1.2500000000000002,13.5,Buffalo,13.5,STRONG,10.512668834965663,0.7466354988810131,46.5,O,49,LEAN,2.6754510734226216,0.5675970940694075,-4.579868168875997,48.276740795349895,-82.40298752878698,-6.979868168875994,16.240406838362716,1.0,Draft Kings,13.5,46.5,0.0,0.0,440.0,-600.0,0.17766497461928932,0.25,0.0,0.0,,,0.0,0.0,0.0,14.041666666666666,6.895833333333333,7.145833333333333,350.17128368290116,181.5759735,-62.24514769999999,0.0,0.0,0.0,13.5,46.5,440.0,-600.0,0.0,0.0,0.0,0.0,0.7975,0.6509725826486896,10.512668834965663,STRONG,spread,Buffalo,13.5,0.4253950433182977,0.7466354988810131,10.512668834965663,0.81,62.7,5.0,8.9,10.3
2026-09-29T05:24:41.143478+00:00,401866431,2026,5,2026-10-03T18:00:00.000Z,Toledo,Ball State,35,17,35.05471636889452,17.156820997762786,-17.897895371131735,52.2115373666573,17.897895371131735,52.2115373666573,Toledo,0.8622909511004404,86,0.125,0.875,Draft Kings,True,-1350.0,800.0,Toledo,-1350.0,STRONG,-6.874353165818025,-0.06018518518518519,-700,0.8933823529411765,Ball State,1.838235294117646,0.125,19.5,Ball State,19.5,,1.6021046288682648,0.5402973005917157,51.5,O,52,,0.7115373666573035,0.518058203237943,-16.116848766046118,54.86883069515089,-160.72540967674126,-18.516848766046113,16.47715402038841,1.0,Draft Kings,19.5,51.5,0.0,0.0,800.0,-1350.0,0.10661764705882354,0.25,0.0,0.0,,,0.0,0.0,0.0,7.083333333333333,7.083333333333333,0.0,137.0052306052572,285.481781,103.99780270000002,0.0,0.0,0.0,19.5,51.5,800.0,-1350.0,0.0,0.0,0.0,0.0,0.7975,0.6592804439953248,1.6021046288682648,PASS,,,,0.0,,,0.0,67.3,31.0,11.9,14.5
2026-09-29T05:24:41.143478+00:00,401856708,2026,5,2026-10-03T19:30:00.000Z,Florida,Missouri,29,26,29.32084319534775,25.658316692778435,-3.662526502569312,54.97915988812618,3.662526502569312,54.97915988812618,Florida,0.588305675352813,59,0.3132530120481928,0.6867469879518072,Draft Kings,True,-205.0,170.0,Florida,-205.0,STRONG,-8.38254721881706,0.021745518660005847,-219,0.644729178800233,Florida,4.201780915157427,0.021745518660005847,4.5,Missouri,4.5,,0.8374734974306879,0.5210908576334308,56.5,U,55,,1.5208401118738166,0.5385506045530778,0.09862028669367007,55.799499498675274,19.69839871357226,-2.3013797133063303,15.258122056742849,1.0,Draft Kings,4.5,56.5,0.0,0.0,170.0,-205.0,0.35527082119976705,0.25,0.0,26.0,,,0.0,0.0,1.0,6.822916666666667,7.0,-0.17708333333333304,857.0415461411254,212.6865692,167.71406172000002,0.0,0.025927975518693375,0.623889196327804,4.5,56.5,170.0,-205.0,0.0,0.0,0.0,0.0,0.7975,0.4451850327335829,1.5208401118738166,PASS,moneyline,Florida,-205.0,0.021745518660005847,0.6867469879518072,4.201780915157427,0.0,74.9,22.0,5.0,9.2
2026-09-29T05:24:41.143478+00:00,401856710,2026,5,2026-10-03T19:30:00.000Z,Auburn,Tennessee,23,31,22.966882513470214,30.581841978290857,7.6149594648206405,53.54872449176107,-7.6149594648206405,53.54872449176107,Tennessee,0.6786918328264628,68,0.6794871794871795,0.6794871794871795,Draft Kings,True,230.0,-285.0,Tennessee,-285.0,STRONG,-6.156790743327745,-0.08209626630679259,-212,0.7095435684647302,Auburn,3.0056388977550808,0.05769230769230749,-7.0,Tennessee,-7.0,,0.6149594648206405,0.5154904109306692,53.5,O,54,,0.048724491761070965,0.5012370060805056,6.231968182857326,52.57403030816549,78.07701183572908,3.8319681828573264,14.93423056931324,1.0,Draft Kings,-7.0,53.5,0.0,0.0,-285.0,230.0,0.7095435684647302,0.25,0.0,0.0,,,0.0,0.0,0.0,7.145833333333333,6.96875,0.17708333333333304,248.2515669918833,271.9517212,70.77792360000001,0.13999999999999999,0.0,0.0322,-7.0,53.5,-285.0,230.0,0.0,0.0,0.0,0.0,0.7975,0.6705627437286207,0.6149594648206405,PASS,,,,0.0,,,0.0,79.3,68.0,2.5,1.8
2026-09-29T05:24:41.143478+00:00,401858247,2026,5,2026-10-03T19:30:00.000Z,California,UNLV,21,27,20.856540584427623,27.109694694090383,6.253154109662758,47.966235278518006,-6.253154109662758,47.966235278518006,UNLV,0.6484197208148039,65,0.6794871794871795,0.6794871794871795,Draft Kings,True,114.0,-135.0,UNLV,-135.0,STRONG,7.395163570842089,0.18281101614434947,-212,0.551441114716549,UNLV,12.804606477063052,0.18281101614434947,-2.5,UNLV,-2.5,LEAN,3.7531541096627583,0.5936850700549159,53.5,U,48,BET,5.533764721481994,0.6376395900351631,8.765867945754412,50.53128672494556,92.93929149787346,6.365867945754415,17.477896037431645,1.0,Draft Kings,-2.5,53.5,0.0,0.0,-135.0,114.0,0.551441114716549,0.25,0.0,0.0,,,0.0,0.0,0.0,7.145833333333333,7.708333333333333,-0.5625,408.8707835915931,666.0,540.6891937,0.0,0.0,0.0,-2.5,53.5,-135.0,114.0,0.0,0.0,0.0,0.0,0.7975,0.6441212873163219,5.533764721481994,BET,total,U,53.5,0.21731194461258418,0.6376395900351631,5.533764721481994,0.81,90.1,0.0,2.5,3.8
2026-09-29T05:24:41.143478+00:00,401858248,2026,5,2026-10-03T19:30:00.000Z,Louisville,NC State,29,28,28.751186472092137,28.025772155409634,-0.7254143166825032,56.77695862750177,0.7254143166825032,56.77695862750177,Louisville,0.5176297510849761,52,0.5483870967741935,0.4516129032258065,Draft Kings,True,-225.0,185.0,Louisville,-225.0,STRONG,-17.46779412227162,-0.3476702508960573,121,0.6636481241914618,NC State,21.203522096565536,0.5629032258064515,5.5,NC State,5.5,BET,4.774585683317497,0.6185002954217784,58.5,U,57,,1.7230413724982299,0.5436567441839184,-1.656727278410667,59.554170070814735,-36.74658446161766,-4.056727278410666,13.395227346148479,1.0,Draft Kings,5.5,58.5,0.0,0.0,185.0,-225.0,0.33635187580853815,0.25,0.0,0.0,,,0.0,0.0,0.0,6.833333333333333,7.145833333333333,-0.3125,422.31128993301195,117.0089951,-21.55260459999998,0.04,0.0,0.0092,5.5,58.5,185.0,-225.0,0.0,0.0,0.0,0.0,0.7975,0.7023930284545953,4.774585683317497,BET,moneyline,NC State,185.0,0.5629032258064515,0.5483870967741935,21.203522096565536,0.17,83.6,48.0,6.5,7.8
2026-09-29T05:24:41.143478+00:00,401858253,2026,5,2026-10-03T19:30:00.000Z,Virginia,Florida State,28,25,27.582700179079367,25.38662782770038,-2.19607235137899,52.96932800677975,2.19607235137899,52.96932800677975,Virginia,0.5532296198847917,55,0.4166666666666667,0.5833333333333333,Draft Kings,True,-148.0,124.0,Virginia,-148.0,BET,-4.354457366359544,-0.02252252252252268,-140,0.5720596355604638,Virginia,1.1273697772869462,-0.02252252252252268,2.5,Florida State,2.5,,0.30392764862101007,0.5076571854114151,51.5,O,53,,1.4693280067797474,0.5372487315402772,-2.9342684539595503,51.13055495545021,-92.88986704721151,-5.334268453959551,17.35111829901126,1.0,Draft Kings,2.5,51.5,0.0,0.0,124.0,-148.0,0.42794036443953615,0.25,0.0,26.0,,,0.0,0.0,0.65,14.0,6.895833333333333,7.104166666666667,619.8645200335764,19.55942535,-150.90831755,0.0,0.0,0.403,2.5,51.5,124.0,-148.0,0.0,0.0,0.0,0.0,0.7975,0.5028465618130303,1.4693280067797474,PASS,,,,0.0,,,0.0,89.7,38.0,6.3,7.2
2026-09-29T05:24:41.143478+00:00,401858473,2026,5,2026-10-03T19:30:00.000Z,Ohio State,Iowa,26,20,26.489883717689807,19.81311105088598,-6.6767726668038305,46.302994768575786,6.6767726668038305,46.302994768575786,Ohio State,0.6579490694799662,66,0.3132530120481928,0.6867469879518072,Draft Kings,True,-575.0,425.0,Ohio State,-575.0,STRONG,-19.390278237188564,-0.19381875327396544,-219,0.817258883248731,Iowa,13.051189529692376,0.6445783132530122,14.0,Iowa,14.0,STRONG,7.3232273331961695,0.6781410170983013,45.5,O,46,,0.8029947685757861,0.5203774084030237,-6.317539587612021,45.55515579801556,-61.903651346494144,-8.717539587612022,17.80138976701135,1.0,Draft Kings,14.0,45.5,0.0,0.0,425.0,-575.0,0.18274111675126903,0.25,0.0,0.0,,,0.0,0.0,0.0,7.0,7.145833333333333,-0.14583333333333304,460.2554207862874,220.6357727,3.958740199999994,0.0,0.0,0.0,14.0,45.5,425.0,-575.0,0.0,0.0,0.0,0.0,0.7975,0.6392210312584594,7.3232273331961695,STRONG,spread,Iowa,14.0,0.2946328508240298,0.6781410170983013,7.3232273331961695,0.8,63.0,3.0,8.5,15.9
2026-09-29T05:24:41.143478+00:00,401862787,2026,5,2026-10-03T19:30:00.000Z,Memphis,Charlotte,32,17,32.21144620982032,17.392346593948204,-14.819099615872117,49.60379280376853,14.819099615872117,49.60379280376853,Memphis,0.8167511147794209,82,0.125,0.875,Draft Kings,True,-1450.0,850.0,Memphis,-1450.0,STRONG,-11.873275618832102,-0.06465517241379311,-700,0.8988580750407831,Charlotte,2.3858075040783038,0.1875,20.5,Charlotte,20.5,BET,5.680900384127883,0.6401215540514507,54.5,U,50,BET,4.896207196231472,0.622321594003746,-11.941380006771148,50.73916646206148,-213.60836305385124,-14.341380006771152,14.66862715349701,1.0,Draft Kings,20.5,54.5,0.0,0.0,850.0,-1450.0,0.10114192495921696,0.25,0.0,0.0,,,0.0,0.0,0.0,6.875,20.895833333333332,-14.020833333333332,521.3913181771547,190.365509,99.74105069000001,0.08,0.0,0.0184,20.5,54.5,850.0,-1450.0,0.0,0.0,0.0,0.0,0.7975,0.6797266985787874,5.680900384127883,STRONG,spread,Charlotte,20.5,0.22205023955276937,0.6401215540514507,5.680900384127883,0.85,72.9,56.0,0.2,4.0
2026-09-29T05:24:41.143478+00:00,401864515,2026,5,2026-10-03T19:30:00.000Z,Wyoming,North Dakota State,18,31,17.775895531221998,30.900884468130705,13.12498893690871,48.6767799993527,-13.12498893690871,48.6767799993527,North Dakota State,0.7880914421501634,79,0.8571428571428571,0.8571428571428571,Draft Kings,True,750.0,-1200.0,North Dakota State,-1200.0,STRONG,-13.498548092675977,-0.07142857142857148,-600,0.8869565217391304,Wyoming,2.9813664596273353,0.21428571428571475,-18.5,Wyoming,18.5,BET,5.375011063091289,0.6328702451204318,45.5,O,49,LEAN,3.1767799993527035,0.5801054627151593,12.085068082543792,44.708641500341805,130.1099555447379,9.685068082543795,14.60655055445303,1.0,Draft Kings,-18.5,45.5,0.0,0.0,-1200.0,750.0,0.8869565217391304,0.25,0.0,0.0,,,0.0,0.0,0.0,13.708333333333334,7.020833333333333,6.687500000000001,581.1275180763625,274.4847717,-1925.6687923000002,0.0,0.0,0.0,-18.5,45.5,-1200.0,750.0,0.0,0.0,0.0,0.0,0.7975,0.6876161894136917,5.375011063091289,STRONG,spread,Wyoming,18.5,0.20820683159355158,0.6328702451204318,5.375011063091289,0.86,51.2,19.0,6.8,15.4
2026-09-29T05:24:41.143478+00:00,401866430,2026,5,2026-10-03T19:30:00.000Z,Akron,Central Michigan,21,29,20.950907468936663,29.272276971760213,8.321369502823549,50.223184440696876,-8.321369502823549,50.223184440696876,Central Michigan,0.6939546475932923,69,0.6794871794871795,0.6794871794871795,Draft Kings,True,195.0,-238.0,Central Michigan,-238.0,,-1.0187364241027286,-0.03501400560224083,-212,0.6750312469954812,Central Michigan,0.4455932491698289,-0.03501400560224083,-6.5,Central Michigan,-6.5,,1.8213695028235488,0.5457895903698622,46.5,O,50,LEAN,3.723184440696876,0.5936464928058713,6.545483025869114,49.466756374435406,67.3369627536008,4.145483025869115,22.49536725186394,1.0,Draft Kings,-6.5,46.5,0.0,0.0,-238.0,195.0,0.6750312469954812,0.25,0.0,0.0,,,0.0,0.0,0.0,6.875,7.145833333333333,-0.27083333333333304,240.24891512070465,240.9007721,-80.38673399999996,0.0,0.0,0.0,-6.5,46.5,-238.0,195.0,0.0,0.0,0.0,0.0,0.7975,0.5681170514827028,3.723184440696876,LEAN,total,O,46.5,0.13332512262939067,0.5936464928058713,3.723184440696876,0.61,66.0,3.0,9.8,10.5
2026-09-29T05:24:41.143478+00:00,401866433,2026,5,2026-10-03T19:30:00.000Z,Eastern Michigan,Massachusetts,24,30,24.29714187211698,29.939010881393465,5.641869009276481,54.236152753510446,-5.641869009276481,54.236152753510446,Massachusetts,0.6345041937486996,63,0.6562499999999999,0.6562499999999999,Draft Kings,True,180.0,-218.0,Massachusetts,-218.0,BET,-5.103039744626892,-0.042717889908257034,-191,0.6574752261956054,Eastern Michigan,0.12252261956054444,-0.037499999999999645,-6.0,Eastern Michigan,6.0,,0.3581309907235193,0.5090225749258602,48.5,O,54,BET,5.736152753510446,0.6424577827459005,3.1485108225066014,53.83509764006634,-44.13873602092508,0.7485108225066028,19.79097085689323,1.0,Draft Kings,-6.0,48.5,0.0,0.0,-218.0,180.0,0.6574752261956054,0.25,0.0,0.0,,,0.0,0.0,0.0,6.770833333333333,14.125,-7.354166666666667,567.3307520214134,46.58664703,-194.66211697,0.0,0.0,0.0,-6.0,48.5,-218.0,180.0,0.0,0.0,0.0,0.0,0.7975,0.6090830227073528,5.736152753510446,BET,total,O,48.5,0.22651031251490095,0.6424577827459005,5.736152753510446,0.76,68.3,10.0,7.0,8.9
2026-09-29T05:24:41.143478+00:00,401866434,2026,5,2026-10-03T19:30:00.000Z,Ohio,Kent State,33,22,33.26893671937135,22.261671421292775,-11.00726529807857,55.53060814066412,11.00726529807857,55.53060814066412,Ohio,0.7488151024426191,75,0.21745594315715605,0.7825440568428439,Draft Kings,True,-162.0,136.0,Ohio,-162.0,STRONG,13.049449175559612,0.26559594378287094,-360,0.593369754159424,Ohio,18.917430268341995,0.26559594378287094,3.0,Ohio,-3.0,STRONG,8.00726529807857,0.6934691536401829,50.5,O,56,BET,5.030608140664121,0.6255676951591811,-10.024475842517063,56.95963738487795,-145.8758629423112,-12.424475842517062,20.551275283413318,1.0,Draft Kings,3.0,50.5,0.0,0.0,136.0,-162.0,0.4066302458405761,0.25,0.0,0.0,,,0.0,0.0,0.0,7.145833333333333,13.854166666666666,-6.708333333333333,132.32948993092046,321.3641663,127.13327030000002,0.0,0.0,0.0,3.0,50.5,136.0,-162.0,0.0,0.0,0.0,0.0,0.7975,0.5975659946131288,8.00726529807857,STRONG,spread,Ohio,-3.0,0.3238956569494401,0.6934691536401829,8.00726529807857,0.75,69.8,18.0,8.1,8.7
2026-09-29T05:24:41.143478+00:00,401866477,2026,5,2026-10-03T19:30:00.000Z,Bowling Green,Miami (OH),22,28,21.93874468030977,27.684557394653726,5.745812714343956,49.6233020749635,-5.745812714343956,49.6233020749635,Miami (OH),0.6368835337061989,64,0.6562499999999999,0.6562499999999999,Draft Kings,True,410.0,-550.0,Miami (OH),-550.0,STRONG,-20.927031244764727,-0.22443181818181832,-191,0.8118668596237336,Bowling Green,15.561685962373383,0.7531250000000004,-13.5,Bowling Green,13.5,STRONG,7.754187285656044,0.6878355727955527,42.5,O,50,BET,7.123302074963497,0.674837687673265,9.403334490219951,49.20229706759147,91.487560502723,7.003334490219958,19.987408021763645,1.0,Draft Kings,-13.5,42.5,0.0,0.0,-550.0,410.0,0.8118668596237336,0.25,0.0,0.0,,,0.0,0.0,0.0,7.0,6.9375,0.0625,141.04694539671476,242.2643585,36.358611999999994,0.0,0.0,0.0,-13.5,42.5,-550.0,410.0,0.0,0.0,0.0,0.0,0.7975,0.6061074089036596,7.754187285656044,STRONG,spread,Bowling Green,13.5,0.3131406389733279,0.6878355727955527,7.754187285656044,0.76,66.9,36.0,10.5,12.8
2026-09-29T05:24:41.143478+00:00,401869956,2026,5,2026-10-03T19:30:00.000Z,Old Dominion,Georgia State,28,23,28.133368844071388,23.22672342355585,-4.906645420515535,51.36009226762724,4.906645420515535,51.36009226762724,Old Dominion,0.6175312656467039,62,0.3132530120481928,0.6867469879518072,Draft Kings,True,-102.0,-118.0,Old Dominion,-102.0,STRONG,11.258077059719895,0.3600283486888731,-219,0.4826358742837298,Old Dominion,20.411111366807745,0.3600283486888731,-1.5,Old Dominion,1.5,STRONG,6.406645420515535,0.6571211951354033,50.5,O,51,,0.8600922676272376,0.5218249597870593,-1.4381734926192635,54.89243411135307,-93.77261182649067,-3.8381734926192634,16.23634377676519,1.0,Draft Kings,-1.5,50.5,0.0,0.0,-118.0,-102.0,0.5173641257162701,0.25,0.0,0.0,,,0.0,0.0,0.0,7.0625,6.895833333333333,0.16666666666666696,505.00238277759564,287.0,283.852012157,0.08499999999999999,0.0,0.019549999999999998,-1.5,50.5,-118.0,-102.0,0.0,0.0,0.0,0.0,0.7975,0.6558000818395595,6.406645420515535,STRONG,moneyline,Old Dominion,-102.0,0.3600283486888731,0.6867469879518072,20.41111136680773,0.19,71.9,57.0,4.2,7.8
2026-09-29T05:24:41.143478+00:00,401869962,2026,5,2026-10-03T19:45:00.000Z,Marshall,James Madison,17,34,17.21857560441292,34.281960210341154,17.063384605928235,51.50053581475407,-17.063384605928235,51.50053581475407,James Madison,0.8507873602148935,85,0.9148936170212766,0.9148936170212766,Draft Kings,True,650.0,-1000.0,James Madison,-1000.0,BET,-5.830354887601552,0.006382978723404251,-1075,0.8720930232558138,James Madison,4.280059376546275,0.006382978723404251,-18.5,Marshall,18.5,,1.4366153940717652,0.5361468621405041,55.5,U,52,LEAN,3.9994641852459267,0.6004519508021128,16.904272520645137,54.47465855555829,135.40044381576172,14.504272520645138,15.421518798118807,1.0,Draft Kings,-18.5,55.5,0.0,0.0,-1000.0,650.0,0.8720930232558138,0.25,0.0,0.0,,,0.0,0.0,0.0,6.90625,13.885416666666666,-6.979166666666666,192.05450332326373,399.303009,235.57019039999997,0.045,0.0,0.01035,-18.5,55.5,-1000.0,650.0,0.0,0.0,0.0,0.0,0.7975,0.6714271375313264,3.9994641852459267,LEAN,total,U,55.5,0.14631736062221523,0.6004519508021128,3.9994641852459267,0.79,59.8,49.0,6.7,6.7
2026-09-29T05:24:41.143478+00:00,401858475,2026,5,2026-10-03T20:00:00.000Z,Maryland,Nebraska,19,38,19.349260471771654,37.83851640016343,18.489255928391778,57.187776871935085,-18.489255928391778,57.187776871935085,Nebraska,0.8700667325026091,87,0.9148936170212766,0.9148936170212766,Draft Kings,True,490.0,-675.0,Nebraska,-675.0,,-0.09010094328747442,0.050433412135539785,-1075,0.8370993168681029,Nebraska,7.779430015317368,0.050433412135539785,-14.5,Nebraska,-14.5,LEAN,3.9892559283917777,0.5994585954298572,52.5,O,57,BET,4.687776871935085,0.6172704530460605,16.88235604562223,55.89849462808074,116.91181132082556,14.482356045622229,21.751255520876224,1.0,Draft Kings,-14.5,52.5,0.0,0.0,-675.0,490.0,0.8370993168681029,0.25,0.0,0.0,,,0.0,0.0,0.0,6.958333333333333,7.104166666666667,-0.14583333333333393,1052.5585190874324,354.9318848,322.24440387,0.0,0.11479932685792381,0.01721989902868857,-14.5,52.5,-675.0,490.0,0.0,0.0,0.0,0.0,0.7975,0.5739014348825677,4.687776871935085,BET,total,O,52.5,0.17842541036066106,0.6172704530460605,4.687776871935085,0.72,69.0,1.0,8.0,12.8
2026-09-29T05:24:41.143478+00:00,401864514,2026,5,2026-10-03T20:00:00.000Z,UTEP,New Mexico,14,37,14.452754060710745,36.845817750216376,22.39306368950563,51.29857181092712,-22.39306368950563,51.29857181092712,New Mexico,0.913810383835571,91,0.99,0.99,Draft Kings,True,1100.0,-2100.0,New Mexico,-2100.0,BET,-4.073507070988358,0.03714285714285713,-9900,0.9197080291970804,New Mexico,7.02919708029196,0.03714285714285713,-22.5,UTEP,22.5,,0.10693631049436902,0.5026943097076116,48.5,O,51,LEAN,2.798571810927122,0.5706757955652355,20.959873450146517,53.19147044702383,183.6895123817992,18.55987345014652,16.480214353080534,1.0,Draft Kings,-22.5,48.5,0.0,0.0,-2100.0,1100.0,0.9197080291970804,0.25,0.0,0.0,,,0.0,0.0,0.0,7.020833333333333,6.791666666666667,0.22916666666666607,227.6727282850742,1554.471924,370.774048,0.0,0.0,0.0,-22.5,48.5,-2100.0,1100.0,0.0,0.0,0.0,0.0,0.7975,0.6592340863307322,2.798571810927122,LEAN,total,O,48.5,0.08947197335181323,0.5706757955652355,2.798571810927122,0.47,74.3,0.0,5.0,2.0
2026-09-29T05:24:41.143478+00:00,401856709,2026,5,2026-10-03T20:15:00.000Z,Kentucky,South Carolina,24,31,24.20332501184135,30.77756448401267,6.574239472171323,54.98088949585402,-6.574239472171323,54.98088949585402,South Carolina,0.6556515052335578,66,0.6794871794871795,0.6794871794871795,Draft Kings,True,120.0,-142.0,South Carolina,-142.0,STRONG,6.887464572942548,0.1579992777175876,-212,0.5634920634920635,South Carolina,11.599511599511603,0.1579992777175876,-2.5,South Carolina,-2.5,BET,4.074239472171323,0.601531507883977,53.5,O,55,,1.4808894958540222,0.5375409619839202,4.969104487152304,53.40412071811144,-19.22254897221228,2.5691044871523068,25.490348309291946,1.0,Draft Kings,-2.5,53.5,0.0,0.0,-142.0,120.0,0.5634920634920635,0.25,0.0,0.0,,,0.0,0.0,0.0,6.885416666666667,7.145833333333333,-0.2604166666666661,340.88001973610403,60.54548645,-246.87940974999998,0.065,0.0,0.014950000000000001,-2.5,53.5,-142.0,120.0,0.0,0.0,0.0,0.0,0.7975,0.5184510216570043,4.074239472171323,STRONG,moneyline,South Carolina,-142.0,0.1579992777175876,0.6794871794871795,11.599511599511603,0.09,73.0,53.0,5.5,11.9
2026-09-29T05:24:41.143478+00:00,401858472,2026,5,2026-10-03T20:15:00.000Z,Purdue,Illinois,23,36,22.960728947826844,35.94730641806653,12.986577470239688,58.908035365893376,-12.986577470239688,58.908035365893376,Illinois,0.7856394242811942,79,0.8571428571428571,0.8571428571428571,Draft Kings,True,295.0,-375.0,Illinois,-375.0,,-0.38342599293321733,0.08571428571428566,-600,0.7571884984025559,Illinois,9.995435874030123,0.08571428571428566,-10.0,Illinois,-10.0,LEAN,2.9865774702396877,0.5748049440475744,61.5,U,59,LEAN,2.591964634106624,0.5655071204905507,12.49822211441344,60.14721035026868,175.33395120074806,10.098222114413442,16.348359154350444,1.0,Draft Kings,-10.0,61.5,0.0,0.0,-375.0,295.0,0.7571884984025559,0.25,0.0,0.0,,,0.0,0.0,0.0,7.177083333333333,7.09375,0.08333333333333304,73.22218788822151,223.2471619,25.71339420000001,0.0,0.0,0.0,-10.0,61.5,-375.0,295.0,0.0,0.0,0.0,0.0,0.7975,0.6612314178931624,2.9865774702396877,LEAN,spread,Illinois,-10.0,0.09735489318173296,0.5748049440475744,2.9865774702396877,0.51,67.0,12.0,10.0,13.4
2026-09-29T05:24:41.143478+00:00,401860899,2026,5,2026-10-03T22:00:00.000Z,Oregon State,Colorado State,27,30,27.44858290484871,29.851350574550946,2.402767669702234,57.299933479399655,-2.402767669702234,57.299933479399655,Colorado State,0.5582054522030728,56,0.6562499999999999,0.6562499999999999,Draft Kings,True,-230.0,190.0,Colorado State,190.0,STRONG,21.337786599617626,0.9031249999999996,-191,0.33099297893681046,Colorado State,32.525702106318946,0.9031249999999996,6.0,Colorado State,6.0,STRONG,8.402767669702234,0.7021819242552525,60.5,U,57,LEAN,3.2000665206003447,0.5806846110460138,0.9004549229835206,55.29910503271504,-0.032358586351165286,-1.4995450770164744,15.43800263352118,1.0,Draft Kings,6.0,60.5,0.0,0.0,190.0,-230.0,0.33099297893681046,0.25,0.0,0.0,,,0.0,0.0,0.0,7.25,6.875,0.375,963.6247884167841,1528.4,1461.4925521900002,0.0,0.07437490382581095,0.011156235573871643,6.0,60.5,190.0,-230.0,0.0,0.0,0.0,0.0,0.7975,0.6708795387032293,8.402767669702234,STRONG,moneyline,Colorado State,190.0,0.9031249999999996,0.6562499999999999,32.525702106318946,0.26,72.0,3.0,12.8,10.7
2026-09-29T05:24:41.143478+00:00,401856711,2026,5,2026-10-03T23:00:00.000Z,Arkansas,Texas A&M,22,34,21.952687213922697,33.617299273815625,11.664612059892926,55.56998648773832,-11.664612059892926,55.56998648773832,Texas A&M,0.7614031621515008,76,0.8148148148148148,0.8148148148148148,Draft Kings,True,455.0,-625.0,Texas A&M,-625.0,STRONG,-10.066580336574049,-0.05481481481481487,-440,0.827123695976155,Arkansas,1.2308881161340213,0.027777777777778012,-14.0,Arkansas,14.0,LEAN,2.335387940107074,0.5586289738708576,51.5,O,56,LEAN,4.069986487738319,0.602184300865474,9.985038823473566,56.960141408632275,131.16788910302444,7.585038823473562,23.385511769574812,1.0,Draft Kings,-14.0,51.5,0.0,0.0,-625.0,455.0,0.827123695976155,0.25,0.0,0.0,,,0.0,0.0,0.0,6.979166666666667,6.958333333333333,0.020833333333333925,397.1914638596116,108.824585,-294.97265619999996,0.10999999999999999,0.0,0.0253,-14.0,51.5,-625.0,455.0,0.0,0.0,0.0,0.0,0.7975,0.5469154952994315,4.069986487738319,BET,total,O,51.5,0.14962457437954135,0.602184300865474,4.069986487738319,0.65,81.3,62.0,6.0,6.3
2026-09-29T05:24:41.143478+00:00,401856818,2026,5,2026-10-03T23:00:00.000Z,BYU,TCU,26,24,26.15364675312389,24.18030243390299,-1.9733443192208973,50.33394918702688,1.9733443192208973,50.33394918702688,BYU,0.5478584539270022,55,0.4166666666666667,0.5833333333333333,Draft Kings,True,-250.0,205.0,BYU,-250.0,STRONG,-16.642726035871213,-0.18333333333333343,-140,0.6853932584269663,TCU,10.205992509363304,0.27083333333333337,6.5,TCU,6.5,BET,4.526655680779102,0.6125173139870169,48.5,O,50,,1.8339491870268816,0.5464544683865542,-1.794844028097927,48.744623469466426,-86.67468125545315,-4.1948440280979264,13.781918705093087,1.0,Draft Kings,6.5,48.5,0.0,0.0,205.0,-250.0,0.31460674157303364,0.25,0.0,0.0,,,0.0,0.0,0.0,7.145833333333333,13.979166666666666,-6.833333333333333,947.7825310995305,185.4387054,-1226.6583406,0.0,0.06717387777251387,0.01007608166587708,6.5,48.5,205.0,-250.0,0.0,0.0,0.0,0.0,0.7975,0.696227755961044,4.526655680779102,BET,spread,TCU,6.5,0.16935123579339595,0.6125173139870169,4.526655680779102,0.87,71.3,37.0,5.5,8.9
2026-09-29T05:24:41.143478+00:00,401862788,2026,5,2026-10-03T23:00:00.000Z,UTSA,Rice,33,23,33.45313076073682,23.24031004280284,-10.212820717933978,56.69344080353966,10.212820717933978,56.69344080353966,UTSA,0.7331452709604841,73,0.23529411764705882,0.7647058823529411,Draft Kings,True,-440.0,340.0,UTSA,-440.0,STRONG,-8.166954385433067,-0.061497326203208635,-325,0.7819063004846527,Rice,1.720041813171147,0.03529411764705881,11.5,Rice,11.5,,1.2871792820660222,0.5323956372156328,54.5,O,57,,2.1934408035396586,0.5555063474126427,-10.566866514641276,60.38343380528774,-141.4346196341371,-12.966866514641278,17.547703765833205,1.0,Draft Kings,11.5,54.5,0.0,0.0,340.0,-440.0,0.21809369951534735,0.25,26.0,0.0,,,0.0,0.0,0.65,6.875,7.291666666666667,-0.41666666666666696,185.6148128183441,7.148301601,-194.404386999,0.105,0.0,0.42715000000000003,11.5,54.5,340.0,-440.0,0.0,0.0,0.0,0.0,0.7975,0.4919872487423938,2.1934408035396586,PASS,,,,0.0,,,0.0,88.4,61.0,7.0,7.8
2026-09-29T05:24:41.143478+00:00,401869942,2026,5,2026-10-03T23:00:00.000Z,Georgia Southern,Coastal Carolina,27,27,27.44399382425797,27.406502337697322,-0.03749148656064549,54.85049616195529,0.03749148656064549,54.85049616195529,Georgia Southern,0.5009114519276225,50,0.5483870967741935,0.4516129032258065,Draft Kings,True,-135.0,114.0,Georgia Southern,-135.0,STRONG,-7.355663317876049,-0.21385902031063314,121,0.551441114716549,Coastal Carolina,9.982821149074251,0.173548387096774,2.5,Coastal Carolina,2.5,LEAN,2.4625085134393547,0.5617953008447027,54.5,O,55,,0.35049616195529154,0.5088975916441856,-0.6724277697792154,54.98845829550034,-36.04689759093708,-3.0724277697792086,12.031185352099317,1.0,Draft Kings,2.5,54.5,0.0,0.0,114.0,-135.0,0.448558885283451,0.25,0.0,0.0,,,0.0,0.0,0.0,8.979166666666666,7.125,1.854166666666666,186.4578000498394,13.74894905,-47.50481987,0.0,0.0,0.0,2.5,54.5,114.0,-135.0,0.0,0.0,0.0,0.0,0.7975,0.726627606885179,2.4625085134393547,BET,moneyline,Coastal Carolina,114.0,0.173548387096774,0.5483870967741935,9.982821149074251,0.09,74.8,31.0,3.7,10.1
2026-09-29T05:24:41.143478+00:00,401871089,2026,5,2026-10-03T23:00:00.000Z,UL Monroe,South Alabama,20,37,20.129577629793594,36.94020300594175,16.810625376148153,57.06978063573534,-16.810625376148153,57.06978063573534,South Alabama,0.8471799936216754,85,0.9148936170212766,0.9148936170212766,Draft Kings,True,440.0,-600.0,South Alabama,-600.0,,-0.9962863521181697,0.06737588652482268,-1075,0.8223350253807106,South Alabama,9.255859164056602,0.06737588652482268,-14.0,South Alabama,-14.0,LEAN,2.8106253761481526,0.5704454033813116,56.5,O,57,,0.5697806357353414,0.5144623124856054,12.689666300138306,57.49494229172067,109.59921386586348,10.289666300138304,14.71093445510769,1.0,Draft Kings,-14.0,56.5,0.0,0.0,-600.0,440.0,0.8223350253807106,0.25,0.0,0.0,,,0.0,0.0,0.0,7.260416666666667,6.958333333333333,0.3020833333333339,260.77070097434773,45.0,22.001791,0.18999999999999997,0.0,0.043699999999999996,-14.0,56.5,-600.0,440.0,0.0,0.0,0.0,0.0,0.7975,0.6695461397817103,2.8106253761481526,LEAN,spread,South Alabama,-14.0,0.08903213372795837,0.5704454033813116,2.8106253761481526,0.48,75.7,78.0,3.7,8.5
2026-09-29T05:24:41.143478+00:00,401856821,2026,5,2026-10-03T23:30:00.000Z,Texas Tech,Colorado,32,17,32.35701805522988,16.619651993814305,-15.737366061415573,48.97667004904418,15.737366061415573,48.97667004904418,Texas Tech,0.8312233298534801,83,0.125,0.875,Draft Kings,True,-535.0,400.0,Texas Tech,-535.0,,-1.1296355185889895,0.03855140186915887,-700,0.8081570996978852,Texas Tech,6.684290030211482,0.03855140186915887,13.5,Texas Tech,-13.5,LEAN,2.237366061415573,0.5561848667963505,50.5,U,49,,1.5233299509558194,0.5386135202710188,-14.216000132001785,50.05273855294435,-187.1693405685719,-16.616000132001787,14.853536062772939,1.0,Draft Kings,13.5,50.5,0.0,0.0,400.0,-535.0,0.19184290030211482,0.25,0.0,0.0,,,0.0,0.0,0.0,7.3125,7.3125,0.0,481.4800722590612,1634.041138,653.2778934,0.0,0.0,0.0,13.5,50.5,410.0,-550.0,0.0,0.0,0.003921568627450994,-0.00363416111447612,0.7975,0.6838748735157875,2.237366061415573,LEAN,spread,Texas Tech,-13.5,0.0618074729748509,0.5561848667963505,2.237366061415573,0.34,69.9,4.0,12.0,10.3
2026-09-29T05:24:41.143478+00:00,401858249,2026,5,2026-10-03T23:30:00.000Z,Miami,Clemson,30,17,30.354638543403446,17.30203910675909,-13.052599436644355,47.656677650162536,13.052599436644355,47.656677650162536,Miami,0.7868110838114575,79,0.15789473684210525,0.8421052631578947,Draft Kings,True,-800.0,550.0,Miami,-800.0,STRONG,-10.207780507743136,-0.052631578947368474,-533,0.8524590163934427,Clemson,1.0353753235547853,0.02631578947368418,16.5,Clemson,16.5,LEAN,3.447400563355645,0.5861781137049773,48.5,U,48,,0.8433223498374645,0.521399833258082,-11.487345233953594,47.11781846434502,-83.05865693843771,-13.887345233953594,18.632652320909642,1.0,Draft Kings,16.5,48.5,0.0,0.0,550.0,-800.0,0.1475409836065574,0.25,0.0,0.0,,,0.0,0.0,0.0,7.875,7.041666666666667,0.833333333333333,622.1739646627788,205.6452179,203.020731454,0.135,0.0,0.031050000000000005,16.5,48.5,550.0,-800.0,0.0,0.0,0.0,0.0,0.7975,0.6159278763047108,3.447400563355645,BET,spread,Clemson,16.5,0.11906730798222942,0.5861781137049773,3.447400563355645,0.59,69.7,67.0,4.9,12.5
2026-09-29T05:24:41.143478+00:00,401858478,2026,5,2026-10-03T23:30:00.000Z,Washington,USC,25,30,25.124792503904406,30.346910375211866,5.222117871307458,55.47170287911627,-5.222117871307458,55.47170287911627,USC,0.6248439191236075,62,0.6562499999999999,0.6562499999999999,Draft Kings,True,295.0,-375.0,USC,-375.0,STRONG,-16.462976508691884,-0.16875000000000015,-191,0.7571884984025559,Washington,10.0938498402556,0.3578125000000004,-9.5,Washington,9.5,BET,4.277882128692542,0.6064869983899954,57.5,U,55,,2.028297120883728,0.5513513875808721,4.449756986029033,56.02796727969627,24.251092044442657,2.0497569860290366,14.685906838337335,1.0,Draft Kings,-9.5,57.5,0.0,0.0,-375.0,295.0,0.7571884984025559,0.25,0.0,0.0,,,0.0,0.0,0.0,7.0,6.854166666666667,0.14583333333333304,964.8980277867875,42.50374222,30.847514150000002,0.0,0.0749536489939943,0.011243047349099144,-9.5,57.5,-375.0,295.0,0.0,0.0,0.0,0.0,0.7975,0.6821695445698485,4.277882128692542,BET,spread,Washington,9.5,0.1578388151081731,0.6064869983899954,4.277882128692542,0.85,98.1,0.0,9.0,9.8
2026-09-29T05:24:41.143478+00:00,401860898,2026,5,2026-10-03T23:30:00.000Z,Utah State,Boise State,18,31,18.357158425805757,31.37735102110164,13.020192595295882,49.734509446907396,-13.020192595295882,49.734509446907396,Boise State,0.7862364428002651,79,0.8571428571428571,0.8571428571428571,Draft Kings,True,900.0,-1600.0,Boise State,-1600.0,STRONG,-15.494002778797022,-0.08928571428571433,-600,0.9039548022598869,Utah State,4.681194511702991,0.42857142857142894,-19.5,Utah State,19.5,STRONG,6.479807404704118,0.6588180826288301,51.5,U,50,,1.7654905530926044,0.5447278166678247,9.925735689808064,50.6287157167684,127.8821216846734,7.525735689808061,17.248874377941718,1.0,Draft Kings,-19.5,51.5,0.0,0.0,-1600.0,900.0,0.9039548022598869,0.25,0.0,0.0,,,0.0,0.0,0.0,7.166666666666667,7.0,0.16666666666666696,256.7688768691824,823.2221069,-604.6923221,0.0,0.0,0.0,-19.5,51.5,-1600.0,900.0,0.0,0.0,0.0,0.0,0.7975,0.6475904883291371,6.479807404704118,STRONG,spread,Utah State,19.5,0.25774361229140297,0.6588180826288301,6.479807404704118,0.81,80.2,0.0,2.3,3.4
2026-09-29T05:24:41.143478+00:00,401862792,2026,5,2026-10-03T23:30:00.000Z,Temple,South Florida,19,33,19.091999321069004,33.47379776401673,14.381798442947728,52.565797085085734,-14.381798442947728,52.565797085085734,South Florida,0.8095949234750381,81,0.9148936170212766,0.9148936170212766,Draft Kings,True,195.0,-238.0,South Florida,-238.0,STRONG,10.545291164071857,0.2993026998033256,-1075,0.6750312469954812,South Florida,23.986237002579536,0.2993026998033256,-6.0,South Florida,-6.0,STRONG,8.381798442947728,0.7017228258439562,49.5,O,53,LEAN,3.065797085085734,0.5773428945484792,12.09580255734491,54.38914910414081,176.2925111185698,9.695802557344912,11.491310256272062,1.0,Draft Kings,-6.0,49.5,0.0,0.0,-238.0,195.0,0.6750312469954812,0.25,0.0,0.0,,,0.0,0.0,0.0,7.104166666666667,8.145833333333334,-1.041666666666667,924.1800078447617,11.07972908,7.881022215,0.115,0.056445458111255314,0.034916818716688294,-6.0,50.5,-238.0,195.0,0.0,-1.0,0.0,0.0,0.7975,0.7206941993821921,8.381798442947728,STRONG,spread,South Florida,-6.0,0.33965266752028,0.7017228258439562,8.381798442947728,0.9,88.5,63.0,11.1,14.8
2026-09-29T05:24:41.143478+00:00,401869842,2026,5,2026-10-03T23:30:00.000Z,Army,Louisiana Tech,25,22,24.764476807222533,21.75872802475836,-3.0057487824641766,46.52320483198089,3.0057487824641766,46.52320483198089,Army,0.5726659882904689,57,0.4166666666666667,0.5833333333333333,Draft Kings,True,-130.0,110.0,Army,-130.0,,0.7448596986121103,0.03205128205128194,-140,0.5427435387673957,Army,4.058979456593759,0.03205128205128194,2.5,Army,-2.5,,0.5057487824641766,0.512740504486707,46.5,O,47,,0.023204831980891072,0.5005891196148785,-2.8684215839563443,46.649657125947044,-82.2115301603003,-5.268421583956343,12.865466734543237,1.0,Draft Kings,2.5,46.5,0.0,0.0,110.0,-130.0,0.4572564612326044,0.25,0.0,0.0,,,0.0,0.0,0.0,14.145833333333334,8.145833333333334,6.0,1195.8919099461816,72.87982941,-26.332946770000007,0.135,0.17995086815735528,0.0580426302236033,2.5,46.5,110.0,-130.0,0.0,0.0,0.0,0.0,0.7975,0.6911969609467726,0.5057487824641766,PASS,moneyline,Army,-130.0,0.03205128205128194,0.5833333333333333,4.05897945659377,0.0,76.8,67.0,3.9,5.4
2026-09-29T05:24:41.143478+00:00,401858477,2026,5,2026-10-04T00:00:00.000Z,Indiana,Rutgers,39,17,38.7639214523704,16.57963626833214,-22.18428518403826,55.34355772070254,22.18428518403826,55.34355772070254,Indiana,0.9117925070610926,91,0.01,0.99,Draft Kings,True,-2400.0,1200.0,Indiana,-2400.0,BET,-4.820749293890736,0.031249999999999986,-9900,0.9258160237388724,Indiana,6.4183976261127595,0.031249999999999986,24.5,Rutgers,24.5,LEAN,2.3157148159617407,0.5581386142434986,56.5,U,55,,1.1564422792974582,0.5293330547170043,-20.448439475463786,57.603127003184795,-266.78349135322765,-22.84843947546379,13.858687066387702,1.0,Draft Kings,24.5,56.5,0.0,0.0,1200.0,-2400.0,0.0741839762611276,0.25,0.0,0.0,,,0.0,0.0,0.0,14.1875,8.0,6.1875,645.8306600011,19.0,-212.6500854,0.0,0.0,0.0,24.5,56.5,1200.0,-2400.0,0.0,0.0,0.0,0.0,0.7975,0.698944763208948,2.3157148159617407,LEAN,spread,Rutgers,24.5,0.06553735446486098,0.5581386142434986,2.3157148159617407,0.37,65.5,21.0,4.6,9.2
2026-09-29T05:24:41.143478+00:00,401869932,2026,5,2026-10-04T00:00:00.000Z,Arkansas State,Louisiana,23,26,22.578299267174796,25.9924531502572,3.414153883082403,48.570752417432,-3.414153883082403,48.570752417432,Louisiana,0.5824063064794833,58,0.6562499999999999,0.6562499999999999,Draft Kings,True,205.0,-250.0,Louisiana,-250.0,STRONG,-13.187940780623098,-0.08125000000000016,-191,0.6853932584269663,Arkansas State,2.9143258426966465,0.048437500000000244,-6.5,Arkansas State,6.5,LEAN,3.085846116917597,0.5772605150933491,46.5,O,49,,2.070752417431997,0.5524201053050399,6.146767928147561,50.90316943213555,27.89959301056342,3.7467679281475617,14.579052973228805,1.0,Draft Kings,-6.5,46.5,0.0,0.0,-250.0,205.0,0.6853932584269663,0.25,0.0,0.0,,,0.0,0.0,0.0,7.0625,7.041666666666667,0.020833333333333037,397.24654927571595,3.556508303,-85.970400567,0.17500000000000002,0.0,0.04025000000000001,-6.5,46.5,-250.0,205.0,0.0,0.0,0.0,0.0,0.7975,0.6728013961329274,3.085846116917597,BET,spread,Arkansas State,6.5,0.1020428015418482,0.5772605150933491,3.085846116917597,0.55,74.6,75.0,7.6,17.7
2026-09-29T05:24:41.143478+00:00,401860921,2026,5,2026-10-04T01:30:00.000Z,Fresno State,Washington State,24,23,24.087251287123614,22.95843036106745,-1.1288209260561666,47.045681648191064,1.1288209260561666,47.045681648191064,Fresno State,0.5274210537638602,53,0.5483870967741935,0.4516129032258065,Draft Kings,True,110.0,-130.0,Fresno State,110.0,BET,5.123057757338401,-0.051612903225806306,121,0.4572564612326044,Washington State,0.5643558006797833,-0.02977667493796532,-2.5,Fresno State,2.5,LEAN,3.6288209260561666,0.5906363894295609,46.5,O,47,,0.5456816481910636,0.5138508773115926,-1.8091789667192053,44.198787970405505,-88.09022214831407,-4.209178966719204,17.625953464334962,1.0,Draft Kings,-2.5,46.5,0.0,0.0,-130.0,110.0,0.5427435387673957,0.25,0.0,0.0,,,0.0,0.0,0.0,7.083333333333333,6.979166666666667,0.10416666666666607,698.0725068603099,773.9526367,671.3885726999999,0.0,0.0,0.0,-2.5,46.5,-130.0,110.0,0.0,0.0,0.0,0.0,0.7975,0.6418785257517095,3.6288209260561666,BET,spread,Fresno State,2.5,0.12757856163825254,0.5906363894295609,3.6288209260561666,0.66,66.4,0.0,2.6,2.9
2026-09-29T05:24:41.143478+00:00,401856817,2026,5,2026-10-04T02:30:00.000Z,Baylor,Arizona State,25,28,25.32150350265413,28.340375008441377,3.0188715057872457,53.66187851109551,-3.0188715057872457,53.66187851109551,Arizona State,0.5729796838618197,57,0.6562499999999999,0.6562499999999999,Draft Kings,True,160.0,-192.0,Arizona State,-192.0,STRONG,-8.455456271352269,-0.0019531250000001665,-191,0.6309403437815976,Arizona State,2.530965621840231,-0.0019531250000001665,-4.0,Baylor,4.0,,0.9811284942127543,0.5247043632062585,49.5,O,54,LEAN,4.161878511095509,0.604438564402366,2.1535927865621396,54.323186244403544,47.43332340821348,-0.24640721343785854,14.187805577433569,1.0,Draft Kings,-4.0,49.5,0.0,0.0,-192.0,160.0,0.6309403437815976,0.25,0.0,0.0,,,0.0,0.0,0.0,14.4375,7.4375,7.0,872.313065124495,360.1569519,243.1031418,0.0,0.03286957505658863,0.004930436258488294,-4.0,49.5,-192.0,160.0,0.0,0.0,0.0,0.0,0.7975,0.6920774662688167,4.161878511095509,BET,total,O,49.5,0.15392816840451684,0.604438564402366,4.161878511095509,0.85,94.1,0.0,7.8,13.2
2026-09-29T05:24:41.143478+00:00,401860900,2026,5,2026-10-04T02:30:00.000Z,Texas State,San Diego State,24,30,24.210370691093175,29.5467561686713,5.336385477578126,53.757126859764476,-5.336385477578126,53.757126859764476,San Diego State,0.6274817670205078,63,0.6562499999999999,0.6562499999999999,Draft Kings,True,-192.0,160.0,San Diego State,160.0,STRONG,24.28663824051232,0.7062499999999997,-191,0.3690596562184025,San Diego State,28.71903437815974,0.7062499999999997,4.5,San Diego State,4.5,STRONG,9.836385477578126,0.732775225045584,59.5,U,54,BET,5.742873140235524,0.6426173891804295,0.010548675716353983,55.94210406844081,-43.678046460000814,-2.389451324283641,18.1791817018314,1.0,Draft Kings,4.5,59.5,0.0,0.0,160.0,-192.0,0.3690596562184025,0.25,0.0,0.0,,,0.0,0.0,0.0,7.4375,14.4375,-7.0,1148.734115543121,62.0,-115.86764529999999,0.0,0.15851550706505504,0.023777326059758255,4.5,59.5,160.0,-192.0,0.0,0.0,0.0,0.0,0.7975,0.6252136782975193,9.836385477578126,STRONG,moneyline,San Diego State,160.0,0.7062499999999997,0.6562499999999999,28.71903437815974,0.22,96.4,0.0,2.9,8.5
2026-09-29T05:24:41.143478+00:00,401856820,2026,5,2026-10-04T03:00:00.000Z,Cincinnati,Arizona,24,32,23.819692114993405,31.841242413434887,8.02155029844148,55.66093452842829,-8.02155029844148,55.66093452842829,Arizona,0.6875157355091436,69,0.6794871794871795,0.6794871794871795,Draft Kings,True,235.0,-290.0,Arizona,-290.0,BET,-5.607400808060003,-0.08620689655172409,-212,0.7135512302607419,Cincinnati,3.4064050773562338,0.07371794871794868,-7.0,Arizona,-7.0,,1.0215502984414808,0.5257207821291943,54.5,O,56,,1.1609345284282924,0.5294467934544991,6.822558485929832,55.53884505847343,29.22569998334893,4.4225584859298355,12.727964125769825,1.0,Draft Kings,-7.0,54.5,0.0,0.0,-290.0,235.0,0.7135512302607419,0.25,0.0,0.0,,,0.0,0.0,0.0,7.145833333333333,7.166666666666667,-0.020833333333333925,1551.7681361729233,742.1530151,512.0869597999999,0.0,0.3417127891695106,0.051256918375426584,-7.0,54.5,-290.0,235.0,0.0,0.0,0.0,0.0,0.7975,0.6958858316093439,1.1609345284282924,PASS,,,,0.0,,,0.0,86.5,0.0,13.9,21.3
2026-09-29T05:24:41.143478+00:00,401864513,2026,5,2026-10-04T03:59:00.000Z,San José State,Hawai'i,22,27,21.567860199664135,27.385615042561245,5.817754842897107,48.95347524222538,-5.817754842897107,48.95347524222538,Hawai'i,0.6385272547990539,64,0.6562499999999999,0.6562499999999999,Draft Kings,True,120.0,-142.0,Hawai'i,-142.0,BET,5.175039529492165,0.11839788732394346,-191,0.5634920634920635,Hawai'i,9.27579365079364,0.11839788732394346,-3.0,Hawai'i,-3.0,LEAN,2.8177548428971066,0.5706222200354775,51.5,U,49,LEAN,2.5465247577746197,0.5643688190241829,5.155631541663109,51.51285519941719,39.007142623184336,2.755631541663112,13.754445015620842,1.0,Draft Kings,-3.0,51.5,0.0,0.0,-142.0,120.0,0.5634920634920635,0.25,0.0,0.0,,,0.0,0.0,0.0,7.374305555555556,14.040972222222223,-6.666666666666667,2412.4200936063517,20.0,-8.307086940000001,0.0012857142857142887,0.5,0.07529571428571429,-3.0,51.5,-142.0,120.0,0.0,0.0,0.0,0.0,0.7975,0.6715132706219975,2.8177548428971066,STRONG,moneyline,Hawai'i,-142.0,0.11839788732394346,0.6562499999999999,9.27579365079364,0.09,79.1,1.0,9.1,25.3
