snapshot_at,game_id,season,week,date,away_team,home_team,away_score,home_score,away_score_exact,home_score_exact,model_margin_home,model_total,fair_spread_home,fair_total,winner,win_probability,win_pct,calibrated_home_probability,calibrated_winner_probability,provider,market_available,away_ml,home_ml,ml_team,ml_odds,ml_badge,ml_edge_pp,ml_est_roi,ml_fair_odds,no_vig_market_prob_winner,quant_best_ml_side,quant_best_ml_edge_pp,quant_best_ml_roi,market_spread_home,spread_team,spread_line,spread_badge,spread_edge_pts,cover_probability,market_total,total_dir,proj_total,total_badge,total_edge_pts,total_probability,baseline_margin,baseline_total,elo_diff_home,net_eff_diff_home
2026-09-29T03:41:17.904531+00:00,401871049,2026,5,2026-10-02T00:00:00.000Z,Western Kentucky,New Mexico State,28,28,27.820707115435216,28.427332723416708,0.6066256079814927,56.24803983885192,-0.6066256079814927,56.24803983885192,New Mexico State,0.5147442715034738,51,0.5153426385700607,0.5153426385700607,DraftKings,True,,,New Mexico State,,,,,-106,,,,,-2.5,Western Kentucky,2.5,,1.8933743920185075,0.5477837792908218,56.5,U,56,,0.2519601611480766,0.5064875471175555,1.4908568508229223,56.24803983885192,-114.16383763618228,-0.9091431491770728
2026-09-29T03:41:17.904531+00:00,401862786,2026,5,2026-10-02T01:00:00.000Z,North Texas,Tulsa,37,25,36.589981408219806,24.729691168495457,-11.860290239724351,61.31967257671526,11.860290239724351,61.31967257671526,North Texas,0.7650825569321202,77,0.2259975050876266,0.7740024949123734,DraftKings,True,,,North Texas,,,,,-342,,,,,-1.5,North Texas,1.5,STRONG,13.360290239724351,0.801561594197849,57.5,O,61,LEAN,3.819672576715263,0.5973671022704308,-9.508278155766844,61.31967257671526,-132.40035475631498,-11.90827815576684
2026-09-29T03:41:17.904531+00:00,401858245,2026,5,2026-10-02T23:00:00.000Z,Pittsburgh,Virginia Tech,26,26,25.94880121932717,26.38010141369092,0.4313001943637506,52.32890263301809,-0.4313001943637506,52.32890263301809,Virginia Tech,0.510484099652994,51,0.5109096778548808,0.5109096778548808,DraftKings,True,,,Virginia Tech,,,,,-104,,,,,-3.5,Pittsburgh,3.5,LEAN,3.0686998056362493,0.5771448291724056,54.5,U,52,,2.171097366981911,0.5557221135233147,-1.873495179031185,52.32890263301809,-61.04675057396412,-4.273495179031182
2026-09-29T03:41:17.904531+00:00,401871050,2026,5,2026-10-02T23:00:00.000Z,Liberty,Delaware,30,25,30.30682739909172,24.77994910960184,-5.5268782894898765,55.08677650869356,5.5268782894898765,55.08677650869356,Liberty,0.6318659404077221,63,0.3629913654380077,0.6370086345619923,DraftKings,True,,,Liberty,,,,,-175,,,,,7.0,Delaware,7.0,,1.4731217105101235,0.5372129226813761,49.5,O,55,BET,5.586776508693561,0.6407986758645732,-4.8077698462581,55.08677650869356,-17.556428727406,-7.207769846258097
2026-09-29T03:41:17.904531+00:00,401858476,2026,5,2026-10-03T00:00:00.000Z,Penn State,Northwestern,26,24,25.84256272901213,23.59940043780852,-2.243162291203607,49.44196316682065,2.243162291203607,49.44196316682065,Penn State,0.5543639950356897,55,0.4434432397780015,0.5565567602219985,DraftKings,True,,,Penn State,,,,,-126,,,,,2.5,Northwestern,2.5,,0.2568377087963931,0.5064971964866483,45.5,O,49,LEAN,3.941963166820649,0.6004187570963401,-3.827395250453783,49.44196316682065,-83.69981449003899,-6.227395250453782
2026-09-29T03:41:17.904531+00:00,401856707,2026,5,2026-10-03T16:00:00.000Z,Alabama,Mississippi State,34,31,33.89715734731724,31.386186474969204,-2.510970872348033,65.28334382228644,2.510970872348033,65.28334382228644,Alabama,0.5608066500378968,56,0.4367448269615809,0.563255173038419,DraftKings,True,,,Alabama,,,,,-129,,,,,6.0,Mississippi State,6.0,LEAN,3.489029127651967,0.587550646903317,60.5,O,65,BET,4.78334382228644,0.6212393760255959,-5.053301241720714,65.28334382228644,-136.81128256099328,-7.453301241720712
2026-09-29T03:41:17.904531+00:00,401856807,2026,5,2026-10-03T16:00:00.000Z,Middle Tennessee,Kansas,21,32,20.86534073968276,31.71641643111161,10.851075691428862,52.58175717079437,-10.851075691428862,52.58175717079437,Kansas,0.7457732804567192,75,0.7543038889526104,0.7543038889526104,DraftKings,True,,,Kansas,,,,,-307,,,,,-19.5,Middle Tennessee,19.5,STRONG,8.648924308571138,0.7083091320705446,50.5,O,53,,2.0817571707943685,0.5534432219932902,5.660736367526006,52.58175717079437,41.56437435521616,3.2607363675260084
2026-09-29T03:41:17.904531+00:00,401856819,2026,5,2026-10-03T16:00:00.000Z,UCF,Houston,22,29,21.7856349534254,29.210229595292304,7.424594641866903,50.995864548717705,-7.424594641866903,50.995864548717705,Houston,0.6745251722367205,67,0.6811131112636026,0.6811131112636026,DraftKings,True,,,Houston,,,,,-214,,,,,-12.5,UCF,12.5,BET,5.0754053581330965,0.6262150276771589,51.5,U,51,,0.5041354512822949,0.5129789152475921,5.493007045678876,50.995864548717705,73.34919208988708,3.0930070456788785
2026-09-29T03:41:17.904531+00:00,401856822,2026,5,2026-10-03T16:00:00.000Z,West Virginia,Iowa State,20,35,19.72709805226088,34.89295979903404,15.165861746773157,54.62005785129492,-15.165861746773157,54.62005785129492,Iowa State,0.8223047743160609,82,0.8319019663848495,0.8319019663848495,DraftKings,True,,,Iowa State,,,,,-495,,,,,-3.0,Iowa State,-3.0,STRONG,12.165861746773157,0.7797858969877607,52.5,O,55,,2.1200578512949164,0.5544204171734943,11.724595780373718,54.62005785129492,61.11539515271648,9.324595780373716
2026-09-29T03:41:17.904531+00:00,401858246,2026,5,2026-10-03T16:00:00.000Z,Boston College,SMU,19,34,19.00079306506707,34.174508106038715,15.173715040971649,53.17530117110579,-15.173715040971649,53.17530117110579,SMU,0.8224293084183563,82,0.8320270494279012,0.8320270494279012,DraftKings,True,,,SMU,,,,,-495,,,,,-21.0,Boston College,21.0,BET,5.826284959028353,0.6441077626507759,55.5,U,53,,2.3246988288942134,0.5596358382337866,11.992931189800103,53.17530117110579,177.4966838162129,9.592931189800105
2026-09-29T03:41:17.904531+00:00,401858250,2026,5,2026-10-03T16:00:00.000Z,Notre Dame,North Carolina,35,15,34.998636263378614,14.953932203453718,-20.044704059924896,49.95256846683233,20.044704059924896,49.95256846683233,Notre Dame,0.8890503381228172,89,0.1018484753106338,0.8981515246893661,DraftKings,True,,,Notre Dame,,,,,-882,,,,,21.0,North Carolina,21.0,,0.9552959400751035,0.5241523164359918,47.5,O,50,,2.452568466832332,0.5628895015184628,-19.423125352085737,49.95256846683233,-223.02848416882648,-21.823125352085743
2026-09-29T03:41:17.904531+00:00,401858251,2026,5,2026-10-03T16:00:00.000Z,Stanford,Wake Forest,21,33,21.34841045900179,33.040271709227355,11.691861250225564,54.388682168229145,-11.691861250225564,54.388682168229145,Wake Forest,0.7619174196562892,76,0.7707783662252105,0.7707783662252105,DraftKings,True,,,Wake Forest,,,,,-336,,,,,-13.5,Stanford,13.5,,1.808138749774436,0.5456422885328589,53.5,O,54,,0.8886821682291455,0.5228705265527065,10.420508422028412,54.388682168229145,91.56271605251096,8.020508422028406
2026-09-29T03:41:17.904531+00:00,401858252,2026,5,2026-10-03T16:00:00.000Z,Syracuse,UConn,22,32,21.882313972744207,32.06042957947128,10.17811560672708,53.94274355221549,-10.17811560672708,53.94274355221549,UConn,0.7324496476389067,73,0.7406731067303421,0.7406731067303421,DraftKings,True,,,UConn,,,,,-286,,,,,6.5,UConn,6.5,STRONG,16.67811560672708,0.8548821258244599,50.5,O,54,LEAN,3.442743552215489,0.5879245558627866,8.656638197759587,53.94274355221549,74.48108466123676,6.256638197759587
2026-09-29T03:41:17.904531+00:00,401858474,2026,5,2026-10-03T16:00:00.000Z,Michigan,Minnesota,24,22,24.306095182134435,22.220378260731472,-2.085716921402965,46.52647344286591,2.085716921402965,46.52647344286591,Michigan,0.550569517065337,55,0.4473889377079135,0.5526110622920865,DraftKings,True,,,Michigan,,,,,-124,,,,,5.5,Minnesota,5.5,LEAN,3.414283078597035,0.5857044790462016,43.5,O,47,LEAN,3.026473442865907,0.5774372077138198,-2.978754181550755,46.52647344286591,-63.6364774579647,-5.378754181550752
2026-09-29T03:41:17.904531+00:00,401862791,2026,5,2026-10-03T16:00:00.000Z,Navy,Air Force,25,32,25.173626961300293,31.72468717553312,6.551060214232818,56.898314136833406,-6.551060214232818,56.898314136833406,Air Force,0.6551313035952279,66,0.661082954132271,0.661082954132271,DraftKings,True,,,Air Force,,,,,-195,,,,,-3.5,Air Force,-3.5,LEAN,3.051060214232818,0.5767069045290399,46.5,O,57,STRONG,10.398314136833406,0.7489380348077981,1.2354686240129382,56.898314136833406,-78.56113449452937,-1.1645313759870568
2026-09-29T03:41:17.904531+00:00,401858479,2026,5,2026-10-03T16:30:00.000Z,Michigan State,Wisconsin,18,27,17.999662298064532,26.54058508294023,8.540922784875697,44.54024738100476,-8.540922784875697,44.54024738100476,Wisconsin,0.6986321980303325,70,0.7059540228868628,0.7059540228868628,DraftKings,True,,,Wisconsin,,,,,-240,,,,,-10.5,Michigan State,10.5,,1.959077215124303,0.5494335755360725,43.5,O,45,,1.040247381004761,0.5267656759660883,5.583716904766153,44.54024738100476,50.80025263199059,3.183716904766155
2026-09-29T03:41:17.904531+00:00,401856705,2026,5,2026-10-03T16:45:00.000Z,Vanderbilt,Georgia,22,39,21.675480001727216,38.752029596303466,17.076549594576253,60.42750959803068,-17.076549594576253,60.42750959803068,Georgia,0.8509736792936974,85,0.8605670179236555,0.8605670179236555,DraftKings,True,,,Georgia,,,,,-617,,,,,-24.5,Vanderbilt,24.5,STRONG,7.423450405423747,0.6810872007783995,50.5,O,60,STRONG,9.927509598030682,0.7391619566299099,12.335284523196703,60.42750959803068,124.25991541426151,9.935284523196705
2026-09-29T03:41:17.904531+00:00,401866432,2026,5,2026-10-03T17:00:00.000Z,Western Michigan,Buffalo,26,22,26.06337222140498,22.21336857394492,-3.850003647460061,48.276740795349895,3.850003647460061,48.276740795349895,Western Michigan,0.5927455428060486,59,0.4035615130396165,0.5964384869603835,DraftKings,True,,,Western Michigan,,,,,-148,,,,,13.5,Buffalo,13.5,STRONG,9.649996352539938,0.7297087806012512,46.5,O,48,,1.7767407953498946,0.5456500005510851,-4.579868168875997,48.276740795349895,-82.40298752878698,-6.979868168875994
2026-09-29T03:41:17.904531+00:00,401866431,2026,5,2026-10-03T18:00:00.000Z,Toledo,Ball State,38,17,37.96695097366259,16.9018797214883,-21.06507125217429,54.86883069515089,21.06507125217429,54.86883069515089,Toledo,0.900371773725114,90,0.0908084120213585,0.9091915879786414,DraftKings,True,,,Toledo,,,,,-1001,,,,,19.5,Toledo,-19.5,,1.565071252174295,0.5395282924602313,51.5,O,55,LEAN,3.3688306951508906,0.5860667759383855,-16.116848766046118,54.86883069515089,-160.72540967674126,-18.51684876604612
2026-09-29T03:41:17.904531+00:00,401856708,2026,5,2026-10-03T19:30:00.000Z,Florida,Missouri,29,27,28.9902591069877,26.80924039168757,-2.1810187153001293,55.79949949867528,2.1810187153001293,55.79949949867528,Florida,0.5528668923185746,55,0.4449999564474342,0.5550000435525658,DraftKings,True,,,Florida,,,,,-125,,,,,4.5,Missouri,4.5,LEAN,2.3189812846998707,0.5584548667271173,56.5,U,56,,0.7005005013247256,0.5180313520918932,0.09862028669367,55.79949949867528,19.69839871357226,-2.3013797133063303
2026-09-29T03:41:17.904531+00:00,401856710,2026,5,2026-10-03T19:30:00.000Z,Auburn,Tennessee,22,30,22.09331220226417,30.48071810590132,8.387405903637152,52.57403030816549,-8.387405903637152,52.57403030816549,Tennessee,0.6953649201878116,70,0.7025913514380631,0.7025913514380631,DraftKings,True,,,Tennessee,,,,,-236,,,,,-7.0,Tennessee,-7.0,,1.387405903637152,0.5350533861104989,53.5,U,53,,0.92596969183451,0.523829014158535,6.231968182857326,52.57403030816549,78.07701183572908,3.8319681828573264
2026-09-29T03:41:17.904531+00:00,401858247,2026,5,2026-10-03T19:30:00.000Z,California,UNLV,20,30,20.052415408859463,30.478871316086096,10.426455907226632,50.53128672494556,-10.426455907226632,50.53128672494556,UNLV,0.7374071149516681,74,0.7457483114842152,0.7457483114842152,DraftKings,True,,,UNLV,,,,,-293,,,,,-2.5,UNLV,-2.5,STRONG,7.926455907226632,0.6923906276957823,53.5,U,51,LEAN,2.9687132750544407,0.5759774949520032,8.765867945754412,50.53128672494556,92.93929149787346,6.365867945754415
2026-09-29T03:41:17.904531+00:00,401858248,2026,5,2026-10-03T19:30:00.000Z,Louisville,NC State,30,30,30.000934148685868,29.553235922128867,-0.4476982265570044,59.554170070814735,0.4476982265570044,59.554170070814735,Louisville,0.5108826080183004,51,0.4886756456068445,0.5113243543931554,DraftKings,True,,,Louisville,,,,,-105,,,,,5.5,NC State,5.5,BET,5.052301773442996,0.6256599229005017,58.5,O,60,,1.0541700708147346,0.5271233594335578,-1.656727278410667,59.554170070814735,-36.74658446161766,-4.056727278410666
2026-09-29T03:41:17.904531+00:00,401858253,2026,5,2026-10-03T19:30:00.000Z,Virginia,Florida State,27,24,26.96324525263215,24.16730970281806,-2.795935549814091,51.13055495545021,2.795935549814091,51.13055495545021,Virginia,0.5676443440761292,57,0.4296372141899995,0.5703627858100004,DraftKings,True,,,Virginia,,,,,-133,,,,,2.5,Virginia,-2.5,,0.2959355498140912,0.5074861420269515,51.5,U,51,,0.3694450445497921,0.5095121015946191,-2.9342684539595503,51.13055495545021,-92.88986704721152,-5.334268453959551
2026-09-29T03:41:17.904531+00:00,401858473,2026,5,2026-10-03T19:30:00.000Z,Ohio State,Iowa,25,20,25.46484422205208,20.090311575963486,-5.37453264608859,45.55515579801556,5.37453264608859,45.55515579801556,Ohio State,0.6283610650613835,63,0.3666219154942491,0.6333780845057508,DraftKings,True,,,Ohio State,,,,,-173,,,,,14.0,Iowa,14.0,STRONG,8.62546735391141,0.7077983715798958,45.5,O,46,,0.0551557980155621,0.5014202279181262,-6.317539587612021,45.55515579801556,-61.903651346494144,-8.717539587612022
2026-09-29T03:41:17.904531+00:00,401862787,2026,5,2026-10-03T19:30:00.000Z,Memphis,Charlotte,32,19,31.877325660776705,18.86184080128477,-13.015484859491927,50.73916646206148,13.015484859491927,50.73916646206148,Memphis,0.7861528898284087,79,0.2045872419579901,0.7954127580420098,DraftKings,True,,,Memphis,,,,,-389,,,,,20.5,Charlotte,20.5,STRONG,7.484515140508071,0.6824687323527961,54.5,U,51,LEAN,3.7608335379385167,0.595896696427706,-11.941380006771148,50.73916646206148,-213.60836305385124,-14.341380006771152
2026-09-29T03:41:17.904531+00:00,401864515,2026,5,2026-10-03T19:30:00.000Z,Wyoming,North Dakota State,13,31,13.390673437879991,31.31796806246181,17.92729462458182,44.708641500341805,-17.92729462458182,44.708641500341805,North Dakota State,0.8626848669020517,86,0.8721929002660906,0.8721929002660906,DraftKings,True,,,North Dakota State,,,,,-682,,,,,-18.5,Wyoming,18.5,,0.572705375418181,0.5144851239376134,45.5,U,45,,0.7913584996581946,0.5203681813941134,12.085068082543792,44.708641500341805,130.1099555447379,9.685068082543795
2026-09-29T03:41:17.904531+00:00,401866430,2026,5,2026-10-03T19:30:00.000Z,Akron,Central Michigan,20,30,19.737229990446576,29.72952638398883,9.992296393542256,49.466756374435406,-9.992296393542256,49.466756374435406,Central Michigan,0.7287096345253572,73,0.7368416622056351,0.7368416622056351,DraftKings,True,,,Central Michigan,,,,,-280,,,,,-6.5,Central Michigan,-6.5,LEAN,3.492296393542256,0.5876313019139855,46.5,O,49,LEAN,2.966756374435405,0.5759280218548067,6.545483025869114,49.466756374435406,67.3369627536008,4.145483025869115
2026-09-29T03:41:17.904531+00:00,401866433,2026,5,2026-10-03T19:30:00.000Z,Eastern Michigan,Massachusetts,24,30,23.831905803145723,30.00319183692061,6.171286033774891,53.83509764006634,-6.171286033774891,53.83509764006634,Massachusetts,0.6465670583156139,65,0.6522262938606479,0.6522262938606479,DraftKings,True,,,Massachusetts,,,,,-188,,,,,-6.0,Massachusetts,-6.0,,0.1712860337748907,0.5043331111292096,48.5,O,54,BET,5.335097640066337,0.6347084596396542,3.1485108225066014,53.83509764006634,-44.13873602092508,0.7485108225066028
2026-09-29T03:41:17.904531+00:00,401866434,2026,5,2026-10-03T19:30:00.000Z,Ohio,Kent State,34,23,33.73724688208843,23.222390502789523,-10.514856379298903,56.95963738487795,10.514856379298903,56.95963738487795,Ohio,0.739160386174823,74,0.2524577432328141,0.7475422567671859,DraftKings,True,,,Ohio,,,,,-296,,,,,3.0,Ohio,-3.0,STRONG,7.514856379298903,0.6831542316998951,50.5,O,57,BET,6.459637384877951,0.661636149638949,-10.024475842517065,56.95963738487795,-145.8758629423112,-12.424475842517062
2026-09-29T03:41:17.904531+00:00,401866477,2026,5,2026-10-03T19:30:00.000Z,Bowling Green,Miami (OH),18,31,18.387008079279934,30.81528898831154,12.428280909031606,49.20229706759147,-12.428280909031606,49.20229706759147,Miami (OH),0.775582953639011,78,0.7846841195086578,0.7846841195086578,DraftKings,True,,,Miami (OH),,,,,-364,,,,,-13.5,Bowling Green,13.5,,1.0717190909683936,0.5270915076806708,42.5,O,49,BET,6.7022970675914735,0.6673454533982309,9.403334490219953,49.20229706759147,91.487560502723,7.003334490219958
2026-09-29T03:41:17.904531+00:00,401869956,2026,5,2026-10-03T19:30:00.000Z,Old Dominion,Georgia State,28,27,27.91845753633361,26.97397657501946,-0.9444809613141516,54.89243411135307,0.9444809613141516,54.89243411135307,Old Dominion,0.5229485352880022,52,0.4761207851424259,0.523879214857574,DraftKings,True,,,Old Dominion,,,,,-110,,,,,-1.5,Old Dominion,1.5,LEAN,2.4444809613141514,0.5615937460918894,50.5,O,55,LEAN,4.392434111353069,0.6116056900560598,-1.4381734926192635,54.89243411135307,-93.77261182649067,-3.838173492619264
2026-09-29T03:41:17.904531+00:00,401869962,2026,5,2026-10-03T19:45:00.000Z,Marshall,James Madison,16,39,15.655683343803195,38.818975211755095,23.16329186795189,54.47465855555829,-23.16329186795189,54.47465855555829,James Madison,0.9209565610949668,92,0.929062884205368,0.929062884205368,DraftKings,True,,,James Madison,,,,,-1310,,,,,-18.5,James Madison,-18.5,BET,4.663291867951898,0.6162749832064057,55.5,U,54,,1.0253414444417075,0.5263827082996355,16.904272520645137,54.47465855555829,135.40044381576172,14.504272520645138
2026-09-29T03:41:17.904531+00:00,401858475,2026,5,2026-10-03T20:00:00.000Z,Maryland,Nebraska,17,39,16.549426869216465,39.34906775886428,22.79964088964781,55.89849462808074,-22.79964088964781,55.89849462808074,Nebraska,0.9176405993586808,92,0.9258815414484224,0.9258815414484224,DraftKings,True,,,Nebraska,,,,,-1249,,,,,-14.5,Nebraska,-14.5,STRONG,8.299640889647812,0.7006610679422745,52.5,O,56,LEAN,3.3984946280807407,0.586812604861938,16.88235604562223,55.89849462808074,116.91181132082556,14.482356045622227
2026-09-29T03:41:17.904531+00:00,401864514,2026,5,2026-10-03T20:00:00.000Z,UTEP,New Mexico,14,39,13.882092761682795,39.30937768534103,25.42728492365824,53.19147044702383,-25.42728492365824,53.19147044702383,New Mexico,0.9393691404952574,94,0.946563969765238,0.946563969765238,DraftKings,True,,,New Mexico,,,,,-1771,,,,,-22.5,New Mexico,-22.5,LEAN,2.927284923658238,0.5736313938544523,48.5,O,53,BET,4.691470447023832,0.6189817380195164,20.95987345014652,53.19147044702383,183.6895123817992,18.55987345014652
2026-09-29T03:41:17.904531+00:00,401856709,2026,5,2026-10-03T20:15:00.000Z,Kentucky,South Carolina,24,29,24.09076863196917,29.31335208614228,5.222583454173105,53.40412071811144,-5.222583454173105,53.40412071811144,South Carolina,0.6248546789743415,62,0.6297450555956391,0.6297450555956391,DraftKings,True,,,South Carolina,,,,,-170,,,,,-2.5,South Carolina,-2.5,LEAN,2.7225834541731047,0.5685353146023127,53.5,U,53,,0.0958792818885569,0.5024688220691861,4.969104487152304,53.40412071811144,-19.22254897221228,2.5691044871523068
2026-09-29T03:41:17.904531+00:00,401858472,2026,5,2026-10-03T20:15:00.000Z,Purdue,Illinois,23,37,23.31618575935167,36.83102459091701,13.51483883156534,60.14721035026868,-13.51483883156534,60.14721035026868,Illinois,0.7949089908887252,79,0.8042810457596842,0.8042810457596842,DraftKings,True,,,Illinois,,,,,-411,,,,,-10.0,Illinois,-10.0,LEAN,3.5148388315653403,0.588187678583764,61.5,U,60,,1.3527896497313208,0.5347893654833773,12.49822211441344,60.14721035026868,175.33395120074806,10.098222114413442
2026-09-29T03:41:17.904531+00:00,401860899,2026,5,2026-10-03T22:00:00.000Z,Oregon State,Colorado State,26,29,26.323341867039343,28.975763165675698,2.6524212986363525,55.29910503271504,-2.6524212986363525,55.29910503271504,Colorado State,0.5642031359599176,56,0.5667859422772601,0.5667859422772601,DraftKings,True,,,Colorado State,,,,,-131,,,,,6.0,Colorado State,6.0,STRONG,8.652421298636352,0.7083852411818529,60.5,U,55,BET,5.20089496728496,0.6314469194962773,0.9004549229835206,55.29910503271504,-0.0323585863511652,-1.4995450770164744
2026-09-29T03:41:17.904531+00:00,401856711,2026,5,2026-10-03T23:00:00.000Z,Arkansas,Texas A&M,24,33,23.90957575383109,33.05056565480119,9.1409899009701,56.96014140863228,-9.1409899009701,56.96014140863228,Texas A&M,0.7112491901525234,71,0.7189263481056034,0.7189263481056034,DraftKings,True,,,Texas A&M,,,,,-256,,,,,-14.0,Arkansas,14.0,BET,4.8590100990299,0.6210056382732688,51.5,O,57,BET,5.460141408632275,0.6377386724099493,9.985038823473566,56.96014140863228,131.16788910302444,7.585038823473562
2026-09-29T03:41:17.904531+00:00,401856818,2026,5,2026-10-03T23:00:00.000Z,BYU,TCU,25,24,24.75716234892878,23.987461120537645,-0.7697012283911344,48.744623469466426,0.7697012283911344,48.744623469466426,BYU,0.5187052899608448,52,0.4805358167936047,0.5194641832063953,DraftKings,True,,,BYU,,,,,-108,,,,,6.5,TCU,6.5,BET,5.730298771608865,0.6418371656983829,48.5,O,49,,0.2446234694664255,0.5062986556739645,-1.794844028097927,48.744623469466426,-86.67468125545315,-4.1948440280979264
2026-09-29T03:41:17.904531+00:00,401862788,2026,5,2026-10-03T23:00:00.000Z,UTSA,Rice,36,24,36.218187234462505,24.16524657082524,-12.052940663637267,60.38343380528774,12.052940663637267,60.38343380528774,UTSA,0.7686741767643464,77,0.2223413557826459,0.7776586442173541,DraftKings,True,,,UTSA,,,,,-350,,,,,11.5,UTSA,-11.5,,0.5529406636372673,0.5139854343823572,54.5,O,60,BET,5.883433805287737,0.647931517931898,-10.566866514641276,60.38343380528774,-141.4346196341371,-12.966866514641278
2026-09-29T03:41:17.904531+00:00,401869942,2026,5,2026-10-03T23:00:00.000Z,Georgia Southern,Coastal Carolina,28,27,27.78841716275071,27.200041132749625,-0.5883760300010841,54.98845829550034,0.5883760300010841,54.98845829550034,Georgia Southern,0.5143009013986405,51,0.4851187081967461,0.5148812918032539,DraftKings,True,,,Georgia Southern,,,,,-106,,,,,2.5,Coastal Carolina,2.5,,1.911623969998916,0.548242109743954,54.5,O,55,,0.4884582955003367,0.512575444338886,-0.6724277697792154,54.98845829550034,-36.04689759093708,-3.0724277697792086
2026-09-29T03:41:17.904531+00:00,401871089,2026,5,2026-10-03T23:00:00.000Z,UL Monroe,South Alabama,19,39,18.902407011717344,38.592535280003325,19.69012826828597,57.49494229172067,-19.69012826828597,57.49494229172067,South Alabama,0.8849081793168652,88,0.8940951157130228,0.8940951157130228,DraftKings,True,,,South Alabama,,,,,-844,,,,,-14.0,South Alabama,-14.0,BET,5.690128268285978,0.6408854176481718,56.5,O,57,,0.994942291720669,0.5256016092120823,12.689666300138306,57.49494229172067,109.59921386586348,10.289666300138304
2026-09-29T03:41:17.904531+00:00,401856821,2026,5,2026-10-03T23:30:00.000Z,Texas Tech,Colorado,33,17,33.450512920540945,16.602225632403407,-16.848287288137534,50.05273855294435,16.848287288137534,50.05273855294435,Texas Tech,0.8477211387169903,85,0.142671041490112,0.857328958509888,DraftKings,True,,,Texas Tech,,,,,-601,,,,,13.5,Texas Tech,-13.5,LEAN,3.3482872881375343,0.5840728586455763,50.5,U,50,,0.4472614470556522,0.5115151324284011,-14.216000132001785,50.05273855294435,-187.1693405685719,-16.616000132001787
2026-09-29T03:41:17.904531+00:00,401858249,2026,5,2026-10-03T23:30:00.000Z,Miami,Clemson,31,16,30.69408710531353,16.42373135903149,-14.270355746282045,47.11781846434502,14.270355746282045,47.11781846434502,Miami,0.8077441413745143,81,0.18275335506905,0.81724664493095,DraftKings,True,,,Miami,,,,,-447,,,,,16.5,Clemson,16.5,LEAN,2.2296442537179573,0.5562182024367308,48.5,U,47,,1.3821815356549791,0.5355432477203265,-11.487345233953594,47.11781846434502,-83.05865693843771,-13.887345233953594
2026-09-29T03:41:17.904531+00:00,401858478,2026,5,2026-10-03T23:30:00.000Z,Washington,USC,25,31,25.31562499893345,30.71234228076281,5.396717281829359,56.02796727969627,-5.396717281829359,56.02796727969627,USC,0.6288721168123286,63,0.6339075186519952,0.6339075186519952,DraftKings,True,,,USC,,,,,-173,,,,,-9.5,Washington,9.5,BET,4.103282718170641,0.6026453626158396,57.5,U,56,,1.47203272030373,0.537847068009467,4.449756986029033,56.02796727969627,24.251092044442657,2.049756986029037
2026-09-29T03:41:17.904531+00:00,401860898,2026,5,2026-10-03T23:30:00.000Z,Utah State,Boise State,19,32,18.74406025343536,31.884655463333043,13.140595209897688,50.6287157167684,-13.140595209897688,50.6287157167684,Boise State,0.7883668808545893,79,0.7976568142533362,0.7976568142533362,DraftKings,True,,,Boise State,,,,,-394,,,,,-19.5,Utah State,19.5,STRONG,6.359404790102312,0.6566241376388469,51.5,U,51,,0.8712842832316028,0.5224232627966708,9.925735689808064,50.6287157167684,127.8821216846734,7.525735689808061
2026-09-29T03:41:17.904531+00:00,401862792,2026,5,2026-10-03T23:30:00.000Z,Temple,South Florida,20,35,19.74546415948097,34.64368494465984,14.898220785178856,54.38914910414081,-14.898220785178856,54.38914910414081,South Florida,0.818027738083605,82,0.8276033239601034,0.8276033239601034,DraftKings,True,,,South Florida,,,,,-480,,,,,-6.0,South Florida,-6.0,STRONG,8.898220785178857,0.713711515426248,50.5,O,54,LEAN,3.889149104140813,0.5991015689856967,12.09580255734491,54.38914910414081,176.2925111185698,9.695802557344912
2026-09-29T03:41:17.904531+00:00,401869842,2026,5,2026-10-03T23:30:00.000Z,Army,Louisiana Tech,24,23,23.809739633262343,22.8399174926847,-0.96982214057764,46.64965712594704,0.96982214057764,46.64965712594704,Army,0.5235635556733367,52,0.4754808834956491,0.5245191165043508,DraftKings,True,,,Army,,,,,-110,,,,,2.5,Louisiana Tech,2.5,,1.53017785942236,0.5386497998367834,46.5,O,47,,0.1496571259470442,0.5038535272760075,-2.8684215839563443,46.64965712594704,-82.2115301603003,-5.268421583956343
2026-09-29T03:41:17.904531+00:00,401858477,2026,5,2026-10-04T00:00:00.000Z,Indiana,Rutgers,41,17,40.62042581969197,16.982701183492825,-23.637724636199145,57.6031270031848,23.637724636199145,57.6031270031848,Indiana,0.9251294211134604,93,0.0669455985762726,0.9330544014237274,DraftKings,True,,,Indiana,,,,,-1394,,,,,24.5,Rutgers,24.5,,0.8622753638008547,0.521802988437343,56.5,O,58,,1.1031270031847953,0.528380921096691,-20.448439475463783,57.6031270031848,-266.78349135322765,-22.84843947546379
2026-09-29T03:41:17.904531+00:00,401869932,2026,5,2026-10-04T00:00:00.000Z,Arkansas State,Louisiana,22,29,21.66387942806516,29.23929000407039,7.575410576005233,50.90316943213555,-7.575410576005233,50.90316943213555,Louisiana,0.6778280223727761,68,0.6845204521659085,0.6845204521659085,DraftKings,True,,,Louisiana,,,,,-217,,,,,-6.5,Louisiana,-6.5,,1.0754105760052326,0.5271846787631665,46.5,O,51,LEAN,4.403169432135549,0.611871203622363,6.146767928147561,50.90316943213555,27.89959301056342,3.7467679281475617
2026-09-29T03:41:17.904531+00:00,401860921,2026,5,2026-10-04T01:30:00.000Z,Fresno State,Washington State,23,21,22.7372436669196,21.461544303485912,-1.2756993634336835,44.19878797040551,1.2756993634336835,44.19878797040551,Fresno State,0.5309822223023623,53,0.4677625054425235,0.5322374945574764,DraftKings,True,,,Fresno State,,,,,-114,,,,,-2.5,Fresno State,2.5,LEAN,3.775699363433684,0.594612886878821,46.5,U,44,,2.301212029594496,0.5590377681981576,-1.8091789667192053,44.19878797040551,-88.09022214831407,-4.209178966719204
2026-09-29T03:41:17.904531+00:00,401856817,2026,5,2026-10-04T02:30:00.000Z,Baylor,Arizona State,25,29,25.02461269418618,29.298573550217363,4.273960856031181,54.32318624440354,-4.273960856031181,54.32318624440354,Arizona State,0.6027411049213276,60,0.6068135062180788,0.6068135062180788,DraftKings,True,,,Arizona State,,,,,-154,,,,,-4.0,Arizona State,-4.0,,0.2739608560311808,0.5069303167263589,49.5,O,54,BET,4.823186244403544,0.6222171589156608,2.15359278656214,54.32318624440354,47.43332340821348,-0.2464072134378585
2026-09-29T03:41:17.904531+00:00,401860900,2026,5,2026-10-04T02:30:00.000Z,Texas State,San Diego State,28,28,28.105534039075188,27.836570029365625,-0.2689640097095614,55.94210406844081,0.2689640097095614,55.94210406844081,Texas State,0.5065384711358252,51,0.4931960748288942,0.5068039251711057,DraftKings,True,,,Texas State,,,,,-103,,,,,4.5,San Diego State,4.5,BET,4.231035990290438,0.6057663662060787,59.5,U,56,LEAN,3.557895931559188,0.590814943204822,0.0105486757163539,55.94210406844081,-43.678046460000814,-2.389451324283641
2026-09-29T03:41:17.904531+00:00,401856820,2026,5,2026-10-04T03:00:00.000Z,Cincinnati,Arizona,23,32,23.14579867588837,32.393046382585055,9.247247706696688,55.53884505847343,-9.247247706696688,55.53884505847343,Arizona,0.7134571818966937,71,0.7211943043435307,0.7211943043435307,DraftKings,True,,,Arizona,,,,,-259,,,,,-7.0,Arizona,-7.0,LEAN,2.2472477066966867,0.5566590708989791,54.5,O,56,,1.0388450584734272,0.5267296481355935,6.822558485929832,55.53884505847343,29.22569998334893,4.422558485929836
2026-09-29T03:41:17.904531+00:00,401864513,2026,5,2026-10-04T03:59:00.000Z,San José State,Hawai'i,22,29,22.36695003931883,29.14590516009836,6.77895512077953,51.51285519941719,-6.77895512077953,51.51285519941719,Hawai'i,0.660232970823954,66,0.6663556042329885,0.6663556042329885,DraftKings,True,,,Hawai'i,,,,,-200,,,,,-3.0,Hawai'i,-3.0,LEAN,3.77895512077953,0.5946929218220842,51.5,O,52,,0.0128551994171886,0.5003310141495816,5.155631541663109,51.51285519941719,39.007142623184336,2.755631541663112
2026-09-29T03:44:57.118131+00:00,401871049,2026,5,2026-10-02T00:00:00.000Z,Western Kentucky,New Mexico State,28,28,27.820707115435216,28.427332723416708,0.606625607981492,56.24803983885192,-0.606625607981492,56.24803983885192,New Mexico State,0.5147442715034737,51,0.5153426385700607,0.5153426385700607,DraftKings,True,110.0,-130.0,New Mexico State,-130.0,BET,-5.04731198008741,-0.0882399471452772,-106,0.5427435387673957,Western Kentucky,2.7400900197334934,0.0177804590028726,-2.5,Western Kentucky,2.5,,1.893374392018508,0.5477837792908218,56.5,U,56,,0.2519601611480766,0.5064875471175555,1.4908568508229223,56.24803983885192,-114.16383763618228,-0.9091431491770728
2026-09-29T03:44:57.118131+00:00,401862786,2026,5,2026-10-02T01:00:00.000Z,North Texas,Tulsa,37,25,36.58998140821981,24.72969116849545,-11.86029023972436,61.31967257671526,11.86029023972436,61.31967257671526,North Texas,0.7650825569321204,77,0.2259975050876264,0.7740024949123736,DraftKings,True,100.0,-120.0,North Texas,100.0,STRONG,26.508255693212035,0.5480049898247472,-342,0.4782608695652174,North Texas,29.57416253471562,0.5480049898247472,-1.5,North Texas,1.5,STRONG,13.36029023972436,0.8015615941978491,57.5,O,61,LEAN,3.819672576715263,0.5973671022704308,-9.508278155766844,61.31967257671526,-132.40035475631498,-11.90827815576684
2026-09-29T03:44:57.118131+00:00,401858245,2026,5,2026-10-02T23:00:00.000Z,Pittsburgh,Virginia Tech,26,26,25.948801219327173,26.38010141369092,0.4313001943637458,52.32890263301809,-0.4313001943637458,52.32890263301809,Virginia Tech,0.5104840996529939,51,0.5109096778548807,0.5109096778548807,DraftKings,True,136.0,-162.0,Virginia Tech,-162.0,STRONG,-10.783651103402905,-0.1737139777902546,-104,0.593369754159424,Pittsburgh,8.246007630454317,0.1542531602624814,-3.5,Pittsburgh,3.5,LEAN,3.068699805636254,0.5771448291724057,54.5,U,52,,2.171097366981911,0.5557221135233147,-1.873495179031185,52.32890263301809,-61.04675057396412,-4.273495179031182
2026-09-29T03:44:57.118131+00:00,401871050,2026,5,2026-10-02T23:00:00.000Z,Liberty,Delaware,30,25,30.30682739909172,24.77994910960184,-5.526878289489881,55.08677650869356,5.526878289489881,55.08677650869356,Liberty,0.6318659404077223,63,0.3629913654380076,0.6370086345619924,DraftKings,True,-270.0,220.0,Liberty,-270.0,STRONG,-9.786378932200746,-0.1270622415261585,-175,0.7001620745542949,Delaware,6.315343999230261,0.1615723694016243,7.0,Delaware,7.0,,1.473121710510119,0.537212922681376,49.5,O,55,BET,5.586776508693561,0.6407986758645732,-4.8077698462581,55.08677650869356,-17.556428727406,-7.207769846258097
2026-09-29T03:44:57.118131+00:00,401858476,2026,5,2026-10-03T00:00:00.000Z,Penn State,Northwestern,26,24,25.842562729012126,23.599400437808523,-2.2431622912036038,49.44196316682065,2.2431622912036038,49.44196316682065,Penn State,0.5543639950356896,55,0.4434432397780016,0.5565567602219984,DraftKings,True,-142.0,120.0,Penn State,-142.0,BET,-3.2412864468442715,-0.0515018593399745,-126,0.5634920634920635,Northwestern,0.6935303270065141,-0.0244248724883965,2.5,Northwestern,2.5,,0.2568377087963966,0.5064971964866484,45.5,O,49,LEAN,3.941963166820649,0.6004187570963401,-3.827395250453783,49.44196316682065,-83.69981449003899,-6.227395250453782
2026-09-29T03:44:57.118131+00:00,401856707,2026,5,2026-10-03T16:00:00.000Z,Alabama,Mississippi State,34,31,33.89715734731724,31.3861864749692,-2.5109708723480395,65.28334382228644,2.5109708723480395,65.28334382228644,Alabama,0.5608066500378969,56,0.4367448269615808,0.5632551730384192,DraftKings,True,-225.0,185.0,Alabama,-225.0,STRONG,-13.150104226979542,-0.1864091945000611,-129,0.6636481241914618,Mississippi State,10.039295115304265,0.2447227568405052,6.0,Mississippi State,6.0,LEAN,3.4890291276519605,0.5875506469033168,60.5,O,65,BET,4.78334382228644,0.6212393760255959,-5.053301241720714,65.28334382228644,-136.81128256099328,-7.453301241720712
2026-09-29T03:44:57.118131+00:00,401856807,2026,5,2026-10-03T16:00:00.000Z,Middle Tennessee,Kansas,21,32,20.865340739682757,31.71641643111161,10.851075691428862,52.58175717079437,-10.851075691428862,52.58175717079437,Kansas,0.7457732804567192,75,0.7543038889526104,0.7543038889526104,DraftKings,True,800.0,-1350.0,Kansas,-1350.0,STRONG,-18.526120230190145,-0.1898217489027518,-307,0.8933823529411765,Middle Tennessee,13.907846398856613,1.2112649994265068,-19.5,Middle Tennessee,19.5,STRONG,8.648924308571138,0.7083091320705446,50.5,O,53,,2.0817571707943685,0.5534432219932902,5.660736367526006,52.58175717079437,41.56437435521616,3.2607363675260084
2026-09-29T03:44:57.118131+00:00,401856819,2026,5,2026-10-03T16:00:00.000Z,UCF,Houston,22,29,21.7856349534254,29.210229595292308,7.424594641866913,50.995864548717705,-7.424594641866913,50.995864548717705,Houston,0.6745251722367207,67,0.6811131112636029,0.6811131112636029,DraftKings,True,350.0,-455.0,Houston,-455.0,STRONG,-14.529464758309906,-0.1691916994476932,-214,0.7867435158501441,UCF,10.563040458654124,0.434990999313787,-12.5,UCF,12.5,BET,5.075405358133087,0.6262150276771586,51.5,U,51,,0.5041354512822949,0.5129789152475921,5.493007045678876,50.995864548717705,73.34919208988708,3.0930070456788785
2026-09-29T03:44:57.118131+00:00,401856822,2026,5,2026-10-03T16:00:00.000Z,West Virginia,Iowa State,20,35,19.72709805226088,34.89295979903404,15.165861746773164,54.62005785129492,-15.165861746773164,54.62005785129492,Iowa State,0.822304774316061,82,0.8319019663848497,0.8319019663848497,DraftKings,True,136.0,-162.0,Iowa State,-162.0,STRONG,20.3984163629038,0.3454216987211767,-495,0.593369754159424,Iowa State,23.853221222542576,0.3454216987211767,-3.0,Iowa State,-3.0,STRONG,12.165861746773164,0.7797858969877607,52.5,O,55,,2.1200578512949164,0.5544204171734943,11.724595780373718,54.62005785129492,61.11539515271648,9.324595780373716
2026-09-29T03:44:57.118131+00:00,401858246,2026,5,2026-10-03T16:00:00.000Z,Boston College,SMU,19,34,19.000793065067068,34.174508106038715,15.17371504097165,53.17530117110579,-15.17371504097165,53.17530117110579,SMU,0.8224293084183563,82,0.8320270494279012,0.8320270494279012,DraftKings,True,950.0,-1650.0,SMU,-1650.0,STRONG,-12.042783443878658,-0.1175470687885896,-495,0.9082568807339452,Boston College,7.622983130604377,0.7637159810070375,-21.0,Boston College,21.0,BET,5.826284959028349,0.6441077626507759,55.5,U,53,,2.3246988288942134,0.5596358382337866,11.992931189800103,53.17530117110579,177.4966838162129,9.592931189800105
2026-09-29T03:44:57.118131+00:00,401858250,2026,5,2026-10-03T16:00:00.000Z,Notre Dame,North Carolina,35,15,34.998636263378614,14.95393220345372,-20.044704059924893,49.95256846683233,20.044704059924893,49.95256846683233,Notre Dame,0.8890503381228172,89,0.1018484753106339,0.8981515246893661,DraftKings,True,-1800.0,1000.0,Notre Dame,-1800.0,BET,-5.831808292981433,-0.0519511683834469,-882,0.912442396313364,North Carolina,1.4290871623997947,0.1203332284169729,21.0,North Carolina,21.0,,0.9552959400751072,0.5241523164359918,47.5,O,50,,2.452568466832332,0.5628895015184628,-19.423125352085737,49.95256846683233,-223.02848416882648,-21.823125352085743
2026-09-29T03:44:57.118131+00:00,401858251,2026,5,2026-10-03T16:00:00.000Z,Stanford,Wake Forest,21,33,21.34841045900179,33.040271709227355,11.691861250225566,54.388682168229145,-11.691861250225566,54.388682168229145,Wake Forest,0.7619174196562892,76,0.7707783662252105,0.7707783662252105,DraftKings,True,390.0,-520.0,Wake Forest,-520.0,STRONG,-7.679225776306563,-0.0809950248853259,-336,0.8042929292929294,Stanford,3.3514563067718828,0.1231860054964687,-13.5,Stanford,13.5,,1.808138749774434,0.5456422885328589,53.5,O,54,,0.8886821682291455,0.5228705265527065,10.420508422028412,54.388682168229145,91.56271605251096,8.020508422028406
2026-09-29T03:44:57.118131+00:00,401858252,2026,5,2026-10-03T16:00:00.000Z,Syracuse,UConn,22,32,21.882313972744207,32.06042957947128,10.17811560672708,53.94274355221549,-10.17811560672708,53.94274355221549,UConn,0.7324496476389067,73,0.7406731067303421,0.7406731067303421,DraftKings,True,-245.0,200.0,UConn,200.0,STRONG,39.91163143055734,1.2220193201910263,-286,0.3194444444444444,UConn,42.12286622858977,1.2220193201910263,6.5,UConn,6.5,STRONG,16.67811560672708,0.8548821258244599,50.5,O,54,LEAN,3.442743552215489,0.5879245558627866,8.656638197759587,53.94274355221549,74.48108466123676,6.256638197759587
2026-09-29T03:44:57.118131+00:00,401858474,2026,5,2026-10-03T16:00:00.000Z,Michigan,Minnesota,24,22,24.30609518213444,22.22037826073147,-2.0857169214029696,46.52647344286591,2.0857169214029696,46.52647344286591,Michigan,0.5505695170653371,55,0.4473889377079134,0.5526110622920866,DraftKings,True,-225.0,185.0,Michigan,-225.0,STRONG,-14.17381752423552,-0.2017840211336527,-124,0.6636481241914618,Minnesota,11.10370618993753,0.2750584724675533,5.5,Minnesota,5.5,LEAN,3.4142830785970304,0.5857044790462014,43.5,O,47,LEAN,3.026473442865907,0.5774372077138198,-2.978754181550755,46.52647344286591,-63.6364774579647,-5.378754181550752
2026-09-29T03:44:57.118131+00:00,401862791,2026,5,2026-10-03T16:00:00.000Z,Navy,Air Force,25,32,25.1736269613003,31.724687175533106,6.551060214232808,56.898314136833406,-6.551060214232808,56.898314136833406,Air Force,0.6551313035952276,66,0.6610829541322708,0.6610829541322708,DraftKings,True,142.0,-170.0,Air Force,-170.0,LEAN,2.5501673965597997,0.0499552800924301,-195,0.6037569709421778,Air Force,5.732598319009297,0.0499552800924301,-3.5,Air Force,-3.5,LEAN,3.051060214232808,0.5767069045290397,46.5,O,57,STRONG,10.398314136833406,0.7489380348077981,1.2354686240129382,56.898314136833406,-78.56113449452937,-1.1645313759870568
2026-09-29T03:44:57.118131+00:00,401858479,2026,5,2026-10-03T16:30:00.000Z,Michigan State,Wisconsin,18,27,17.99966229806453,26.540585082940236,8.540922784875704,44.54024738100476,-8.540922784875704,44.54024738100476,Wisconsin,0.6986321980303327,70,0.7059540228868629,0.7059540228868629,DraftKings,True,320.0,-410.0,Wisconsin,-410.0,STRONG,-10.52893705971183,-0.1218620690919509,-240,0.771505376344086,Michigan State,6.555135345722313,0.2349931038751757,-10.5,Michigan State,10.5,,1.959077215124296,0.5494335755360724,43.5,O,45,,1.040247381004761,0.5267656759660883,5.583716904766153,44.54024738100476,50.80025263199059,3.183716904766155
2026-09-29T03:44:57.118131+00:00,401856705,2026,5,2026-10-03T16:45:00.000Z,Vanderbilt,Georgia,22,39,21.675480001727205,38.75202959630347,17.07654959457627,60.42750959803068,-17.07654959457627,60.42750959803068,Georgia,0.8509736792936976,85,0.8605670179236558,0.8605670179236558,DraftKings,True,1300.0,-2800.0,Georgia,-2800.0,STRONG,-11.45435620856128,-0.1086984457219279,-617,0.9311163895486936,Vanderbilt,7.054937162503784,0.9520617490688196,-24.5,Vanderbilt,24.5,STRONG,7.423450405423729,0.681087200778399,50.5,O,60,STRONG,9.927509598030682,0.7391619566299099,12.335284523196703,60.42750959803068,124.25991541426151,9.935284523196705
2026-09-29T03:44:57.118131+00:00,401866432,2026,5,2026-10-03T17:00:00.000Z,Western Michigan,Buffalo,26,22,26.06337222140498,22.21336857394492,-3.850003647460064,48.276740795349895,3.850003647460064,48.276740795349895,Western Michigan,0.5927455428060487,59,0.4035615130396165,0.5964384869603835,DraftKings,True,-600.0,440.0,Western Michigan,-600.0,STRONG,-26.439731433680837,-0.3041550985462192,-148,0.8223350253807106,Buffalo,22.58965384203272,1.1792321704139297,13.5,Buffalo,13.5,STRONG,9.649996352539937,0.7297087806012512,46.5,O,48,,1.7767407953498946,0.5456500005510851,-4.579868168875997,48.276740795349895,-82.40298752878698,-6.979868168875994
2026-09-29T03:44:57.118131+00:00,401866431,2026,5,2026-10-03T18:00:00.000Z,Toledo,Ball State,38,17,37.96695097366259,16.9018797214883,-21.06507125217429,54.86883069515089,21.06507125217429,54.86883069515089,Toledo,0.900371773725114,90,0.0908084120213585,0.9091915879786414,DraftKings,True,-1350.0,800.0,Toledo,-1350.0,BET,-3.066270903350665,-0.0234608869859036,-1001,0.8933823529411765,Toledo,1.5809235037464895,-0.0234608869859036,19.5,Toledo,-19.5,,1.5650712521742918,0.5395282924602312,51.5,O,55,LEAN,3.3688306951508906,0.5860667759383855,-16.116848766046118,54.86883069515089,-160.72540967674126,-18.516848766046117
2026-09-29T03:44:57.118131+00:00,401856708,2026,5,2026-10-03T19:30:00.000Z,Florida,Missouri,29,27,28.9902591069877,26.80924039168757,-2.18101871530013,55.79949949867528,2.18101871530013,55.79949949867528,Florida,0.5528668923185746,55,0.4449999564474341,0.5550000435525659,DraftKings,True,-205.0,170.0,Florida,-205.0,STRONG,-11.9264255222409,-0.1742682278852068,-125,0.644729178800233,Missouri,8.972913524766707,0.201499882408072,4.5,Missouri,4.5,LEAN,2.31898128469987,0.5584548667271173,56.5,U,56,,0.7005005013247256,0.5180313520918932,0.09862028669367,55.79949949867528,19.69839871357226,-2.3013797133063303
2026-09-29T03:44:57.118131+00:00,401856710,2026,5,2026-10-03T19:30:00.000Z,Auburn,Tennessee,22,30,22.09331220226416,30.480718105901328,8.387405903637166,52.57403030816549,-8.387405903637166,52.57403030816549,Tennessee,0.6953649201878119,70,0.7025913514380634,0.7025913514380634,DraftKings,True,230.0,-285.0,Tennessee,-285.0,BET,-4.489482007192835,-0.0508853673555985,-236,0.7095435684647302,Auburn,0.6952217026666929,-0.0185514597456092,-7.0,Tennessee,-7.0,,1.3874059036371662,0.5350533861104992,53.5,U,53,,0.92596969183451,0.523829014158535,6.231968182857326,52.57403030816549,78.07701183572908,3.8319681828573264
2026-09-29T03:44:57.118131+00:00,401858247,2026,5,2026-10-03T19:30:00.000Z,California,UNLV,20,30,20.05241540885946,30.4788713160861,10.426455907226638,50.53128672494556,-10.426455907226638,50.53128672494556,UNLV,0.7374071149516682,74,0.7457483114842153,0.7457483114842153,DraftKings,True,114.0,-135.0,UNLV,-135.0,STRONG,16.29390298452852,0.2981544681391895,-293,0.551441114716549,UNLV,19.43071967676663,0.2981544681391895,-2.5,UNLV,-2.5,STRONG,7.926455907226638,0.6923906276957824,53.5,U,51,LEAN,2.9687132750544407,0.5759774949520032,8.765867945754412,50.53128672494556,92.93929149787346,6.365867945754415
2026-09-29T03:44:57.118131+00:00,401858248,2026,5,2026-10-03T19:30:00.000Z,Louisville,NC State,30,30,30.00093414868587,29.553235922128863,-0.4476982265570075,59.554170070814735,0.4476982265570075,59.554170070814735,Louisville,0.5108826080183005,51,0.4886756456068444,0.5113243543931556,DraftKings,True,-225.0,185.0,Louisville,-225.0,STRONG,-18.142508428939173,-0.2614203769876642,-105,0.6636481241914618,NC State,15.232376979830631,0.3927255899795067,5.5,NC State,5.5,BET,5.052301773442992,0.6256599229005015,58.5,O,60,,1.0541700708147346,0.5271233594335578,-1.656727278410667,59.554170070814735,-36.74658446161766,-4.056727278410666
2026-09-29T03:44:57.118131+00:00,401858253,2026,5,2026-10-03T19:30:00.000Z,Virginia,Florida State,27,24,26.963245252632152,24.167309702818056,-2.7959355498140965,51.13055495545021,2.7959355498140965,51.13055495545021,Virginia,0.5676443440761293,57,0.4296372141899994,0.5703627858100007,DraftKings,True,-148.0,124.0,Virginia,-148.0,LEAN,-2.912984947225783,-0.0442569535075664,-133,0.5720596355604638,Florida State,0.1696849750463247,-0.0376126402144013,2.5,Virginia,-2.5,,0.2959355498140965,0.5074861420269517,51.5,U,51,,0.3694450445497921,0.5095121015946191,-2.9342684539595503,51.13055495545021,-92.88986704721152,-5.334268453959551
2026-09-29T03:44:57.118131+00:00,401858473,2026,5,2026-10-03T19:30:00.000Z,Ohio State,Iowa,25,20,25.46484422205208,20.090311575963483,-5.374532646088599,45.55515579801556,5.374532646088599,45.55515579801556,Ohio State,0.6283610650613837,63,0.3666219154942489,0.6333780845057511,DraftKings,True,-575.0,425.0,Ohio State,-575.0,STRONG,-22.34907867904682,-0.2564692051454226,-173,0.817258883248731,Iowa,18.38807987429799,0.9247650563448068,14.0,Iowa,14.0,STRONG,8.6254673539114,0.7077983715798956,45.5,O,46,,0.0551557980155621,0.5014202279181262,-6.317539587612021,45.55515579801556,-61.903651346494144,-8.717539587612022
2026-09-29T03:44:57.118131+00:00,401862787,2026,5,2026-10-03T19:30:00.000Z,Memphis,Charlotte,32,19,31.877325660776705,18.861840801284774,-13.01548485949193,50.73916646206148,13.01548485949193,50.73916646206148,Memphis,0.7861528898284088,79,0.2045872419579901,0.7954127580420098,DraftKings,True,-1450.0,850.0,Memphis,-1450.0,STRONG,-14.933098113933308,-0.1497311896792308,-389,0.8988580750407831,Charlotte,10.344531699877315,0.943578798600906,20.5,Charlotte,20.5,STRONG,7.484515140508069,0.6824687323527961,54.5,U,51,LEAN,3.7608335379385167,0.595896696427706,-11.941380006771148,50.73916646206148,-213.60836305385124,-14.341380006771152
2026-09-29T03:44:57.118131+00:00,401864515,2026,5,2026-10-03T19:30:00.000Z,Wyoming,North Dakota State,13,31,13.39067343787999,31.317968062461816,17.927294624581826,44.708641500341805,-17.927294624581826,44.708641500341805,North Dakota State,0.8626848669020517,86,0.8721929002660908,0.8721929002660908,DraftKings,True,750.0,-1200.0,North Dakota State,-1200.0,STRONG,-6.039205617487142,-0.0551243580450683,-682,0.8869565217391304,Wyoming,1.4763621473039694,0.0863603477382285,-18.5,Wyoming,18.5,,0.5727053754181739,0.5144851239376131,45.5,U,45,,0.7913584996581946,0.5203681813941134,12.085068082543792,44.708641500341805,130.1099555447379,9.685068082543795
2026-09-29T03:44:57.118131+00:00,401866430,2026,5,2026-10-03T19:30:00.000Z,Akron,Central Michigan,20,30,19.737229990446576,29.72952638398883,9.992296393542254,49.466756374435406,-9.992296393542254,49.466756374435406,Central Michigan,0.7287096345253572,73,0.7368416622056351,0.7368416622056351,DraftKings,True,195.0,-238.0,Central Michigan,-238.0,LEAN,2.4567622691037627,0.0464389992668262,-280,0.6750312469954812,Central Michigan,6.181041521015384,0.0464389992668262,-6.5,Central Michigan,-6.5,LEAN,3.4922963935422544,0.5876313019139854,46.5,O,49,LEAN,2.966756374435405,0.5759280218548067,6.545483025869114,49.466756374435406,67.3369627536008,4.145483025869115
2026-09-29T03:44:57.118131+00:00,401866433,2026,5,2026-10-03T19:30:00.000Z,Eastern Michigan,Massachusetts,24,30,23.83190580314572,30.00319183692062,6.171286033774902,53.83509764006634,-6.171286033774902,53.83509764006634,Massachusetts,0.6465670583156142,65,0.6522262938606481,0.6522262938606481,DraftKings,True,180.0,-218.0,Massachusetts,-218.0,BET,-3.896753287935428,-0.0485873328087793,-188,0.6574752261956054,Eastern Michigan,0.5248932334957213,-0.0262336228098146,-6.0,Massachusetts,-6.0,,0.1712860337749022,0.5043331111292099,48.5,O,54,BET,5.335097640066337,0.6347084596396542,3.1485108225066014,53.83509764006634,-44.13873602092508,0.7485108225066028
2026-09-29T03:44:57.118131+00:00,401866434,2026,5,2026-10-03T19:30:00.000Z,Ohio,Kent State,34,23,33.73724688208843,23.222390502789523,-10.514856379298909,56.95963738487795,10.514856379298909,56.95963738487795,Ohio,0.7391603861748232,74,0.252457743232814,0.7475422567671859,DraftKings,True,-162.0,136.0,Ohio,-162.0,STRONG,12.083977548780023,0.2089880942777944,-296,0.593369754159424,Ohio,15.417250260776196,0.2089880942777944,3.0,Ohio,-3.0,STRONG,7.514856379298909,0.6831542316998951,50.5,O,57,BET,6.459637384877951,0.661636149638949,-10.024475842517065,56.95963738487795,-145.8758629423112,-12.424475842517062
2026-09-29T03:44:57.118131+00:00,401866477,2026,5,2026-10-03T19:30:00.000Z,Bowling Green,Miami (OH),18,31,18.38700807927993,30.815288988311544,12.428280909031612,49.20229706759147,-12.428280909031612,49.20229706759147,Miami (OH),0.7755829536390111,78,0.7846841195086578,0.7846841195086578,DraftKings,True,410.0,-550.0,Miami (OH),-550.0,STRONG,-7.0570892514835055,-0.0726460405806771,-364,0.8118668596237336,Bowling Green,2.718274011507593,0.0981109905058451,-13.5,Bowling Green,13.5,,1.0717190909683882,0.5270915076806707,42.5,O,49,BET,6.7022970675914735,0.6673454533982309,9.403334490219953,49.20229706759147,91.487560502723,7.003334490219958
2026-09-29T03:44:57.118131+00:00,401869956,2026,5,2026-10-03T19:30:00.000Z,Old Dominion,Georgia State,28,27,27.91845753633361,26.97397657501946,-0.9444809613141508,54.89243411135307,0.9444809613141508,54.89243411135307,Old Dominion,0.5229485352880021,52,0.476120785142426,0.5238792148575739,DraftKings,True,-102.0,-118.0,Old Dominion,-102.0,,1.799804023849716,0.0374862882473523,-110,0.4826358742837298,Old Dominion,4.124334057384416,0.0374862882473523,-1.5,Old Dominion,1.5,LEAN,2.4444809613141505,0.5615937460918894,50.5,O,55,LEAN,4.392434111353069,0.6116056900560598,-1.4381734926192635,54.89243411135307,-93.77261182649067,-3.838173492619264
2026-09-29T03:44:57.118131+00:00,401869962,2026,5,2026-10-03T19:45:00.000Z,Marshall,James Madison,16,39,15.655683343803195,38.818975211755095,23.1632918679519,54.47465855555829,-23.1632918679519,54.47465855555829,James Madison,0.920956561094967,92,0.929062884205368,0.929062884205368,DraftKings,True,650.0,-1000.0,James Madison,-1000.0,,1.186565200405798,0.0219691726259047,-1310,0.8720930232558138,James Madison,5.696986094955414,0.0219691726259047,-18.5,James Madison,-18.5,BET,4.6632918679519015,0.6162749832064058,55.5,U,54,,1.0253414444417075,0.5263827082996355,16.904272520645137,54.47465855555829,135.40044381576172,14.504272520645138
2026-09-29T03:44:57.118131+00:00,401858475,2026,5,2026-10-03T20:00:00.000Z,Maryland,Nebraska,17,39,16.54942686921646,39.34906775886428,22.79964088964782,55.89849462808074,-22.79964088964782,55.89849462808074,Nebraska,0.9176405993586808,92,0.9258815414484224,0.9258815414484224,DraftKings,True,490.0,-675.0,Nebraska,-675.0,BET,4.667285742319693,0.0630491772185589,-1249,0.8370993168681029,Nebraska,8.878222458031937,0.0630491772185589,-14.5,Nebraska,-14.5,STRONG,8.299640889647819,0.7006610679422747,52.5,O,56,LEAN,3.3984946280807407,0.586812604861938,16.88235604562223,55.89849462808074,116.91181132082556,14.482356045622227
2026-09-29T03:44:57.118131+00:00,401864514,2026,5,2026-10-03T20:00:00.000Z,UTEP,New Mexico,14,39,13.882092761682792,39.30937768534104,25.42728492365825,53.19147044702383,-25.42728492365825,53.19147044702383,New Mexico,0.9393691404952575,94,0.946563969765238,0.946563969765238,DraftKings,True,1100.0,-2100.0,New Mexico,-2100.0,,-1.5176314050197035,-0.0083615554840364,-1771,0.9197080291970804,New Mexico,2.6855940568157544,-0.0083615554840364,-22.5,New Mexico,-22.5,LEAN,2.9272849236582488,0.5736313938544525,48.5,O,53,BET,4.691470447023832,0.6189817380195164,20.95987345014652,53.19147044702383,183.6895123817992,18.55987345014652
2026-09-29T03:44:57.118131+00:00,401856709,2026,5,2026-10-03T20:15:00.000Z,Kentucky,South Carolina,24,29,24.09076863196917,29.313352086142277,5.222583454173105,53.40412071811144,-5.222583454173105,53.40412071811144,South Carolina,0.6248546789743415,62,0.6297450555956391,0.6297450555956391,DraftKings,True,120.0,-142.0,South Carolina,-142.0,BET,3.8077819470209273,0.0732274891136947,-170,0.5634920634920635,South Carolina,6.625299210357561,0.0732274891136947,-2.5,South Carolina,-2.5,LEAN,2.7225834541731047,0.5685353146023127,53.5,U,53,,0.0958792818885569,0.5024688220691861,4.969104487152304,53.40412071811144,-19.22254897221228,2.5691044871523068
2026-09-29T03:44:57.118131+00:00,401858472,2026,5,2026-10-03T20:15:00.000Z,Purdue,Illinois,23,37,23.316185759351665,36.83102459091701,13.51483883156535,60.14721035026868,-13.51483883156535,60.14721035026868,Illinois,0.7949089908887255,79,0.8042810457596843,0.8042810457596843,DraftKings,True,295.0,-375.0,Illinois,-375.0,,0.5435306678199137,0.0187559912956001,-411,0.7571884984025559,Illinois,4.709254735712842,0.0187559912956001,-10.0,Illinois,-10.0,LEAN,3.514838831565349,0.5881876785837642,61.5,U,60,,1.3527896497313208,0.5347893654833773,12.49822211441344,60.14721035026868,175.33395120074806,10.098222114413442
2026-09-29T03:44:57.118131+00:00,401860899,2026,5,2026-10-03T22:00:00.000Z,Oregon State,Colorado State,26,29,26.323341867039343,28.975763165675698,2.652421298636357,55.29910503271504,-2.652421298636357,55.29910503271504,Colorado State,0.5642031359599178,56,0.5667859422772602,0.5667859422772602,DraftKings,True,-230.0,190.0,Colorado State,190.0,STRONG,21.93755497530212,0.6436792326040545,-131,0.3309929789368104,Colorado State,23.579296334044976,0.6436792326040545,6.0,Colorado State,6.0,STRONG,8.652421298636357,0.708385241181853,60.5,U,55,BET,5.20089496728496,0.6314469194962773,0.9004549229835206,55.29910503271504,-0.0323585863511652,-1.4995450770164744
2026-09-29T03:44:57.118131+00:00,401856711,2026,5,2026-10-03T23:00:00.000Z,Arkansas,Texas A&M,24,33,23.909575753831085,33.05056565480119,9.140989900970103,56.96014140863228,-9.140989900970103,56.96014140863228,Texas A&M,0.7112491901525235,71,0.7189263481056034,0.7189263481056034,DraftKings,True,455.0,-625.0,Texas A&M,-625.0,STRONG,-15.08197753647178,-0.1660454361975,-256,0.827123695976155,Arkansas,10.819734787055156,0.5599587680139011,-14.0,Arkansas,14.0,BET,4.859010099029897,0.6210056382732687,51.5,O,57,BET,5.460141408632275,0.6377386724099493,9.985038823473566,56.96014140863228,131.16788910302444,7.585038823473562
2026-09-29T03:44:57.118131+00:00,401856818,2026,5,2026-10-03T23:00:00.000Z,BYU,TCU,25,24,24.75716234892878,23.987461120537645,-0.769701228391132,48.744623469466426,0.769701228391132,48.744623469466426,BYU,0.5187052899608446,52,0.4805358167936047,0.5194641832063953,DraftKings,True,-250.0,205.0,BYU,-250.0,STRONG,-19.558042432486967,-0.2727501435110465,-108,0.6853932584269663,TCU,16.59290752205711,0.4656342412204943,6.5,TCU,6.5,BET,5.730298771608868,0.641837165698383,48.5,O,49,,0.2446234694664255,0.5062986556739645,-1.794844028097927,48.744623469466426,-86.67468125545315,-4.1948440280979264
2026-09-29T03:44:57.118131+00:00,401862788,2026,5,2026-10-03T23:00:00.000Z,UTSA,Rice,36,24,36.2181872344625,24.16524657082524,-12.052940663637262,60.38343380528774,12.052940663637262,60.38343380528774,UTSA,0.7686741767643464,77,0.222341355782646,0.777658644217354,DraftKings,True,-440.0,340.0,UTSA,-440.0,BET,-4.614063805046841,-0.0456007548241564,-350,0.7819063004846527,Rice,0.4247656267298672,-0.0216980345563575,11.5,UTSA,-11.5,,0.552940663637262,0.5139854343823571,54.5,O,60,BET,5.883433805287737,0.647931517931898,-10.566866514641276,60.38343380528774,-141.4346196341371,-12.966866514641278
2026-09-29T03:44:57.118131+00:00,401869942,2026,5,2026-10-03T23:00:00.000Z,Georgia Southern,Coastal Carolina,28,27,27.78841716275071,27.200041132749625,-0.5883760300010861,54.98845829550034,0.5883760300010861,54.98845829550034,Georgia Southern,0.5143009013986406,51,0.485118708196746,0.5148812918032539,DraftKings,True,-135.0,114.0,Georgia Southern,-135.0,STRONG,-6.016718370774243,-0.1037251587128543,-106,0.551441114716549,Coastal Carolina,3.6559822913295017,0.0381540355410364,2.5,Coastal Carolina,2.5,,1.911623969998914,0.5482421097439539,54.5,O,55,,0.4884582955003367,0.512575444338886,-0.6724277697792154,54.98845829550034,-36.04689759093708,-3.0724277697792086
2026-09-29T03:44:57.118131+00:00,401871089,2026,5,2026-10-03T23:00:00.000Z,UL Monroe,South Alabama,19,39,18.902407011717344,38.592535280003325,19.69012826828598,57.49494229172067,-19.69012826828598,57.49494229172067,South Alabama,0.8849081793168652,88,0.8940951157130228,0.8940951157130228,DraftKings,True,440.0,-600.0,South Alabama,-600.0,LEAN,2.7765322174008067,0.0431109683318599,-844,0.8223350253807106,South Alabama,7.176009033231223,0.0431109683318599,-14.0,South Alabama,-14.0,BET,5.6901282682859815,0.6408854176481718,56.5,O,57,,0.994942291720669,0.5256016092120823,12.689666300138306,57.49494229172067,109.59921386586348,10.289666300138304
2026-09-29T03:44:57.118131+00:00,401856821,2026,5,2026-10-03T23:30:00.000Z,Texas Tech,Colorado,33,17,33.450512920540945,16.602225632403407,-16.848287288137534,50.05273855294435,16.848287288137534,50.05273855294435,Texas Tech,0.8477211387169903,85,0.142671041490112,0.857328958509888,DraftKings,True,-550.0,410.0,Texas Tech,-550.0,,0.156729256314414,0.0132069509662312,-601,0.8118668596237336,Texas Tech,4.546209888615438,0.0132069509662312,13.5,Texas Tech,-13.5,LEAN,3.3482872881375343,0.5840728586455763,50.5,U,50,,0.4472614470556522,0.5115151324284011,-14.216000132001785,50.05273855294435,-187.1693405685719,-16.616000132001787
2026-09-29T03:44:57.118131+00:00,401858249,2026,5,2026-10-03T23:30:00.000Z,Miami,Clemson,31,16,30.69408710531353,16.42373135903149,-14.27035574628204,47.11781846434502,14.27035574628204,47.11781846434502,Miami,0.8077441413745143,81,0.18275335506905,0.8172466449309499,DraftKings,True,-800.0,550.0,Miami,-800.0,STRONG,-8.11447475143745,-0.0805975244526813,-447,0.8524590163934427,Clemson,3.521237146249265,0.1878968079488254,16.5,Clemson,16.5,LEAN,2.229644253717959,0.5562182024367308,48.5,U,47,,1.3821815356549791,0.5355432477203265,-11.487345233953594,47.11781846434502,-83.05865693843771,-13.887345233953594
2026-09-29T03:44:57.118131+00:00,401858478,2026,5,2026-10-03T23:30:00.000Z,Washington,USC,25,31,25.31562499893345,30.71234228076281,5.396717281829362,56.02796727969627,-5.396717281829362,56.02796727969627,USC,0.6288721168123287,63,0.6339075186519953,0.6339075186519953,DraftKings,True,295.0,-375.0,USC,-375.0,STRONG,-16.060156739819764,-0.1970504763741392,-173,0.7571884984025559,Washington,12.328097975056057,0.4460653013246185,-9.5,Washington,9.5,BET,4.103282718170638,0.6026453626158395,57.5,U,56,,1.47203272030373,0.537847068009467,4.449756986029033,56.02796727969627,24.251092044442657,2.049756986029037
2026-09-29T03:44:57.118131+00:00,401860898,2026,5,2026-10-03T23:30:00.000Z,Utah State,Boise State,19,32,18.74406025343535,31.884655463333047,13.1405952098977,50.6287157167684,-13.1405952098977,50.6287157167684,Boise State,0.7883668808545895,79,0.7976568142533365,0.7976568142533365,DraftKings,True,900.0,-1600.0,Boise State,-1600.0,STRONG,-15.280958973364578,-0.15248963485583,-394,0.9039548022598868,Utah State,10.629798800655054,1.0234318574666357,-19.5,Utah State,19.5,STRONG,6.3594047901023,0.6566241376388465,51.5,U,51,,0.8712842832316028,0.5224232627966708,9.925735689808064,50.6287157167684,127.8821216846734,7.525735689808061
2026-09-29T03:44:57.118131+00:00,401862792,2026,5,2026-10-03T23:30:00.000Z,Temple,South Florida,20,35,19.74546415948098,34.64368494465983,14.89822078517885,54.38914910414081,-14.89822078517885,54.38914910414081,South Florida,0.8180277380836048,82,0.8276033239601033,0.8276033239601033,DraftKings,True,195.0,-238.0,South Florida,-238.0,STRONG,11.388572624928528,0.1753358130189702,-480,0.6750312469954812,South Florida,15.257207696462205,0.1753358130189702,-6.0,South Florida,-6.0,STRONG,8.89822078517885,0.7137115154262479,50.5,O,54,LEAN,3.889149104140813,0.5991015689856967,12.09580255734491,54.38914910414081,176.2925111185698,9.695802557344912
2026-09-29T03:44:57.118131+00:00,401869842,2026,5,2026-10-03T23:30:00.000Z,Army,Louisiana Tech,24,23,23.809739633262343,22.8399174926847,-0.9698221405776426,46.64965712594704,0.9698221405776426,46.64965712594704,Army,0.5235635556733368,52,0.475480883495649,0.524519116504351,DraftKings,True,-130.0,110.0,Army,-130.0,BET,-4.165383563101099,-0.0720046400307635,-110,0.5427435387673957,Louisiana Tech,1.822442226304466,-0.0014901446591369,2.5,Louisiana Tech,2.5,,1.5301778594223574,0.5386497998367833,46.5,O,47,,0.1496571259470442,0.5038535272760075,-2.8684215839563443,46.64965712594704,-82.2115301603003,-5.268421583956343
2026-09-29T03:44:57.118131+00:00,401858477,2026,5,2026-10-04T00:00:00.000Z,Indiana,Rutgers,41,17,40.62042581969197,16.98270118349283,-23.63772463619914,57.6031270031848,23.63772463619914,57.6031270031848,Indiana,0.9251294211134604,93,0.0669455985762726,0.9330544014237274,DraftKings,True,-2400.0,1200.0,Indiana,-2400.0,BET,-3.487057888653955,-0.0280683318502839,-1394,0.9258160237388724,Indiana,0.7238377684855024,-0.0280683318502839,24.5,Rutgers,24.5,,0.8622753638008582,0.5218029884373431,56.5,O,58,,1.1031270031847953,0.528380921096691,-20.448439475463783,57.6031270031848,-266.78349135322765,-22.84843947546379
2026-09-29T03:44:57.118131+00:00,401869932,2026,5,2026-10-04T00:00:00.000Z,Arkansas State,Louisiana,22,29,21.66387942806516,29.23929000407039,7.575410576005233,50.90316943213555,-7.575410576005233,50.90316943213555,Louisiana,0.6778280223727761,68,0.6845204521659085,0.6845204521659085,DraftKings,True,205.0,-250.0,Louisiana,-250.0,BET,-3.645769191293824,-0.041671366967728,-217,0.6853932584269663,Arkansas State,0.0872806261057845,-0.037787379106021,-6.5,Louisiana,-6.5,,1.0754105760052326,0.5271846787631665,46.5,O,51,LEAN,4.403169432135549,0.611871203622363,6.146767928147561,50.90316943213555,27.89959301056342,3.7467679281475617
2026-09-29T03:44:57.118131+00:00,401860921,2026,5,2026-10-04T01:30:00.000Z,Fresno State,Washington State,23,21,22.7372436669196,21.46154430348591,-1.2756993634336875,44.19878797040551,1.2756993634336875,44.19878797040551,Fresno State,0.5309822223023624,53,0.4677625054425234,0.5322374945574766,DraftKings,True,110.0,-130.0,Fresno State,110.0,BET,5.47917461118862,0.1176987385707009,-114,0.4572564612326044,Fresno State,7.498103332487221,0.1176987385707009,-2.5,Fresno State,2.5,LEAN,3.775699363433688,0.5946128868788211,46.5,U,44,,2.301212029594496,0.5590377681981576,-1.8091789667192053,44.19878797040551,-88.09022214831407,-4.209178966719204
2026-09-29T03:44:57.118131+00:00,401856817,2026,5,2026-10-04T02:30:00.000Z,Baylor,Arizona State,25,29,25.02461269418618,29.298573550217363,4.273960856031182,54.32318624440354,-4.273960856031182,54.32318624440354,Arizona State,0.6027411049213276,60,0.6068135062180788,0.6068135062180788,DraftKings,True,160.0,-192.0,Arizona State,-192.0,BET,-5.479314165401483,-0.0771377926266717,-154,0.6309403437815976,Baylor,2.4126837563518686,0.022284883832995,-4.0,Arizona State,-4.0,,0.2739608560311817,0.5069303167263589,49.5,O,54,BET,4.823186244403544,0.6222171589156608,2.15359278656214,54.32318624440354,47.43332340821348,-0.2464072134378585
2026-09-29T03:44:57.118131+00:00,401860900,2026,5,2026-10-04T02:30:00.000Z,Texas State,San Diego State,28,28,28.105534039075188,27.836570029365625,-0.2689640097095637,55.94210406844081,0.2689640097095637,55.94210406844081,Texas State,0.5065384711358252,51,0.4931960748288942,0.5068039251711058,DraftKings,True,-192.0,160.0,Texas State,-192.0,STRONG,-15.099577543951725,-0.2292356971356098,-103,0.6309403437815976,San Diego State,12.413641861049172,0.2823097945551249,4.5,San Diego State,4.5,BET,4.231035990290437,0.6057663662060787,59.5,U,56,LEAN,3.557895931559188,0.590814943204822,0.0105486757163539,55.94210406844081,-43.678046460000814,-2.389451324283641
2026-09-29T03:44:57.118131+00:00,401856820,2026,5,2026-10-04T03:00:00.000Z,Cincinnati,Arizona,23,32,23.14579867588837,32.393046382585055,9.247247706696688,55.53884505847343,-9.247247706696688,55.53884505847343,Arizona,0.7134571818966937,71,0.7211943043435307,0.7211943043435307,DraftKings,True,235.0,-290.0,Arizona,-290.0,BET,-3.0132561693049897,-0.0301180045035276,-259,0.7135512302607419,Arizona,0.7643074082788859,-0.0301180045035276,-7.0,Arizona,-7.0,LEAN,2.2472477066966885,0.5566590708989791,54.5,O,56,,1.0388450584734272,0.5267296481355935,6.822558485929832,55.53884505847343,29.22569998334893,4.422558485929836
2026-09-29T03:44:57.118131+00:00,401864513,2026,5,2026-10-04T03:59:00.000Z,San José State,Hawai'i,22,29,22.36695003931883,29.14590516009836,6.778955120779528,51.51285519941719,-6.778955120779528,51.51285519941719,Hawai'i,0.660232970823954,66,0.6663556042329883,0.6663556042329883,DraftKings,True,120.0,-142.0,Hawai'i,-142.0,STRONG,7.345611131982177,0.1356201142562195,-200,0.5634920634920635,Hawai'i,10.286354074092486,0.1356201142562195,-3.0,Hawai'i,-3.0,LEAN,3.778955120779528,0.5946929218220842,51.5,O,52,,0.0128551994171886,0.5003310141495816,5.155631541663109,51.51285519941719,39.007142623184336,2.755631541663112
2026-09-29T03:47:07.596662+00:00,401871049,2026,5,2026-10-02T00:00:00.000Z,Western Kentucky,New Mexico State,28,28,27.820707115435216,28.427332723416708,0.6066256079814927,56.24803983885192,-0.6066256079814927,56.24803983885192,New Mexico State,0.5147442715034738,51,0.5153426385700607,0.5153426385700607,Draft Kings,True,110.0,-130.0,New Mexico State,-130.0,BET,-5.0473119800873985,-0.08823994714527722,-106,0.5427435387673957,Western Kentucky,2.7400900197334934,0.017780459002872617,-2.5,Western Kentucky,2.5,,1.8933743920185073,0.5477837792908218,56.5,U,56,,0.2519601611480766,0.5064875471175555,1.4908568508229223,56.24803983885192,-114.16383763618228,-0.9091431491770727
2026-09-29T03:47:07.596662+00:00,401862786,2026,5,2026-10-02T01:00:00.000Z,North Texas,Tulsa,37,25,36.589981408219806,24.729691168495457,-11.860290239724351,61.31967257671526,11.860290239724351,61.31967257671526,North Texas,0.7650825569321202,77,0.22599750508762667,0.7740024949123734,Draft Kings,True,100.0,-120.0,North Texas,100.0,STRONG,26.508255693212025,0.5480049898247468,-342,0.4782608695652174,North Texas,29.574162534715597,0.5480049898247468,-1.5,North Texas,1.5,STRONG,13.360290239724351,0.801561594197849,57.5,O,61,LEAN,3.819672576715263,0.5973671022704308,-9.508278155766845,61.31967257671526,-132.40035475631498,-11.90827815576684
2026-09-29T03:47:07.596662+00:00,401858245,2026,5,2026-10-02T23:00:00.000Z,Pittsburgh,Virginia Tech,26,26,25.94880121932717,26.38010141369092,0.43130019436375067,52.32890263301809,-0.43130019436375067,52.32890263301809,Virginia Tech,0.510484099652994,51,0.5109096778548808,0.5109096778548808,Draft Kings,True,136.0,-162.0,Virginia Tech,-162.0,STRONG,-10.783651103402892,-0.17371397779025444,-104,0.593369754159424,Pittsburgh,8.246007630454304,0.15425316026248126,-3.5,Pittsburgh,3.5,LEAN,3.0686998056362493,0.5771448291724056,54.5,U,52,,2.171097366981911,0.5557221135233147,-1.8734951790311847,52.32890263301809,-61.04675057396412,-4.273495179031182
2026-09-29T03:47:07.596662+00:00,401871050,2026,5,2026-10-02T23:00:00.000Z,Liberty,Delaware,30,25,30.30682739909172,24.77994910960184,-5.5268782894898765,55.08677650869356,5.5268782894898765,55.08677650869356,Liberty,0.6318659404077221,63,0.3629913654380077,0.6370086345619923,Draft Kings,True,-270.0,220.0,Liberty,-270.0,STRONG,-9.786378932200757,-0.12706224152615872,-175,0.7001620745542949,Delaware,6.315343999230272,0.16157236940162467,7.0,Delaware,7.0,,1.4731217105101235,0.5372129226813761,49.5,O,55,BET,5.586776508693561,0.6407986758645732,-4.8077698462581,55.08677650869356,-17.556428727406,-7.207769846258097
2026-09-29T03:47:07.596662+00:00,401858476,2026,5,2026-10-03T00:00:00.000Z,Penn State,Northwestern,26,24,25.84256272901213,23.59940043780852,-2.243162291203607,49.44196316682065,2.243162291203607,49.44196316682065,Penn State,0.5543639950356897,55,0.4434432397780015,0.5565567602219985,Draft Kings,True,-142.0,120.0,Penn State,-142.0,BET,-3.2412864468442604,-0.051501859339974365,-126,0.5634920634920635,Northwestern,0.693530327006503,-0.024424872488396754,2.5,Northwestern,2.5,,0.2568377087963931,0.5064971964866483,45.5,O,49,LEAN,3.941963166820649,0.6004187570963401,-3.827395250453783,49.44196316682065,-83.69981449003899,-6.227395250453782
2026-09-29T03:47:07.596662+00:00,401856707,2026,5,2026-10-03T16:00:00.000Z,Alabama,Mississippi State,34,31,33.89715734731724,31.386186474969204,-2.510970872348033,65.28334382228644,2.510970872348033,65.28334382228644,Alabama,0.5608066500378968,56,0.43674482696158096,0.563255173038419,Draft Kings,True,-225.0,185.0,Alabama,-225.0,STRONG,-13.150104226979554,-0.1864091945000615,-129,0.6636481241914618,Mississippi State,10.03929511530428,0.24472275684050582,6.0,Mississippi State,6.0,LEAN,3.489029127651967,0.587550646903317,60.5,O,65,BET,4.78334382228644,0.6212393760255959,-5.053301241720714,65.28334382228644,-136.81128256099328,-7.453301241720712
2026-09-29T03:47:07.596662+00:00,401856807,2026,5,2026-10-03T16:00:00.000Z,Middle Tennessee,Kansas,21,32,20.865340739682754,31.716416431111615,10.851075691428862,52.58175717079437,-10.851075691428862,52.58175717079437,Kansas,0.7457732804567192,75,0.7543038889526104,0.7543038889526104,Draft Kings,True,800.0,-1350.0,Kansas,-1350.0,STRONG,-18.526120230190145,-0.18982174890275183,-307,0.8933823529411765,Middle Tennessee,13.907846398856611,1.2112649994265068,-19.5,Middle Tennessee,19.5,STRONG,8.648924308571138,0.7083091320705446,50.5,O,53,,2.0817571707943685,0.5534432219932902,5.660736367526006,52.58175717079437,41.56437435521616,3.2607363675260084
2026-09-29T03:47:07.596662+00:00,401856819,2026,5,2026-10-03T16:00:00.000Z,UCF,Houston,22,29,21.7856349534254,29.210229595292304,7.4245946418669035,50.995864548717705,-7.4245946418669035,50.995864548717705,Houston,0.6745251722367205,67,0.6811131112636026,0.6811131112636026,Draft Kings,True,350.0,-455.0,Houston,-455.0,STRONG,-14.52946475830993,-0.1691916994476935,-214,0.7867435158501441,UCF,10.563040458654147,0.43499099931378815,-12.5,UCF,12.5,BET,5.0754053581330965,0.6262150276771589,51.5,U,51,,0.5041354512822949,0.5129789152475921,5.493007045678876,50.995864548717705,73.34919208988708,3.0930070456788785
2026-09-29T03:47:07.596662+00:00,401856822,2026,5,2026-10-03T16:00:00.000Z,West Virginia,Iowa State,20,35,19.727098052260878,34.89295979903404,15.165861746773157,54.620057851294916,-15.165861746773157,54.620057851294916,Iowa State,0.8223047743160609,82,0.8319019663848495,0.8319019663848495,Draft Kings,True,136.0,-162.0,Iowa State,-162.0,STRONG,20.39841636290379,0.34542169872117634,-495,0.593369754159424,Iowa State,23.853221222542555,0.34542169872117634,-3.0,Iowa State,-3.0,STRONG,12.165861746773157,0.7797858969877607,52.5,O,55,,2.1200578512949164,0.5544204171734943,11.724595780373718,54.620057851294916,61.115395152716474,9.324595780373716
2026-09-29T03:47:07.596662+00:00,401858246,2026,5,2026-10-03T16:00:00.000Z,Boston College,SMU,19,34,19.00079306506707,34.174508106038715,15.173715040971647,53.17530117110579,-15.173715040971647,53.17530117110579,SMU,0.8224293084183563,82,0.8320270494279012,0.8320270494279012,Draft Kings,True,950.0,-1650.0,SMU,-1650.0,STRONG,-12.042783443878658,-0.11754706878858966,-495,0.9082568807339451,Boston College,7.622983130604377,0.7637159810070375,-21.0,Boston College,21.0,BET,5.826284959028353,0.6441077626507759,55.5,U,53,,2.3246988288942134,0.5596358382337866,11.992931189800103,53.17530117110579,177.4966838162129,9.592931189800105
2026-09-29T03:47:07.596662+00:00,401858250,2026,5,2026-10-03T16:00:00.000Z,Notre Dame,North Carolina,35,15,34.998636263378614,14.953932203453718,-20.044704059924896,49.95256846683233,20.044704059924896,49.95256846683233,Notre Dame,0.8890503381228172,89,0.10184847531063385,0.8981515246893661,Draft Kings,True,-1800.0,1000.0,Notre Dame,-1800.0,BET,-5.831808292981433,-0.0519511683834469,-882,0.912442396313364,North Carolina,1.4290871623997892,0.12033322841697247,21.0,North Carolina,21.0,,0.9552959400751035,0.5241523164359918,47.5,O,50,,2.452568466832332,0.5628895015184628,-19.423125352085737,49.95256846683233,-223.02848416882648,-21.823125352085746
2026-09-29T03:47:07.596662+00:00,401858251,2026,5,2026-10-03T16:00:00.000Z,Stanford,Wake Forest,21,33,21.34841045900179,33.040271709227355,11.691861250225564,54.388682168229145,-11.691861250225564,54.388682168229145,Wake Forest,0.7619174196562892,76,0.7707783662252105,0.7707783662252105,Draft Kings,True,390.0,-520.0,Wake Forest,-520.0,STRONG,-7.6792257763065646,-0.08099502488532598,-336,0.8042929292929294,Stanford,3.3514563067718828,0.12318600549646874,-13.5,Stanford,13.5,,1.808138749774436,0.5456422885328589,53.5,O,54,,0.8886821682291455,0.5228705265527065,10.420508422028412,54.388682168229145,91.56271605251095,8.020508422028406
2026-09-29T03:47:07.596662+00:00,401858252,2026,5,2026-10-03T16:00:00.000Z,Syracuse,UConn,22,32,21.882313972744207,32.06042957947128,10.17811560672708,53.94274355221549,-10.17811560672708,53.94274355221549,UConn,0.7324496476389067,73,0.7406731067303421,0.7406731067303421,Draft Kings,True,-245.0,200.0,UConn,200.0,STRONG,39.91163143055734,1.2220193201910265,-286,0.3194444444444444,UConn,42.12286622858977,1.2220193201910265,6.5,UConn,6.5,STRONG,16.67811560672708,0.8548821258244599,50.5,O,54,LEAN,3.4427435522154894,0.5879245558627866,8.656638197759587,53.94274355221549,74.48108466123676,6.256638197759587
2026-09-29T03:47:07.596662+00:00,401858474,2026,5,2026-10-03T16:00:00.000Z,Michigan,Minnesota,24,22,24.306095182134435,22.220378260731472,-2.085716921402965,46.52647344286591,2.085716921402965,46.52647344286591,Michigan,0.550569517065337,55,0.44738893770791355,0.5526110622920865,Draft Kings,True,-225.0,185.0,Michigan,-225.0,STRONG,-14.173817524235533,-0.2017840211336529,-124,0.6636481241914618,Minnesota,11.10370618993754,0.27505847246755366,5.5,Minnesota,5.5,LEAN,3.414283078597035,0.5857044790462016,43.5,O,47,LEAN,3.026473442865907,0.5774372077138198,-2.978754181550755,46.52647344286591,-63.6364774579647,-5.378754181550752
2026-09-29T03:47:07.596662+00:00,401862791,2026,5,2026-10-03T16:00:00.000Z,Navy,Air Force,25,32,25.173626961300293,31.724687175533113,6.551060214232818,56.898314136833406,-6.551060214232818,56.898314136833406,Air Force,0.6551313035952279,66,0.661082954132271,0.661082954132271,Draft Kings,True,142.0,-170.0,Air Force,-170.0,LEAN,2.5501673965598215,0.04995528009243044,-195,0.6037569709421778,Air Force,5.732598319009319,0.04995528009243044,-3.5,Air Force,-3.5,LEAN,3.051060214232818,0.5767069045290399,46.5,O,57,STRONG,10.398314136833406,0.7489380348077981,1.2354686240129382,56.898314136833406,-78.56113449452937,-1.1645313759870568
2026-09-29T03:47:07.596662+00:00,401858479,2026,5,2026-10-03T16:30:00.000Z,Michigan State,Wisconsin,18,27,17.999662298064532,26.54058508294023,8.540922784875697,44.54024738100476,-8.540922784875697,44.54024738100476,Wisconsin,0.6986321980303325,70,0.7059540228868628,0.7059540228868628,Draft Kings,True,320.0,-410.0,Wisconsin,-410.0,STRONG,-10.52893705971185,-0.12186206909195113,-240,0.771505376344086,Michigan State,6.555135345722324,0.23499310387517625,-10.5,Michigan State,10.5,,1.959077215124303,0.5494335755360725,43.5,O,45,,1.040247381004761,0.5267656759660883,5.583716904766153,44.54024738100476,50.80025263199059,3.183716904766155
2026-09-29T03:47:07.596662+00:00,401856705,2026,5,2026-10-03T16:45:00.000Z,Vanderbilt,Georgia,22,39,21.675480001727216,38.752029596303466,17.076549594576253,60.42750959803068,-17.076549594576253,60.42750959803068,Georgia,0.8509736792936974,85,0.8605670179236555,0.8605670179236555,Draft Kings,True,1300.0,-2800.0,Georgia,-2800.0,STRONG,-11.4543562085613,-0.1086984457219282,-617,0.9311163895486935,Vanderbilt,7.054937162503807,0.9520617490688226,-24.5,Vanderbilt,24.5,STRONG,7.423450405423747,0.6810872007783995,50.5,O,60,STRONG,9.927509598030682,0.7391619566299099,12.335284523196705,60.42750959803068,124.25991541426151,9.935284523196703
2026-09-29T03:47:07.596662+00:00,401866432,2026,5,2026-10-03T17:00:00.000Z,Western Michigan,Buffalo,26,22,26.06337222140498,22.213368573944916,-3.850003647460061,48.276740795349895,3.850003647460061,48.276740795349895,Western Michigan,0.5927455428060486,59,0.4035615130396165,0.5964384869603835,Draft Kings,True,-600.0,440.0,Western Michigan,-600.0,STRONG,-26.439731433680848,-0.30415509854621925,-148,0.8223350253807106,Buffalo,22.58965384203272,1.1792321704139295,13.5,Buffalo,13.5,STRONG,9.649996352539938,0.7297087806012512,46.5,O,48,,1.7767407953498946,0.5456500005510851,-4.579868168875997,48.276740795349895,-82.40298752878698,-6.979868168875994
2026-09-29T03:47:07.596662+00:00,401866431,2026,5,2026-10-03T18:00:00.000Z,Toledo,Ball State,38,17,37.96695097366259,16.9018797214883,-21.065071252174295,54.86883069515089,21.065071252174295,54.86883069515089,Toledo,0.900371773725114,90,0.09080841202135853,0.9091915879786414,Draft Kings,True,-1350.0,800.0,Toledo,-1350.0,BET,-3.066270903350665,-0.023460886985903665,-1001,0.8933823529411765,Toledo,1.5809235037464897,-0.023460886985903665,19.5,Toledo,-19.5,,1.5650712521742953,0.5395282924602313,51.5,O,55,LEAN,3.3688306951508906,0.5860667759383855,-16.116848766046118,54.86883069515089,-160.72540967674126,-18.516848766046113
2026-09-29T03:47:07.596662+00:00,401856708,2026,5,2026-10-03T19:30:00.000Z,Florida,Missouri,29,27,28.9902591069877,26.809240391687574,-2.1810187153001293,55.799499498675274,2.1810187153001293,55.799499498675274,Florida,0.5528668923185746,55,0.4449999564474342,0.5550000435525658,Draft Kings,True,-205.0,170.0,Florida,-205.0,STRONG,-11.926425522240901,-0.17426822788520696,-125,0.644729178800233,Missouri,8.972913524766712,0.20149988240807226,4.5,Missouri,4.5,LEAN,2.3189812846998707,0.5584548667271173,56.5,U,56,,0.7005005013247256,0.5180313520918932,0.09862028669367007,55.799499498675274,19.69839871357226,-2.3013797133063303
2026-09-29T03:47:07.596662+00:00,401856710,2026,5,2026-10-03T19:30:00.000Z,Auburn,Tennessee,22,30,22.09331220226417,30.48071810590132,8.387405903637152,52.57403030816549,-8.387405903637152,52.57403030816549,Tennessee,0.6953649201878116,70,0.7025913514380631,0.7025913514380631,Draft Kings,True,230.0,-285.0,Tennessee,-285.0,BET,-4.489482007192869,-0.05088536735559904,-236,0.7095435684647302,Auburn,0.6952217026667262,-0.018551459745608123,-7.0,Tennessee,-7.0,,1.387405903637152,0.5350533861104989,53.5,U,53,,0.92596969183451,0.523829014158535,6.231968182857326,52.57403030816549,78.07701183572908,3.8319681828573264
2026-09-29T03:47:07.596662+00:00,401858247,2026,5,2026-10-03T19:30:00.000Z,California,UNLV,20,30,20.052415408859463,30.478871316086096,10.426455907226632,50.53128672494556,-10.426455907226632,50.53128672494556,UNLV,0.7374071149516681,74,0.7457483114842152,0.7457483114842152,Draft Kings,True,114.0,-135.0,UNLV,-135.0,STRONG,16.293902984528508,0.29815446813918933,-293,0.551441114716549,UNLV,19.430719676766618,0.29815446813918933,-2.5,UNLV,-2.5,STRONG,7.926455907226632,0.6923906276957823,53.5,U,51,LEAN,2.9687132750544407,0.5759774949520032,8.765867945754412,50.53128672494556,92.93929149787346,6.365867945754415
2026-09-29T03:47:07.596662+00:00,401858248,2026,5,2026-10-03T19:30:00.000Z,Louisville,NC State,30,30,30.000934148685868,29.553235922128867,-0.4476982265570044,59.554170070814735,0.4476982265570044,59.554170070814735,Louisville,0.5108826080183004,51,0.48867564560684457,0.5113243543931554,Draft Kings,True,-225.0,185.0,Louisville,-225.0,STRONG,-18.142508428939188,-0.26142037698766446,-105,0.6636481241914618,NC State,15.232376979830642,0.39272558997950713,5.5,NC State,5.5,BET,5.052301773442996,0.6256599229005017,58.5,O,60,,1.0541700708147346,0.5271233594335578,-1.656727278410667,59.554170070814735,-36.74658446161766,-4.056727278410666
2026-09-29T03:47:07.596662+00:00,401858253,2026,5,2026-10-03T19:30:00.000Z,Virginia,Florida State,27,24,26.96324525263215,24.16730970281806,-2.795935549814091,51.13055495545021,2.795935549814091,51.13055495545021,Virginia,0.5676443440761292,57,0.42963721418999956,0.5703627858100004,Draft Kings,True,-148.0,124.0,Virginia,-148.0,LEAN,-2.912984947225794,-0.044256953507566865,-133,0.5720596355604638,Florida State,0.1696849750463414,-0.03761264021440103,2.5,Virginia,-2.5,,0.2959355498140912,0.5074861420269515,51.5,U,51,,0.3694450445497921,0.5095121015946191,-2.9342684539595503,51.13055495545021,-92.88986704721151,-5.334268453959551
2026-09-29T03:47:07.596662+00:00,401858473,2026,5,2026-10-03T19:30:00.000Z,Ohio State,Iowa,25,20,25.464844222052076,20.090311575963486,-5.37453264608859,45.55515579801556,5.37453264608859,45.55515579801556,Ohio State,0.6283610650613835,63,0.36662191549424916,0.6333780845057508,Draft Kings,True,-575.0,425.0,Ohio State,-575.0,STRONG,-22.34907867904684,-0.25646920514542293,-173,0.817258883248731,Iowa,18.388079874298015,0.9247650563448082,14.0,Iowa,14.0,STRONG,8.62546735391141,0.7077983715798958,45.5,O,46,,0.05515579801556214,0.5014202279181262,-6.317539587612021,45.55515579801556,-61.903651346494144,-8.717539587612022
2026-09-29T03:47:07.596662+00:00,401862787,2026,5,2026-10-03T19:30:00.000Z,Memphis,Charlotte,32,19,31.877325660776705,18.861840801284778,-13.015484859491929,50.73916646206148,13.015484859491929,50.73916646206148,Memphis,0.7861528898284087,79,0.20458724195799016,0.7954127580420098,Draft Kings,True,-1450.0,850.0,Memphis,-1450.0,STRONG,-14.933098113933319,-0.14973118967923088,-389,0.8988580750407831,Charlotte,10.34453169987732,0.9435787986009065,20.5,Charlotte,20.5,STRONG,7.484515140508071,0.6824687323527961,54.5,U,51,LEAN,3.7608335379385167,0.595896696427706,-11.941380006771148,50.73916646206148,-213.60836305385124,-14.341380006771152
2026-09-29T03:47:07.596662+00:00,401864515,2026,5,2026-10-03T19:30:00.000Z,Wyoming,North Dakota State,13,31,13.390673437879993,31.317968062461812,17.92729462458182,44.708641500341805,-17.92729462458182,44.708641500341805,North Dakota State,0.8626848669020517,86,0.8721929002660906,0.8721929002660906,Draft Kings,True,750.0,-1200.0,North Dakota State,-1200.0,STRONG,-6.039205617487142,-0.055124358045068475,-682,0.8869565217391304,Wyoming,1.4763621473039805,0.08636034773822954,-18.5,Wyoming,18.5,,0.572705375418181,0.5144851239376134,45.5,U,45,,0.7913584996581946,0.5203681813941134,12.085068082543792,44.708641500341805,130.1099555447379,9.685068082543795
2026-09-29T03:47:07.596662+00:00,401866430,2026,5,2026-10-03T19:30:00.000Z,Akron,Central Michigan,20,30,19.737229990446576,29.72952638398883,9.992296393542256,49.466756374435406,-9.992296393542256,49.466756374435406,Central Michigan,0.7287096345253572,73,0.7368416622056351,0.7368416622056351,Draft Kings,True,195.0,-238.0,Central Michigan,-238.0,LEAN,2.4567622691037627,0.046438999266826264,-280,0.6750312469954812,Central Michigan,6.181041521015384,0.046438999266826264,-6.5,Central Michigan,-6.5,LEAN,3.492296393542256,0.5876313019139855,46.5,O,49,LEAN,2.9667563744354055,0.5759280218548067,6.545483025869114,49.466756374435406,67.3369627536008,4.145483025869115
2026-09-29T03:47:07.596662+00:00,401866433,2026,5,2026-10-03T19:30:00.000Z,Eastern Michigan,Massachusetts,24,30,23.831905803145723,30.003191836920614,6.171286033774891,53.83509764006634,-6.171286033774891,53.83509764006634,Massachusetts,0.6465670583156139,65,0.6522262938606479,0.6522262938606479,Draft Kings,True,180.0,-218.0,Massachusetts,-218.0,BET,-3.8967532879354616,-0.04858733280877964,-188,0.6574752261956054,Eastern Michigan,0.5248932334957435,-0.026233622809814117,-6.0,Massachusetts,-6.0,,0.1712860337748907,0.5043331111292096,48.5,O,54,BET,5.335097640066337,0.6347084596396542,3.1485108225066014,53.83509764006634,-44.13873602092508,0.7485108225066028
2026-09-29T03:47:07.596662+00:00,401866434,2026,5,2026-10-03T19:30:00.000Z,Ohio,Kent State,34,23,33.73724688208843,23.222390502789523,-10.514856379298903,56.95963738487795,10.514856379298903,56.95963738487795,Ohio,0.739160386174823,74,0.25245774323281417,0.7475422567671859,Draft Kings,True,-162.0,136.0,Ohio,-162.0,STRONG,12.083977548780013,0.2089880942777944,-296,0.593369754159424,Ohio,15.417250260776195,0.2089880942777944,3.0,Ohio,-3.0,STRONG,7.514856379298903,0.6831542316998951,50.5,O,57,BET,6.459637384877951,0.661636149638949,-10.024475842517063,56.95963738487795,-145.8758629423112,-12.424475842517062
2026-09-29T03:47:07.596662+00:00,401866477,2026,5,2026-10-03T19:30:00.000Z,Bowling Green,Miami (OH),18,31,18.387008079279934,30.81528898831154,12.428280909031606,49.20229706759147,-12.428280909031606,49.20229706759147,Miami (OH),0.775582953639011,78,0.7846841195086578,0.7846841195086578,Draft Kings,True,410.0,-550.0,Miami (OH),-550.0,STRONG,-7.057089251483517,-0.07264604058067714,-364,0.8118668596237336,Bowling Green,2.718274011507593,0.09811099050584515,-13.5,Bowling Green,13.5,,1.0717190909683936,0.5270915076806708,42.5,O,49,BET,6.7022970675914735,0.6673454533982309,9.403334490219951,49.20229706759147,91.487560502723,7.003334490219958
2026-09-29T03:47:07.596662+00:00,401869956,2026,5,2026-10-03T19:30:00.000Z,Old Dominion,Georgia State,28,27,27.91845753633361,26.97397657501946,-0.9444809613141516,54.89243411135307,0.9444809613141516,54.89243411135307,Old Dominion,0.5229485352880022,52,0.47612078514242595,0.523879214857574,Draft Kings,True,-102.0,-118.0,Old Dominion,-102.0,,1.799804023849727,0.03748628824735256,-110,0.4826358742837298,Old Dominion,4.124334057384427,0.03748628824735256,-1.5,Old Dominion,1.5,LEAN,2.4444809613141514,0.5615937460918894,50.5,O,55,LEAN,4.392434111353069,0.6116056900560598,-1.4381734926192635,54.89243411135307,-93.77261182649067,-3.8381734926192634
2026-09-29T03:47:07.596662+00:00,401869962,2026,5,2026-10-03T19:45:00.000Z,Marshall,James Madison,16,39,15.655683343803197,38.818975211755095,23.163291867951898,54.47465855555829,-23.163291867951898,54.47465855555829,James Madison,0.9209565610949669,92,0.9290628842053679,0.9290628842053679,Draft Kings,True,650.0,-1000.0,James Madison,-1000.0,,1.186565200405787,0.021969172625904657,-1310,0.8720930232558138,James Madison,5.6969860949554025,0.021969172625904657,-18.5,James Madison,-18.5,BET,4.663291867951898,0.6162749832064057,55.5,U,54,,1.0253414444417075,0.5263827082996355,16.904272520645137,54.47465855555829,135.40044381576172,14.504272520645138
2026-09-29T03:47:07.596662+00:00,401858475,2026,5,2026-10-03T20:00:00.000Z,Maryland,Nebraska,17,39,16.549426869216465,39.34906775886428,22.79964088964781,55.89849462808074,-22.79964088964781,55.89849462808074,Nebraska,0.9176405993586807,92,0.9258815414484223,0.9258815414484223,Draft Kings,True,490.0,-675.0,Nebraska,-675.0,BET,4.667285742319683,0.0630491772185589,-1249,0.8370993168681029,Nebraska,8.878222458031937,0.0630491772185589,-14.5,Nebraska,-14.5,STRONG,8.299640889647812,0.7006610679422745,52.5,O,56,LEAN,3.3984946280807407,0.586812604861938,16.88235604562223,55.89849462808074,116.91181132082556,14.482356045622229
2026-09-29T03:47:07.596662+00:00,401864514,2026,5,2026-10-03T20:00:00.000Z,UTEP,New Mexico,14,39,13.882092761682797,39.30937768534103,25.427284923658238,53.19147044702383,-25.427284923658238,53.19147044702383,New Mexico,0.9393691404952574,94,0.9465639697652379,0.9465639697652379,Draft Kings,True,1100.0,-2100.0,New Mexico,-2100.0,,-1.5176314050197148,-0.008361555484036456,-1771,0.9197080291970804,New Mexico,2.6855940568157544,-0.008361555484036456,-22.5,New Mexico,-22.5,LEAN,2.927284923658238,0.5736313938544523,48.5,O,53,BET,4.691470447023832,0.6189817380195164,20.959873450146517,53.19147044702383,183.6895123817992,18.55987345014652
2026-09-29T03:47:07.596662+00:00,401856709,2026,5,2026-10-03T20:15:00.000Z,Kentucky,South Carolina,24,29,24.09076863196917,29.313352086142274,5.222583454173105,53.40412071811144,-5.222583454173105,53.40412071811144,South Carolina,0.6248546789743415,62,0.6297450555956391,0.6297450555956391,Draft Kings,True,120.0,-142.0,South Carolina,-142.0,BET,3.8077819470209273,0.07322748911369475,-170,0.5634920634920635,South Carolina,6.625299210357561,0.07322748911369475,-2.5,South Carolina,-2.5,LEAN,2.7225834541731047,0.5685353146023127,53.5,U,53,,0.09587928188855699,0.5024688220691861,4.969104487152304,53.40412071811144,-19.22254897221228,2.5691044871523068
2026-09-29T03:47:07.596662+00:00,401858472,2026,5,2026-10-03T20:15:00.000Z,Purdue,Illinois,23,37,23.31618575935167,36.83102459091701,13.51483883156534,60.14721035026868,-13.51483883156534,60.14721035026868,Illinois,0.7949089908887252,79,0.8042810457596842,0.8042810457596842,Draft Kings,True,295.0,-375.0,Illinois,-375.0,,0.5435306678198915,0.01875599129559996,-411,0.7571884984025559,Illinois,4.709254735712831,0.01875599129559996,-10.0,Illinois,-10.0,LEAN,3.5148388315653403,0.588187678583764,61.5,U,60,,1.3527896497313208,0.5347893654833773,12.49822211441344,60.14721035026868,175.33395120074806,10.098222114413442
2026-09-29T03:47:07.596662+00:00,401860899,2026,5,2026-10-03T22:00:00.000Z,Oregon State,Colorado State,26,29,26.323341867039343,28.975763165675698,2.6524212986363525,55.29910503271504,-2.6524212986363525,55.29910503271504,Colorado State,0.5642031359599176,56,0.5667859422772601,0.5667859422772601,Draft Kings,True,-230.0,190.0,Colorado State,190.0,STRONG,21.9375549753021,0.6436792326040541,-131,0.33099297893681046,Colorado State,23.57929633404496,0.6436792326040541,6.0,Colorado State,6.0,STRONG,8.652421298636352,0.7083852411818529,60.5,U,55,BET,5.20089496728496,0.6314469194962773,0.9004549229835206,55.29910503271504,-0.032358586351165286,-1.4995450770164744
2026-09-29T03:47:07.596662+00:00,401856711,2026,5,2026-10-03T23:00:00.000Z,Arkansas,Texas A&M,24,33,23.90957575383109,33.05056565480119,9.1409899009701,56.960141408632275,-9.1409899009701,56.960141408632275,Texas A&M,0.7112491901525234,71,0.7189263481056034,0.7189263481056034,Draft Kings,True,455.0,-625.0,Texas A&M,-625.0,STRONG,-15.081977536471792,-0.16604543619750006,-256,0.827123695976155,Arkansas,10.819734787055157,0.5599587680139011,-14.0,Arkansas,14.0,BET,4.8590100990299,0.6210056382732688,51.5,O,57,BET,5.460141408632275,0.6377386724099493,9.985038823473566,56.960141408632275,131.16788910302444,7.585038823473562
2026-09-29T03:47:07.596662+00:00,401856818,2026,5,2026-10-03T23:00:00.000Z,BYU,TCU,25,24,24.75716234892878,23.987461120537645,-0.7697012283911344,48.744623469466426,0.7697012283911344,48.744623469466426,BYU,0.5187052899608448,52,0.4805358167936047,0.5194641832063953,Draft Kings,True,-250.0,205.0,BYU,-250.0,STRONG,-19.558042432486957,-0.27275014351104654,-108,0.6853932584269663,TCU,16.592907522057104,0.46563424122049424,6.5,TCU,6.5,BET,5.730298771608865,0.6418371656983829,48.5,O,49,,0.24462346946642555,0.5062986556739645,-1.794844028097927,48.744623469466426,-86.67468125545315,-4.1948440280979264
2026-09-29T03:47:07.596662+00:00,401862788,2026,5,2026-10-03T23:00:00.000Z,UTSA,Rice,36,24,36.218187234462505,24.165246570825236,-12.052940663637267,60.38343380528774,12.052940663637267,60.38343380528774,UTSA,0.7686741767643464,77,0.2223413557826459,0.7776586442173541,Draft Kings,True,-440.0,340.0,UTSA,-440.0,BET,-4.614063805046841,-0.04560075482415635,-350,0.7819063004846527,Rice,0.42476562672985607,-0.021698034556357992,11.5,UTSA,-11.5,,0.5529406636372673,0.5139854343823572,54.5,O,60,BET,5.883433805287737,0.647931517931898,-10.566866514641276,60.38343380528774,-141.4346196341371,-12.966866514641278
2026-09-29T03:47:07.596662+00:00,401869942,2026,5,2026-10-03T23:00:00.000Z,Georgia Southern,Coastal Carolina,28,27,27.78841716275071,27.200041132749625,-0.5883760300010841,54.98845829550034,0.5883760300010841,54.98845829550034,Georgia Southern,0.5143009013986405,51,0.4851187081967461,0.5148812918032539,Draft Kings,True,-135.0,114.0,Georgia Southern,-135.0,STRONG,-6.016718370774255,-0.10372515871285432,-106,0.551441114716549,Coastal Carolina,3.655982291329507,0.03815403554103658,2.5,Coastal Carolina,2.5,,1.911623969998916,0.548242109743954,54.5,O,55,,0.4884582955003367,0.512575444338886,-0.6724277697792154,54.98845829550034,-36.04689759093708,-3.0724277697792086
2026-09-29T03:47:07.596662+00:00,401871089,2026,5,2026-10-03T23:00:00.000Z,UL Monroe,South Alabama,19,39,18.902407011717344,38.592535280003325,19.690128268285978,57.49494229172067,-19.690128268285978,57.49494229172067,South Alabama,0.8849081793168652,88,0.8940951157130228,0.8940951157130228,Draft Kings,True,440.0,-600.0,South Alabama,-600.0,LEAN,2.7765322174008067,0.04311096833185993,-844,0.8223350253807106,South Alabama,7.176009033231223,0.04311096833185993,-14.0,South Alabama,-14.0,BET,5.690128268285978,0.6408854176481718,56.5,O,57,,0.994942291720669,0.5256016092120823,12.689666300138306,57.49494229172067,109.59921386586348,10.289666300138304
2026-09-29T03:47:07.596662+00:00,401856821,2026,5,2026-10-03T23:30:00.000Z,Texas Tech,Colorado,33,17,33.450512920540945,16.602225632403407,-16.848287288137534,50.05273855294435,16.848287288137534,50.05273855294435,Texas Tech,0.8477211387169903,85,0.14267104149011206,0.857328958509888,Draft Kings,True,-550.0,410.0,Texas Tech,-550.0,,0.15672925631441403,0.013206950966231285,-601,0.8118668596237336,Texas Tech,4.546209888615438,0.013206950966231285,13.5,Texas Tech,-13.5,LEAN,3.3482872881375343,0.5840728586455763,50.5,U,50,,0.4472614470556522,0.5115151324284011,-14.216000132001785,50.05273855294435,-187.1693405685719,-16.616000132001787
2026-09-29T03:47:07.596662+00:00,401858249,2026,5,2026-10-03T23:30:00.000Z,Miami,Clemson,31,16,30.694087105313532,16.42373135903149,-14.270355746282043,47.11781846434502,14.270355746282043,47.11781846434502,Miami,0.8077441413745143,81,0.18275335506905,0.81724664493095,Draft Kings,True,-800.0,550.0,Miami,-800.0,STRONG,-8.11447475143745,-0.08059752445268124,-447,0.8524590163934427,Clemson,3.521237146249259,0.1878968079488249,16.5,Clemson,16.5,LEAN,2.2296442537179573,0.5562182024367308,48.5,U,47,,1.3821815356549791,0.5355432477203265,-11.487345233953594,47.11781846434502,-83.05865693843771,-13.887345233953594
2026-09-29T03:47:07.596662+00:00,401858478,2026,5,2026-10-03T23:30:00.000Z,Washington,USC,25,31,25.315624998933455,30.712342280762815,5.396717281829359,56.02796727969627,-5.396717281829359,56.02796727969627,USC,0.6288721168123286,63,0.6339075186519952,0.6339075186519952,Draft Kings,True,295.0,-375.0,USC,-375.0,STRONG,-16.060156739819774,-0.19705047637413936,-173,0.7571884984025559,Washington,12.328097975056066,0.44606530132461886,-9.5,Washington,9.5,BET,4.103282718170641,0.6026453626158396,57.5,U,56,,1.47203272030373,0.537847068009467,4.449756986029033,56.02796727969627,24.251092044442657,2.0497569860290366
2026-09-29T03:47:07.596662+00:00,401860898,2026,5,2026-10-03T23:30:00.000Z,Utah State,Boise State,19,32,18.744060253435354,31.884655463333043,13.140595209897688,50.6287157167684,-13.140595209897688,50.6287157167684,Boise State,0.7883668808545893,79,0.7976568142533362,0.7976568142533362,Draft Kings,True,900.0,-1600.0,Boise State,-1600.0,STRONG,-15.2809589733646,-0.15248963485583025,-394,0.9039548022598869,Utah State,10.629798800655077,1.0234318574666377,-19.5,Utah State,19.5,STRONG,6.359404790102312,0.6566241376388469,51.5,U,51,,0.8712842832316028,0.5224232627966708,9.925735689808064,50.6287157167684,127.8821216846734,7.525735689808061
2026-09-29T03:47:07.596662+00:00,401862792,2026,5,2026-10-03T23:30:00.000Z,Temple,South Florida,20,35,19.745464159480978,34.64368494465984,14.898220785178857,54.38914910414081,-14.898220785178857,54.38914910414081,South Florida,0.818027738083605,82,0.8276033239601034,0.8276033239601034,Draft Kings,True,195.0,-238.0,South Florida,-238.0,STRONG,11.388572624928539,0.1753358130189704,-480,0.6750312469954812,South Florida,15.257207696462217,0.1753358130189704,-6.0,South Florida,-6.0,STRONG,8.898220785178857,0.713711515426248,50.5,O,54,LEAN,3.889149104140813,0.5991015689856967,12.09580255734491,54.38914910414081,176.2925111185698,9.695802557344912
2026-09-29T03:47:07.596662+00:00,401869842,2026,5,2026-10-03T23:30:00.000Z,Army,Louisiana Tech,24,23,23.809739633262343,22.8399174926847,-0.9698221405776399,46.649657125947044,0.9698221405776399,46.649657125947044,Army,0.5235635556733367,52,0.47548088349564915,0.5245191165043508,Draft Kings,True,-130.0,110.0,Army,-130.0,BET,-4.165383563101111,-0.07200464003076396,-110,0.5427435387673957,Louisiana Tech,1.822442226304477,-0.0014901446591366607,2.5,Louisiana Tech,2.5,,1.53017785942236,0.5386497998367834,46.5,O,47,,0.14965712594704428,0.5038535272760075,-2.8684215839563443,46.649657125947044,-82.2115301603003,-5.268421583956343
2026-09-29T03:47:07.596662+00:00,401858477,2026,5,2026-10-04T00:00:00.000Z,Indiana,Rutgers,41,17,40.620425819691974,16.982701183492825,-23.637724636199145,57.603127003184795,23.637724636199145,57.603127003184795,Indiana,0.9251294211134605,93,0.06694559857627264,0.9330544014237274,Draft Kings,True,-2400.0,1200.0,Indiana,-2400.0,BET,-3.487057888653944,-0.028068331850283942,-1394,0.9258160237388724,Indiana,0.7238377684855024,-0.028068331850283942,24.5,Rutgers,24.5,,0.8622753638008547,0.521802988437343,56.5,O,58,,1.1031270031847953,0.528380921096691,-20.448439475463786,57.603127003184795,-266.78349135322765,-22.84843947546379
2026-09-29T03:47:07.596662+00:00,401869932,2026,5,2026-10-04T00:00:00.000Z,Arkansas State,Louisiana,22,29,21.663879428065158,29.23929000407039,7.575410576005233,50.90316943213555,-7.575410576005233,50.90316943213555,Louisiana,0.6778280223727761,68,0.6845204521659085,0.6845204521659085,Draft Kings,True,205.0,-250.0,Louisiana,-250.0,BET,-3.645769191293824,-0.04167136696772805,-217,0.6853932584269663,Arkansas State,0.08728062610578458,-0.037787379106021035,-6.5,Louisiana,-6.5,,1.0754105760052326,0.5271846787631665,46.5,O,51,LEAN,4.403169432135549,0.611871203622363,6.146767928147561,50.90316943213555,27.89959301056342,3.7467679281475617
2026-09-29T03:47:07.596662+00:00,401860921,2026,5,2026-10-04T01:30:00.000Z,Fresno State,Washington State,23,21,22.737243666919593,21.461544303485912,-1.2756993634336835,44.198787970405505,1.2756993634336835,44.198787970405505,Fresno State,0.5309822223023623,53,0.46776250544252357,0.5322374945574764,Draft Kings,True,110.0,-130.0,Fresno State,110.0,BET,5.479174611188609,0.11769873857070046,-114,0.4572564612326044,Fresno State,7.498103332487199,0.11769873857070046,-2.5,Fresno State,2.5,LEAN,3.7756993634336835,0.594612886878821,46.5,U,44,,2.3012120295944953,0.5590377681981576,-1.8091789667192053,44.198787970405505,-88.09022214831407,-4.209178966719204
2026-09-29T03:47:07.596662+00:00,401856817,2026,5,2026-10-04T02:30:00.000Z,Baylor,Arizona State,25,29,25.02461269418618,29.298573550217363,4.273960856031181,54.323186244403544,-4.273960856031181,54.323186244403544,Arizona State,0.6027411049213276,60,0.6068135062180788,0.6068135062180788,Draft Kings,True,160.0,-192.0,Arizona State,-192.0,BET,-5.479314165401483,-0.07713779262667175,-154,0.6309403437815976,Baylor,2.4126837563518686,0.022284883832995095,-4.0,Arizona State,-4.0,,0.2739608560311808,0.5069303167263589,49.5,O,54,BET,4.823186244403544,0.6222171589156608,2.1535927865621396,54.323186244403544,47.43332340821348,-0.24640721343785854
2026-09-29T03:47:07.596662+00:00,401860900,2026,5,2026-10-04T02:30:00.000Z,Texas State,San Diego State,28,28,28.105534039075188,27.836570029365625,-0.26896400970956147,55.94210406844081,0.26896400970956147,55.94210406844081,Texas State,0.5065384711358252,51,0.49319607482889427,0.5068039251711057,Draft Kings,True,-192.0,160.0,Texas State,-192.0,STRONG,-15.099577543951725,-0.22923569713561004,-103,0.6309403437815976,San Diego State,12.413641861049179,0.28230979455512517,4.5,San Diego State,4.5,BET,4.231035990290438,0.6057663662060787,59.5,U,56,LEAN,3.5578959315591874,0.590814943204822,0.010548675716353983,55.94210406844081,-43.678046460000814,-2.389451324283641
2026-09-29T03:47:07.596662+00:00,401856820,2026,5,2026-10-04T03:00:00.000Z,Cincinnati,Arizona,23,32,23.145798675888372,32.393046382585055,9.247247706696687,55.53884505847343,-9.247247706696687,55.53884505847343,Arizona,0.7134571818966937,71,0.7211943043435307,0.7211943043435307,Draft Kings,True,235.0,-290.0,Arizona,-290.0,BET,-3.0132561693049897,-0.03011800450352764,-259,0.7135512302607419,Arizona,0.7643074082788859,-0.03011800450352764,-7.0,Arizona,-7.0,LEAN,2.2472477066966867,0.5566590708989791,54.5,O,56,,1.0388450584734272,0.5267296481355935,6.822558485929832,55.53884505847343,29.22569998334893,4.4225584859298355
2026-09-29T03:47:07.596662+00:00,401864513,2026,5,2026-10-04T03:59:00.000Z,San José State,Hawai'i,22,29,22.36695003931883,29.14590516009836,6.77895512077953,51.51285519941719,-6.77895512077953,51.51285519941719,Hawai'i,0.660232970823954,66,0.6663556042329885,0.6663556042329885,Draft Kings,True,120.0,-142.0,Hawai'i,-142.0,STRONG,7.345611131982177,0.13562011425621973,-200,0.5634920634920635,Hawai'i,10.286354074092497,0.13562011425621973,-3.0,Hawai'i,-3.0,LEAN,3.77895512077953,0.5946929218220842,51.5,O,52,,0.0128551994171886,0.5003310141495816,5.155631541663109,51.51285519941719,39.007142623184336,2.755631541663112
