game_id,season,week,date,away_team,home_team,away_score,home_score,away_score_exact,home_score_exact,model_margin_home,model_total,fair_spread_home,fair_total,winner,win_probability,win_pct,calibrated_home_probability,calibrated_winner_probability,provider,market_available,away_ml,home_ml,ml_team,ml_odds,ml_badge,ml_edge_pp,ml_est_roi,ml_fair_odds,no_vig_market_prob_winner,quant_best_ml_side,quant_best_ml_edge_pp,quant_best_ml_roi,market_spread_home,spread_team,spread_line,spread_badge,spread_edge_pts,cover_probability,market_total,total_dir,proj_total,total_badge,total_edge_pts,total_probability,baseline_margin,baseline_total,elo_diff_home,net_eff_diff_home,volatility_avg,market_book_count,market_books,market_quote_sources,market_quotes_json,consensus_home_spread,consensus_total,spread_market_std,total_market_std,spread_market_range,total_market_range,best_home_spread,best_away_spread,best_home_spread_odds,best_away_spread_odds,best_home_spread_book,best_away_spread_book,best_over_total,best_under_total,best_over_odds,best_under_odds,best_over_book,best_under_book,best_home_ml,best_away_ml,best_home_ml_book,best_away_ml_book,consensus_home_novig_probability,consensus_probability_std,moneyline_pair_book_count,market_consensus_quality,best_home_ml_quote_at,best_away_ml_quote_at,best_home_spread_quote_at,best_away_spread_quote_at,best_over_quote_at,best_under_quote_at,home_injury_count,away_injury_count,home_qb_injury_risk,away_qb_injury_risk,home_injury_report_age_days,away_injury_report_age_days,home_roster_count,away_roster_count,home_active_qb_count,away_active_qb_count,home_roster_availability_risk,away_roster_availability_risk,home_availability_risk,away_availability_risk,availability_edge_home,availability_risk,home_rest_days,away_rest_days,rest_edge_home,away_travel_miles,venue_indoor,venue_elevation_ft,altitude_change_away_ft,temperature_f,precip_probability,precipitation_in,weather_code,wind_mph,wind_gust_mph,weather_risk,travel_rest_risk,context_risk,context_quality_score,indoor_weather_suppressed,opening_home_spread,opening_total,opening_home_ml,opening_away_ml,latest_pre_kickoff_home_spread,latest_pre_kickoff_total,latest_pre_kickoff_home_ml,latest_pre_kickoff_away_ml,opening_consensus_home_spread,opening_consensus_total,opening_consensus_home_novig_probability,opening_market_book_count,latest_pre_kickoff_consensus_home_spread,latest_pre_kickoff_consensus_total,latest_pre_kickoff_consensus_home_novig_probability,latest_pre_kickoff_market_book_count,spread_move_home,total_move,home_ml_implied_move,away_ml_implied_move,consensus_spread_move_home,consensus_total_move,consensus_home_novig_move,market_snapshot_count,first_market_snapshot_at,last_pre_kickoff_snapshot_at,line_history_source,latest_pre_kickoff_market_books,data_quality_score,risk_multiplier,market_disagreement,spread_odds,total_odds,quant_signal,quant_market,quant_side,quant_book,quant_quote_at,quant_ev,stake_units,quant_probability,quant_odds,policy_block_reason,quant_price,quant_edge,historical_segment_multiplier
401871090,2026,6,2026-10-07T00:00:00.000Z,Southern Miss,Troy,20,29,20.08537613702383,29.115031693251254,9.029655556227423,49.20040783027508,-9.029655556227423,49.20040783027508,Troy,0.7763157894736842,78,0.7763157894736842,0.7763157894736842,DraftKings,True,310.0,-365.0,Troy,-395.0,,-2.166400850611383,-0.02714856762158563,-347,0.7659021045164341,Troy,1.0285698946765676,-0.010994953136265362,-10.0,Southern Miss,10.5,,1.4703444437725768,0.5359626101865453,48.5,O,49,,0.7004078302750827,0.5173467622297758,7.745901417767925,49.13676463294907,92.01391940312419,5.345901417767927,13.340496590793233,7.0,DraftKings | ActionNetwork book 15 | ActionNetwork book 30 | ActionNetwork book 68 | ActionNetwork book 69 | ActionNetwork book 71 | ActionNetwork book 75,action_network | espn_core,"[{""away_ml"":310.0,""away_spread_price"":-112.0,""home_ml"":-412.0,""home_spread"":-10.0,""home_spread_price"":-109.0,""last_update"":null,""market_total"":48.5,""over_price"":-110.0,""provider"":""ActionNetwork book 15"",""source"":""action_network"",""under_price"":-110.0},{""away_ml"":285.0,""away_spread_price"":-110.0,""home_ml"":-365.0,""home_spread"":-9.5,""home_spread_price"":-110.0,""last_update"":null,""market_total"":50.5,""over_price"":-115.0,""provider"":""ActionNetwork book 30"",""source"":""action_network"",""under_price"":-105.0},{""away_ml"":310.0,""away_spread_price"":-110.0,""home_ml"":-395.0,""home_spread"":-10.0,""home_spread_price"":-110.0,""last_update"":null,""market_total"":48.5,""over_price"":-110.0,""provider"":""ActionNetwork book 68"",""source"":""action_network"",""under_price"":-110.0},{""away_ml"":330.0,""away_spread_price"":-115.0,""home_ml"":-430.0,""home_spread"":-10.5,""home_spread_price"":-105.0,""last_update"":null,""market_total"":48.5,""over_price"":-110.0,""provider"":""ActionNetwork book 69"",""source"":""action_network"",""under_price"":-110.0},{""away_ml"":310.0,""away_spread_price"":-113.0,""home_ml"":-420.0,""home_spread"":-10.0,""home_spread_price"":-110.0,""last_update"":null,""market_total"":48.5,""over_price"":-113.0,""provider"":""ActionNetwork book 71"",""source"":""action_network"",""under_price"":-110.0},{""away_ml"":310.0,""away_spread_price"":-110.0,""home_ml"":-400.0,""home_spread"":-10.0,""home_spread_price"":-108.0,""last_update"":null,""market_total"":48.5,""over_price"":-110.0,""provider"":""ActionNetwork book 75"",""source"":""action_network"",""under_price"":-108.0},{""away_ml"":310.0,""away_spread_price"":null,""home_ml"":-395.0,""home_spread"":-10.0,""home_spread_price"":null,""last_update"":null,""market_total"":48.5,""over_price"":null,""provider"":""DraftKings"",""source"":""espn_core"",""under_price"":null}]",-10.0,48.5,0.2672612419124244,0.6998542122237651,1.0,2.0,-9.5,10.5,-110.0,-115.0,ActionNetwork book 30,ActionNetwork book 69,48.5,50.5,-110.0,-105.0,ActionNetwork book 15,ActionNetwork book 30,-365.0,330.0,ActionNetwork book 30,ActionNetwork book 69,0.7660300905269185,0.007032780105736429,7.0,0.8794769655112252,,,,,,,0.0,0.0,0.0,0.0,,,105.0,112.0,4.0,5.0,0.01904761904761905,0.0,0.004761904761904762,0.0,-0.004761904761904762,0.004761904761904762,10.020833333333334,10.041666666666666,-0.02083333333333215,201.61419352121192,False,154.7746277,90.24736023999999,72.9,5.0,0.0,3.0,6.3,14.3,0.0,0.0,0.003047619047619048,1.0,,-10.0,48.5,-395.0,310.0,-10.0,48.5,-395.0,310.0,-10.0,48.5,0.7660300905269185,7.0,-10.0,48.5,0.7660300905269185,7.0,0.0,0.0,0.0,0.0,0.0,0.0,0.0,1.0,2026-10-04T15:22:29.487688+00:00,2026-10-04T15:22:29.487688+00:00,hourly_market_snapshots,DraftKings | ActionNetwork book 15 | ActionNetwork book 30 | ActionNetwork book 68 | ActionNetwork book 69 | ActionNetwork book 71 | ActionNetwork book 75,0.9674587806880308,0.764986295983691,0.9703444437725768,-115.0,-110.0,PASS,,,,,0.0,0.0,,,,,,
401871051,2026,6,2026-10-07T23:00:00.000Z,Jacksonville State,Kennesaw State,27,23,27.24528863952714,23.04126195596367,-4.204026683563471,50.28655059549081,4.204026683563471,50.28655059549081,Jacksonville State,0.5507246376811594,55,0.4492753623188406,0.5507246376811594,DraftKings,True,-180.0,150.0,Jacksonville State,-180.0,,-9.213250517598349,-0.14331723027375198,-123,0.6164383561643836,Kennesaw State,4.322794700307725,0.12318840579710144,3.5,Jacksonville State,-2.5,,1.7040266835634714,0.5416587661142672,48.5,O,50,,1.7865505954908087,0.5441702092480442,-1.796817507965443,49.281711926566565,-67.93503382781205,-4.196817507965446,12.98114586151706,7.0,DraftKings | ActionNetwork book 15 | ActionNetwork book 30 | ActionNetwork book 68 | ActionNetwork book 69 | ActionNetwork book 71 | ActionNetwork book 75,action_network | espn_core,"[{""away_ml"":-172.0,""away_spread_price"":-110.0,""home_ml"":140.0,""home_spread"":3.5,""home_spread_price"":-110.0,""last_update"":null,""market_total"":49.5,""over_price"":-109.0,""provider"":""ActionNetwork book 15"",""source"":""action_network"",""under_price"":-110.0},{""away_ml"":-122.0,""away_spread_price"":-105.0,""home_ml"":102.0,""home_spread"":2.5,""home_spread_price"":-115.0,""last_update"":null,""market_total"":51.5,""over_price"":-115.0,""provider"":""ActionNetwork book 30"",""source"":""action_network"",""under_price"":-105.0},{""away_ml"":-180.0,""away_spread_price"":-110.0,""home_ml"":150.0,""home_spread"":3.5,""home_spread_price"":-110.0,""last_update"":null,""market_total"":49.5,""over_price"":-110.0,""provider"":""ActionNetwork book 68"",""source"":""action_network"",""under_price"":-110.0},{""away_ml"":-164.0,""away_spread_price"":-105.0,""home_ml"":136.0,""home_spread"":3.5,""home_spread_price"":-115.0,""last_update"":null,""market_total"":48.5,""over_price"":-115.0,""provider"":""ActionNetwork book 69"",""source"":""action_network"",""under_price"":-105.0},{""away_ml"":-175.0,""away_spread_price"":-112.0,""home_ml"":138.0,""home_spread"":3.5,""home_spread_price"":-112.0,""last_update"":null,""market_total"":49.5,""over_price"":-112.0,""provider"":""ActionNetwork book 71"",""source"":""action_network"",""under_price"":-110.0},{""away_ml"":-165.0,""away_spread_price"":-108.0,""home_ml"":140.0,""home_spread"":3.5,""home_spread_price"":-110.0,""last_update"":null,""market_total"":49.5,""over_price"":-108.0,""provider"":""ActionNetwork book 75"",""source"":""action_network"",""under_price"":-110.0},{""away_ml"":-180.0,""away_spread_price"":null,""home_ml"":150.0,""home_spread"":3.5,""home_spread_price"":null,""last_update"":null,""market_total"":null,""over_price"":null,""provider"":""DraftKings"",""source"":""espn_core"",""under_price"":null}]",3.5,49.5,0.3499271061118826,0.8975274678557505,1.0,3.0,3.5,-2.5,-110.0,-105.0,ActionNetwork book 15,ActionNetwork book 30,48.5,51.5,-115.0,-105.0,ActionNetwork book 69,ActionNetwork book 30,150.0,-122.0,DraftKings,ActionNetwork book 30,0.4060474153157633,0.02876500210043914,7.0,0.8034030484834171,,,,,,,0.0,0.0,0.0,0.0,,,110.0,130.0,5.0,5.0,0.01818181818181818,0.015384615384615385,0.004545454545454545,0.0038461538461538464,-0.0006993006993006989,0.004545454545454545,11.0,11.0,0.0,70.22979566055845,False,296.9589844,98.89108280000002,75.3,0.0,0.0,0.0,3.5,5.4,0.0,0.0,0.002909090909090909,1.0,,3.5,,150.0,-180.0,3.5,,150.0,-180.0,3.5,49.5,0.4060474153157633,7.0,3.5,49.5,0.4060474153157633,7.0,0.0,,0.0,0.0,0.0,0.0,0.0,1.0,2026-10-04T15:22:29.487688+00:00,2026-10-04T15:22:29.487688+00:00,hourly_market_snapshots,DraftKings | ActionNetwork book 15 | ActionNetwork book 30 | ActionNetwork book 68 | ActionNetwork book 69 | ActionNetwork book 71 | ActionNetwork book 75,0.9469188230905227,0.7637050617981885,0.7865505954908087,-105.0,-115.0,PASS,,,,,0.0,0.0,,,,,,
401871066,2026,6,2026-10-07T23:30:00.000Z,New Mexico State,Florida International,23,28,22.98043138585724,27.58290487190644,4.602473486049196,50.56333625776368,-4.602473486049196,50.56333625776368,Florida International,0.6081632653061224,61,0.6081632653061224,0.6081632653061224,DraftKings,True,136.0,-162.0,Florida International,-162.0,,-1.0157345380900518,-0.016427311665407007,-155,0.593369754159424,Florida International,0.8846800571478575,-0.016427311665407007,-3.5,Florida International,-3.5,,1.1024734860491963,0.5269810134270484,47.5,O,51,LEAN,3.0633362577636802,0.5754372558960527,6.900027966899646,50.16168222097231,61.38125262649919,4.500027966899646,16.08559133976264,7.0,DraftKings | ActionNetwork book 15 | ActionNetwork book 30 | ActionNetwork book 68 | ActionNetwork book 69 | ActionNetwork book 71 | ActionNetwork book 75,action_network | espn_core,"[{""away_ml"":137.0,""away_spread_price"":-111.0,""home_ml"":-167.0,""home_spread"":-4.0,""home_spread_price"":-110.0,""last_update"":null,""market_total"":47.5,""over_price"":-110.0,""provider"":""ActionNetwork book 15"",""source"":""action_network"",""under_price"":-111.0},{""away_ml"":141.0,""away_spread_price"":-112.0,""home_ml"":-170.0,""home_spread"":-4.0,""home_spread_price"":-107.0,""last_update"":null,""market_total"":48.0,""over_price"":-110.0,""provider"":""ActionNetwork book 30"",""source"":""action_network"",""under_price"":-110.0},{""away_ml"":136.0,""away_spread_price"":-110.0,""home_ml"":-162.0,""home_spread"":-3.5,""home_spread_price"":-110.0,""last_update"":null,""market_total"":47.5,""over_price"":-110.0,""provider"":""ActionNetwork book 68"",""source"":""action_network"",""under_price"":-110.0},{""away_ml"":140.0,""away_spread_price"":-110.0,""home_ml"":-170.0,""home_spread"":-3.5,""home_spread_price"":-110.0,""last_update"":null,""market_total"":47.5,""over_price"":-110.0,""provider"":""ActionNetwork book 69"",""source"":""action_network"",""under_price"":-110.0},{""away_ml"":143.0,""away_spread_price"":-112.0,""home_ml"":-180.0,""home_spread"":-3.5,""home_spread_price"":-112.0,""last_update"":null,""market_total"":47.5,""over_price"":-113.0,""provider"":""ActionNetwork book 71"",""source"":""action_network"",""under_price"":-110.0},{""away_ml"":138.0,""away_spread_price"":-112.0,""home_ml"":-165.0,""home_spread"":-4.0,""home_spread_price"":-105.0,""last_update"":null,""market_total"":47.5,""over_price"":-105.0,""provider"":""ActionNetwork book 75"",""source"":""action_network"",""under_price"":-112.0},{""away_ml"":136.0,""away_spread_price"":null,""home_ml"":-162.0,""home_spread"":-3.5,""home_spread_price"":null,""last_update"":null,""market_total"":47.5,""over_price"":null,""provider"":""DraftKings"",""source"":""espn_core"",""under_price"":null}]",-3.5,47.5,0.24743582965269675,0.17496355305594127,0.5,0.5,-3.5,4.0,-110.0,-111.0,ActionNetwork book 68,ActionNetwork book 15,47.5,48.0,-105.0,-110.0,ActionNetwork book 75,ActionNetwork book 30,-162.0,143.0,DraftKings,ActionNetwork book 71,0.5993164647346438,0.005426887831915113,7.0,0.9356006366800129,,,,,,,0.0,0.0,0.0,0.0,,,108.0,105.0,6.0,5.0,0.05555555555555555,0.0,0.013888888888888888,0.0,-0.013888888888888888,0.013888888888888888,18.0625,5.979166666666667,12.083333333333332,1650.6757161485366,False,6.0,-1202.201294,84.9,88.0,0.011811023622047244,51.0,6.3,5.6,0.2,0.7366707800675166,0.16138950589901638,1.0,,-3.5,47.5,-162.0,136.0,-3.5,47.5,-162.0,136.0,-3.5,47.5,0.5993164647346438,7.0,-3.5,47.5,0.5993164647346438,7.0,0.0,0.0,0.0,0.0,0.0,0.0,0.0,1.0,2026-10-04T15:22:29.487688+00:00,2026-10-04T15:22:29.487688+00:00,hourly_market_snapshots,DraftKings | ActionNetwork book 15 | ActionNetwork book 30 | ActionNetwork book 68 | ActionNetwork book 69 | ActionNetwork book 71 | ActionNetwork book 75,0.9826121719036035,0.6617211832460279,3.0633362577636802,-110.0,-105.0,PASS,total,O,ActionNetwork book 75,,0.1234727377018171,0.0,0.5754372558960527,-105.0,,47.5,3.0633362577636802,0.65
401870766,2026,6,2026-10-08T23:00:00.000Z,Sam Houston,Liberty,16,37,16.000417568716315,36.89957960393812,20.899162035221803,52.89999717265444,-20.899162035221803,52.89999717265444,Liberty,0.9310344827586207,93,0.9310344827586207,0.9310344827586207,DraftKings,True,440.0,-600.0,Liberty,-600.0,STRONG,7.389162561576357,0.08620689655172409,-1350,0.8223350253807106,Liberty,10.409245708382775,0.08620689655172409,-13.5,Liberty,-12.5,STRONG,8.399162035221803,0.6969474312833057,50.5,O,53,,2.3999971726544373,0.5569766930517042,15.820110835039728,52.83750655679205,115.53311581101116,13.420110835039726,14.204583124541443,7.0,DraftKings | ActionNetwork book 15 | ActionNetwork book 30 | ActionNetwork book 68 | ActionNetwork book 69 | ActionNetwork book 71 | ActionNetwork book 75,action_network | espn_core,"[{""away_ml"":440.0,""away_spread_price"":-109.0,""home_ml"":-605.0,""home_spread"":-13.0,""home_spread_price"":-112.0,""last_update"":null,""market_total"":52.5,""over_price"":-106.0,""provider"":""ActionNetwork book 15"",""source"":""action_network"",""under_price"":-111.0},{""away_ml"":430.0,""away_spread_price"":-110.0,""home_ml"":-600.0,""home_spread"":-13.5,""home_spread_price"":-110.0,""last_update"":null,""market_total"":50.5,""over_price"":-115.0,""provider"":""ActionNetwork book 30"",""source"":""action_network"",""under_price"":-105.0},{""away_ml"":440.0,""away_spread_price"":-110.0,""home_ml"":-600.0,""home_spread"":-13.5,""home_spread_price"":-110.0,""last_update"":null,""market_total"":52.5,""over_price"":-110.0,""provider"":""ActionNetwork book 68"",""source"":""action_network"",""under_price"":-110.0},{""away_ml"":440.0,""away_spread_price"":-106.0,""home_ml"":-610.0,""home_spread"":-12.5,""home_spread_price"":-114.0,""last_update"":null,""market_total"":51.5,""over_price"":-115.0,""provider"":""ActionNetwork book 69"",""source"":""action_network"",""under_price"":-105.0},{""away_ml"":550.0,""away_spread_price"":-109.0,""home_ml"":-910.0,""home_spread"":-13.5,""home_spread_price"":-114.0,""last_update"":null,""market_total"":52.5,""over_price"":-103.0,""provider"":""ActionNetwork book 71"",""source"":""action_network"",""under_price"":-122.0},{""away_ml"":450.0,""away_spread_price"":-108.0,""home_ml"":-600.0,""home_spread"":-13.0,""home_spread_price"":-110.0,""last_update"":null,""market_total"":52.5,""over_price"":-105.0,""provider"":""ActionNetwork book 75"",""source"":""action_network"",""under_price"":-112.0},{""away_ml"":440.0,""away_spread_price"":null,""home_ml"":-600.0,""home_spread"":-13.5,""home_spread_price"":null,""last_update"":null,""market_total"":52.5,""over_price"":null,""provider"":""DraftKings"",""source"":""espn_core"",""under_price"":null}]",-13.5,52.5,0.3642156795423418,0.7284313590846836,1.0,2.0,-12.5,13.5,-114.0,-109.0,ActionNetwork book 69,ActionNetwork book 71,50.5,52.5,-115.0,-110.0,ActionNetwork book 30,ActionNetwork book 68,-600.0,550.0,DraftKings,ActionNetwork book 71,0.8269420256747929,0.011202818721551273,7.0,0.8552380875906088,,,,,,,0.0,0.0,0.0,0.0,,,107.0,106.0,4.0,5.0,0.0,0.0,0.0,0.0,0.0,0.0,6.0,12.291666666666666,-6.291666666666666,1041.407118761267,False,272.9237061,145.30118570000002,71.9,0.0,0.0,0.0,6.0,18.6,0.0,0.1097305085278486,0.01645957627917729,1.0,,-13.5,52.5,-600.0,440.0,-13.5,52.5,-600.0,440.0,-13.5,52.5,0.8269420256747929,7.0,-13.5,52.5,0.8269420256747929,7.0,0.0,0.0,0.0,0.0,0.0,0.0,0.0,1.0,2026-10-04T15:22:29.487688+00:00,2026-10-04T15:22:29.487688+00:00,hourly_market_snapshots,DraftKings | ActionNetwork book 15 | ActionNetwork book 30 | ActionNetwork book 68 | ActionNetwork book 69 | ActionNetwork book 71 | ActionNetwork book 75,0.9609142836494644,0.743044290368712,7.399162035221803,-114.0,-115.0,STRONG,spread,Liberty,ActionNetwork book 69,,0.3083048271458546,0.21,0.6969474312833057,-114.0,,-12.5,8.399162035221803,1.0
401871052,2026,6,2026-10-08T23:00:00.000Z,Missouri State,Western Kentucky,28,27,27.60718961806419,27.46631378869757,-0.1408758293666228,55.07350340676176,0.1408758293666228,55.07350340676176,Missouri State,0.54,54,0.46,0.54,DraftKings,True,106.0,-112.0,Missouri State,-108.0,LEAN,2.076923076923076,0.040000000000000036,-117,0.4956702459300312,Missouri State,5.523198588152079,0.11240000000000006,-1.5,Missouri State,2.5,,2.640875829366623,0.5643976885341748,55.5,U,55,,0.42649659323824096,0.5101587351565705,-0.6495598413807926,56.20074924601856,20.210970661539932,-3.049559841380793,15.679712861810659,6.0,DraftKings | ActionNetwork book 15 | ActionNetwork book 30 | ActionNetwork book 68 | ActionNetwork book 69 | ActionNetwork book 71,action_network | espn_core,"[{""away_ml"":-101.0,""away_spread_price"":-111.0,""home_ml"":-120.0,""home_spread"":-2.0,""home_spread_price"":-109.0,""last_update"":null,""market_total"":55.5,""over_price"":-112.0,""provider"":""ActionNetwork book 15"",""source"":""action_network"",""under_price"":-107.0},{""away_ml"":104.0,""away_spread_price"":-115.0,""home_ml"":-125.0,""home_spread"":-2.5,""home_spread_price"":-105.0,""last_update"":null,""market_total"":55.5,""over_price"":-110.0,""provider"":""ActionNetwork book 30"",""source"":""action_network"",""under_price"":-110.0},{""away_ml"":-108.0,""away_spread_price"":-112.0,""home_ml"":-112.0,""home_spread"":-1.5,""home_spread_price"":-108.0,""last_update"":null,""market_total"":55.5,""over_price"":-115.0,""provider"":""ActionNetwork book 68"",""source"":""action_network"",""under_price"":-105.0},{""away_ml"":106.0,""away_spread_price"":-110.0,""home_ml"":-128.0,""home_spread"":-2.5,""home_spread_price"":-110.0,""last_update"":null,""market_total"":55.5,""over_price"":-110.0,""provider"":""ActionNetwork book 69"",""source"":""action_network"",""under_price"":-110.0},{""away_ml"":-114.0,""away_spread_price"":-114.0,""home_ml"":-109.0,""home_spread"":0.5,""home_spread_price"":-109.0,""last_update"":null,""market_total"":55.5,""over_price"":-110.0,""provider"":""ActionNetwork book 71"",""source"":""action_network"",""under_price"":-112.0},{""away_ml"":-108.0,""away_spread_price"":null,""home_ml"":-112.0,""home_spread"":-1.5,""home_spread_price"":null,""last_update"":null,""market_total"":55.5,""over_price"":null,""provider"":""DraftKings"",""source"":""espn_core"",""under_price"":null}]",-1.75,55.5,1.0172129679778086,0.0,3.0,0.0,0.5,2.5,-109.0,-110.0,ActionNetwork book 71,ActionNetwork book 69,55.5,55.5,-110.0,-105.0,ActionNetwork book 30,ActionNetwork book 68,-109.0,106.0,ActionNetwork book 71,ActionNetwork book 69,0.5152319858815207,0.015203479954085476,6.0,0.8249942965365834,,,,,,,0.0,0.0,0.0,0.0,,,109.0,103.0,4.0,5.0,0.0,0.0,0.0,0.0,0.0,0.0,6.958333333333333,11.916666666666666,-4.958333333333333,376.10750845007436,False,154.4346619,-247.9334411,77.7,0.0,0.0,0.0,5.1,6.7,0.0,0.0,0.0,1.0,,-1.5,55.5,-112.0,-108.0,-1.5,55.5,-112.0,-108.0,-1.75,55.5,0.5152319858815207,6.0,-1.75,55.5,0.5152319858815207,6.0,0.0,0.0,0.0,0.0,0.0,0.0,0.0,1.0,2026-10-04T15:22:29.487688+00:00,2026-10-04T15:22:29.487688+00:00,hourly_market_snapshots,DraftKings | ActionNetwork book 15 | ActionNetwork book 30 | ActionNetwork book 68 | ActionNetwork book 69 | ActionNetwork book 71,0.9527484600648776,0.7229649386708089,1.8908758293666228,-110.0,-105.0,PASS,moneyline,Missouri State,ActionNetwork book 69,,0.11240000000000006,0.0,0.54,106.0,,106.0,5.523198588152079,1.0
401862794,2026,6,2026-10-08T23:30:00.000Z,South Florida,UTSA,27,27,27.476179548873155,27.1597175799537,-0.3164619689194519,54.635897128826855,0.3164619689194519,54.635897128826855,South Florida,0.54,54,0.46,0.54,DraftKings,True,240.0,-298.0,South Florida,240.0,STRONG,24.58823529411765,0.8360000000000001,-117,0.2820294784580499,South Florida,24.909892195748263,0.8360000000000001,-7.0,South Florida,7.5,STRONG,7.816461968919452,0.6843393519081029,53.5,O,55,,1.135897128826855,0.5270381595772501,0.5206614720132912,53.38933469929616,2.1512153851474523,-1.8793385279867107,12.977418478977448,7.0,DraftKings | ActionNetwork book 15 | ActionNetwork book 30 | ActionNetwork book 68 | ActionNetwork book 69 | ActionNetwork book 71 | ActionNetwork book 75,action_network | espn_core,"[{""away_ml"":230.0,""away_spread_price"":-110.0,""home_ml"":-285.0,""home_spread"":-7.0,""home_spread_price"":-110.0,""last_update"":null,""market_total"":53.5,""over_price"":-115.0,""provider"":""ActionNetwork book 15"",""source"":""action_network"",""under_price"":-110.0},{""away_ml"":215.0,""away_spread_price"":-100.0,""home_ml"":-265.0,""home_spread"":-6.5,""home_spread_price"":-122.0,""last_update"":null,""market_total"":57.5,""over_price"":-114.0,""provider"":""ActionNetwork book 30"",""source"":""action_network"",""under_price"":-106.0},{""away_ml"":240.0,""away_spread_price"":-110.0,""home_ml"":-298.0,""home_spread"":-7.0,""home_spread_price"":-110.0,""last_update"":null,""market_total"":53.5,""over_price"":-115.0,""provider"":""ActionNetwork book 68"",""source"":""action_network"",""under_price"":-105.0},{""away_ml"":230.0,""away_spread_price"":-120.0,""home_ml"":-285.0,""home_spread"":-7.5,""home_spread_price"":-102.0,""last_update"":null,""market_total"":53.5,""over_price"":-108.0,""provider"":""ActionNetwork book 69"",""source"":""action_network"",""under_price"":-112.0},{""away_ml"":220.0,""away_spread_price"":-105.0,""home_ml"":-286.0,""home_spread"":-6.5,""home_spread_price"":-117.0,""last_update"":null,""market_total"":55.5,""over_price"":-113.0,""provider"":""ActionNetwork book 71"",""source"":""action_network"",""under_price"":-110.0},{""away_ml"":230.0,""away_spread_price"":-110.0,""home_ml"":-285.0,""home_spread"":-7.0,""home_spread_price"":-108.0,""last_update"":null,""market_total"":53.5,""over_price"":-110.0,""provider"":""ActionNetwork book 75"",""source"":""action_network"",""under_price"":-108.0},{""away_ml"":240.0,""away_spread_price"":null,""home_ml"":-298.0,""home_spread"":-7.0,""home_spread_price"":null,""last_update"":null,""market_total"":53.5,""over_price"":null,""provider"":""DraftKings"",""source"":""espn_core"",""under_price"":null}]",-7.0,53.5,0.3194382824999699,1.456862718169367,1.0,4.0,-6.5,7.5,-117.0,-120.0,ActionNetwork book 71,ActionNetwork book 69,53.5,57.5,-108.0,-106.0,ActionNetwork book 69,ActionNetwork book 30,-265.0,240.0,ActionNetwork book 30,DraftKings,0.7090989219574826,0.007257573115857825,7.0,0.8013002543028241,,,,,,,0.0,0.0,0.0,0.0,,,117.0,113.0,5.0,4.0,0.0,0.017699115044247787,0.0,0.004424778761061947,0.004424778761061947,0.004424778761061947,5.020833333333333,5.0,0.020833333333333037,972.5620946895672,True,201.5526886,190.47295952000002,,,,,,,0.0,0.42843731576798505,0.0670974557722774,1.0,1.0,-7.0,53.5,-298.0,240.0,-7.0,53.5,-298.0,240.0,-7.0,53.5,0.708821603488419,7.0,-7.0,53.5,0.708821603488419,7.0,0.0,0.0,0.0,0.0,0.0,0.0,0.0,1.0,2026-10-04T15:22:29.487688+00:00,2026-10-04T15:22:29.487688+00:00,hourly_market_snapshots,DraftKings | ActionNetwork book 15 | ActionNetwork book 30 | ActionNetwork book 68 | ActionNetwork book 69 | ActionNetwork book 71 | ActionNetwork book 75,0.9463510686617626,0.7365658766063317,7.316461968919452,-120.0,-108.0,BET,moneyline,South Florida,DraftKings,,0.8360000000000001,0.21,0.54,240.0,,240.0,24.909892195748263,1.0
401869933,2026,6,2026-10-08T23:30:00.000Z,South Alabama,Arkansas State,28,28,28.16525549579621,28.47448273360107,0.3092272378048586,56.63973822939728,-0.3092272378048586,56.63973822939728,Arkansas State,0.5909090909090909,59,0.5909090909090909,0.5909090909090909,DraftKings,True,-108.0,-108.0,Arkansas State,-112.0,STRONG,6.2607204116638115,0.11850649350649356,-144,0.5043297540699688,Arkansas State,8.358542007621917,0.13804713804713808,-1.5,South Alabama,1.5,,1.1907727621951414,0.5291382719050368,57.5,U,57,,0.8602617706027189,0.520483807182226,1.6811588352313294,57.83671562056253,4.029232433840207,-0.7188411647686692,13.056162508774003,6.0,DraftKings | ActionNetwork book 15 | ActionNetwork book 30 | ActionNetwork book 68 | ActionNetwork book 69 | ActionNetwork book 71,action_network | espn_core,"[{""away_ml"":-109.0,""away_spread_price"":-118.0,""home_ml"":-110.0,""home_spread"":-1.5,""home_spread_price"":-102.0,""last_update"":null,""market_total"":57.0,""over_price"":-110.0,""provider"":""ActionNetwork book 15"",""source"":""action_network"",""under_price"":-110.0},{""away_ml"":-100.0,""away_spread_price"":-110.0,""home_ml"":-120.0,""home_spread"":-1.5,""home_spread_price"":-110.0,""last_update"":null,""market_total"":57.5,""over_price"":-110.0,""provider"":""ActionNetwork book 30"",""source"":""action_network"",""under_price"":-110.0},{""away_ml"":-108.0,""away_spread_price"":-115.0,""home_ml"":-112.0,""home_spread"":-1.5,""home_spread_price"":-105.0,""last_update"":null,""market_total"":56.5,""over_price"":-110.0,""provider"":""ActionNetwork book 68"",""source"":""action_network"",""under_price"":-110.0},{""away_ml"":-111.0,""away_spread_price"":-122.0,""home_ml"":-108.0,""home_spread"":-1.5,""home_spread_price"":-100.0,""last_update"":null,""market_total"":57.5,""over_price"":-110.0,""provider"":""ActionNetwork book 69"",""source"":""action_network"",""under_price"":-110.0},{""away_ml"":-105.0,""away_spread_price"":-109.0,""home_ml"":-120.0,""home_spread"":-1.0,""home_spread_price"":-113.0,""last_update"":null,""market_total"":57.5,""over_price"":-115.0,""provider"":""ActionNetwork book 71"",""source"":""action_network"",""under_price"":-108.0},{""away_ml"":-108.0,""away_spread_price"":null,""home_ml"":-112.0,""home_spread"":-1.5,""home_spread_price"":null,""last_update"":null,""market_total"":56.5,""over_price"":null,""provider"":""DraftKings"",""source"":""espn_core"",""under_price"":null}]",-1.5,57.25,0.18633899812498245,0.4487637339278754,0.5,1.0,-1.0,1.5,-113.0,-110.0,ActionNetwork book 71,ActionNetwork book 30,56.5,57.5,-110.0,-108.0,ActionNetwork book 68,ActionNetwork book 71,-108.0,-100.0,ActionNetwork book 69,ActionNetwork book 30,0.5073236708328718,0.008634872439281838,6.0,0.9101263331313744,,,,,,,0.0,0.0,0.0,0.0,,,112.0,115.0,5.0,5.0,0.0,0.0,0.0,0.0,0.0,0.0,4.979166666666667,5.020833333333333,-0.041666666666666075,383.58117567813076,False,89.52690887,44.52690887,82.3,0.0,0.0,3.0,7.0,9.6,0.0,0.35,0.0525,1.0,,-1.5,56.5,-112.0,-108.0,-1.5,56.5,-112.0,-108.0,-1.5,57.25,0.5073236708328718,6.0,-1.5,57.25,0.5073236708328718,6.0,0.0,0.0,0.0,0.0,0.0,0.0,0.0,1.0,2026-10-04T15:22:29.487688+00:00,2026-10-04T15:22:29.487688+00:00,hourly_market_snapshots,DraftKings | ActionNetwork book 15 | ActionNetwork book 30 | ActionNetwork book 68 | ActionNetwork book 69 | ActionNetwork book 71,0.975734109945471,0.751508758439756,1.1907727621951414,-110.0,-108.0,STRONG,moneyline,Arkansas State,ActionNetwork book 69,,0.13804713804713808,0.09,0.5909090909090909,-108.0,,-108.0,8.358542007621917,1.0
401858254,2026,6,2026-10-09T23:00:00.000Z,Florida State,Louisville,28,29,28.422753839386754,28.848849437471205,0.4260955980844501,57.27160327685796,-0.4260955980844501,57.27160327685796,Louisville,0.5909090909090909,59,0.5909090909090909,0.5909090909090909,DraftKings,True,245.0,-238.0,Louisville,-238.0,,-11.323292092522863,-0.16080977845683722,-144,0.6750312469954812,Florida State,8.805630093090311,0.41136363636363626,-6.5,Florida State,7.5,STRONG,7.07390440191555,0.6679577558868712,58.5,U,57,,1.2283967231420405,0.52923616274164,2.3950498221677776,57.09479923242058,63.939035483119824,-0.004950177832221847,14.365292598540755,7.0,DraftKings | ActionNetwork book 15 | ActionNetwork book 30 | ActionNetwork book 68 | ActionNetwork book 69 | ActionNetwork book 71 | ActionNetwork book 75,action_network | espn_core,"[{""away_ml"":190.0,""away_spread_price"":-110.0,""home_ml"":-235.0,""home_spread"":-6.5,""home_spread_price"":-110.0,""last_update"":null,""market_total"":58.5,""over_price"":-110.0,""provider"":""ActionNetwork book 15"",""source"":""action_network"",""under_price"":-110.0},{""away_ml"":245.0,""away_spread_price"":-110.0,""home_ml"":-305.0,""home_spread"":-7.5,""home_spread_price"":-110.0,""last_update"":null,""market_total"":58.5,""over_price"":-110.0,""provider"":""ActionNetwork book 30"",""source"":""action_network"",""under_price"":-110.0},{""away_ml"":195.0,""away_spread_price"":-110.0,""home_ml"":-238.0,""home_spread"":-6.5,""home_spread_price"":-110.0,""last_update"":null,""market_total"":58.5,""over_price"":-110.0,""provider"":""ActionNetwork book 68"",""source"":""action_network"",""under_price"":-110.0},{""away_ml"":190.0,""away_spread_price"":-110.0,""home_ml"":-235.0,""home_spread"":-6.5,""home_spread_price"":-110.0,""last_update"":null,""market_total"":58.5,""over_price"":-110.0,""provider"":""ActionNetwork book 69"",""source"":""action_network"",""under_price"":-110.0},{""away_ml"":185.0,""away_spread_price"":-113.0,""home_ml"":-245.0,""home_spread"":-6.5,""home_spread_price"":-110.0,""last_update"":null,""market_total"":57.5,""over_price"":-110.0,""provider"":""ActionNetwork book 71"",""source"":""action_network"",""under_price"":-113.0},{""away_ml"":190.0,""away_spread_price"":-105.0,""home_ml"":-235.0,""home_spread"":-6.0,""home_spread_price"":-112.0,""last_update"":null,""market_total"":58.5,""over_price"":-105.0,""provider"":""ActionNetwork book 75"",""source"":""action_network"",""under_price"":-112.0},{""away_ml"":195.0,""away_spread_price"":null,""home_ml"":-238.0,""home_spread"":-6.5,""home_spread_price"":null,""last_update"":null,""market_total"":58.5,""over_price"":null,""provider"":""DraftKings"",""source"":""espn_core"",""under_price"":null}]",-6.5,58.5,0.41649656391752143,0.3499271061118826,1.5,1.0,-6.0,7.5,-112.0,-110.0,ActionNetwork book 75,ActionNetwork book 30,57.5,58.5,-110.0,-110.0,ActionNetwork book 71,ActionNetwork book 15,-235.0,245.0,ActionNetwork book 15,ActionNetwork book 30,0.678965391839994,0.01773330027476,7.0,0.868450861083818,,,,,,,0.0,0.0,0.0,0.0,,,106.0,109.0,5.0,6.0,0.0,0.0,0.0,0.0,0.0,0.0,6.145833333333333,6.145833333333333,0.0,543.0451929232217,False,138.5615997,119.00217434999999,75.7,1.0,0.0,1.0,2.3,2.9,0.0,0.0,0.0,1.0,,-6.5,58.5,-238.0,195.0,-6.5,58.5,-238.0,195.0,-6.5,58.5,0.678965391839994,7.0,-6.5,58.5,0.678965391839994,7.0,0.0,0.0,0.0,0.0,0.0,0.0,0.0,1.0,2026-10-04T15:22:29.487688+00:00,2026-10-04T15:22:29.487688+00:00,hourly_market_snapshots,DraftKings | ActionNetwork book 15 | ActionNetwork book 30 | ActionNetwork book 68 | ActionNetwork book 69 | ActionNetwork book 71 | ActionNetwork book 75,0.9644817324926308,0.7484219636026959,6.07390440191555,-110.0,-110.0,STRONG,spread,Florida State,ActionNetwork book 30,,0.2751920794203905,0.18,0.6679577558868712,-110.0,,7.5,7.07390440191555,1.0
401858487,2026,6,2026-10-10T01:00:00.000Z,Iowa,Washington,23,20,22.559030685730576,20.253963537216165,-2.3050671485144116,42.81299422294674,2.3050671485144116,42.81299422294674,Iowa,0.5507246376811594,55,0.4492753623188406,0.5507246376811594,DraftKings,True,114.0,-135.0,Iowa,114.0,STRONG,8.34349180549912,0.17855072463768107,-123,0.448558885283451,Iowa,9.387577343152353,0.17855072463768107,-2.5,Iowa,3.0,BET,5.305067148514412,0.6276699718653375,41.5,O,43,,1.3129942229467417,0.5324927267350523,-0.4692317241022792,42.4091823966885,-33.607995138916294,-2.869231724102278,14.510961618806602,7.0,DraftKings | ActionNetwork book 15 | ActionNetwork book 30 | ActionNetwork book 68 | ActionNetwork book 69 | ActionNetwork book 71 | ActionNetwork book 75,action_network | espn_core,"[{""away_ml"":110.0,""away_spread_price"":-110.0,""home_ml"":-130.0,""home_spread"":-2.5,""home_spread_price"":-110.0,""last_update"":null,""market_total"":41.5,""over_price"":-115.0,""provider"":""ActionNetwork book 15"",""source"":""action_network"",""under_price"":-110.0},{""away_ml"":-102.0,""away_spread_price"":-110.0,""home_ml"":-118.0,""home_spread"":-1.5,""home_spread_price"":-110.0,""last_update"":null,""market_total"":41.5,""over_price"":-110.0,""provider"":""ActionNetwork book 30"",""source"":""action_network"",""under_price"":-110.0},{""away_ml"":114.0,""away_spread_price"":-110.0,""home_ml"":-135.0,""home_spread"":-2.5,""home_spread_price"":-110.0,""last_update"":null,""market_total"":41.5,""over_price"":-110.0,""provider"":""ActionNetwork book 68"",""source"":""action_network"",""under_price"":-110.0},{""away_ml"":108.0,""away_spread_price"":-112.0,""home_ml"":-130.0,""home_spread"":-2.5,""home_spread_price"":-108.0,""last_update"":null,""market_total"":41.5,""over_price"":-115.0,""provider"":""ActionNetwork book 69"",""source"":""action_network"",""under_price"":-105.0},{""away_ml"":114.0,""away_spread_price"":-114.0,""home_ml"":-141.0,""home_spread"":-3.0,""home_spread_price"":-109.0,""last_update"":null,""market_total"":41.5,""over_price"":-113.0,""provider"":""ActionNetwork book 71"",""source"":""action_network"",""under_price"":-110.0},{""away_ml"":110.0,""away_spread_price"":-105.0,""home_ml"":-130.0,""home_spread"":-2.5,""home_spread_price"":-112.0,""last_update"":null,""market_total"":41.5,""over_price"":-110.0,""provider"":""ActionNetwork book 75"",""source"":""action_network"",""under_price"":-108.0},{""away_ml"":114.0,""away_spread_price"":null,""home_ml"":-135.0,""home_spread"":-2.5,""home_spread_price"":null,""last_update"":null,""market_total"":41.5,""over_price"":null,""provider"":""DraftKings"",""source"":""espn_core"",""under_price"":null}]",-2.5,41.5,0.41649656391752143,0.0,1.5,0.0,-1.5,3.0,-110.0,-114.0,ActionNetwork book 30,ActionNetwork book 71,41.5,41.5,-110.0,-105.0,ActionNetwork book 30,ActionNetwork book 69,-118.0,114.0,ActionNetwork book 30,DraftKings,0.5431511357503641,0.011798804292231941,7.0,0.9139134268270845,,,,,,,0.0,0.0,0.0,0.0,,,103.0,111.0,5.0,5.0,0.0,0.0,0.0,0.0,0.0,0.0,6.0625,6.229166666666667,-0.16666666666666696,1555.6916281573194,False,11.65622807,-208.97954463,60.2,35.0,0.003937007874015749,51.0,7.0,6.9,0.0,0.3434961946169634,0.05152442919254451,1.0,,-2.5,41.5,-135.0,114.0,-2.5,41.5,-135.0,114.0,-2.5,41.5,0.5406763605410283,7.0,-2.5,41.5,0.5406763605410283,7.0,0.0,0.0,0.0,0.0,0.0,0.0,0.0,1.0,2026-10-04T15:22:29.487688+00:00,2026-10-04T15:22:29.487688+00:00,hourly_market_snapshots,DraftKings | ActionNetwork book 15 | ActionNetwork book 30 | ActionNetwork book 68 | ActionNetwork book 69 | ActionNetwork book 71 | ActionNetwork book 75,0.9767566252433129,0.7289606662168401,4.805067148514412,-114.0,-110.0,BET,moneyline,Iowa,DraftKings,,0.17855072463768107,0.09,0.5507246376811594,114.0,,114.0,9.387577343152353,1.0
401860922,2026,6,2026-10-10T01:00:00.000Z,Washington State,Utah State,21,25,20.82818605078242,25.249924144969377,4.4217380941869555,46.0781101957518,-4.4217380941869555,46.0781101957518,Utah State,0.6081632653061224,61,0.6081632653061224,0.6081632653061224,DraftKings,True,130.0,-111.0,Utah State,-155.0,,0.03201280512205029,0.0005266622778142827,-155,0.5829926410466066,Utah State,3.868723423678999,0.1560580989152417,-3.5,Utah State,-1.5,,2.9217380941869555,0.5711768927166423,43.5,O,46,,2.5781101957517976,0.5635994929620226,3.490856037790884,45.909883069754315,1.8087184042860827,1.0908560377908842,15.386277720460447,7.0,DraftKings | ActionNetwork book 15 | ActionNetwork book 30 | ActionNetwork book 68 | ActionNetwork book 69 | ActionNetwork book 71 | ActionNetwork book 75,action_network | espn_core,"[{""away_ml"":127.0,""away_spread_price"":-110.0,""home_ml"":-157.0,""home_spread"":-3.5,""home_spread_price"":-110.0,""last_update"":null,""market_total"":43.5,""over_price"":-115.0,""provider"":""ActionNetwork book 15"",""source"":""action_network"",""under_price"":-110.0},{""away_ml"":-108.0,""away_spread_price"":-115.0,""home_ml"":-111.0,""home_spread"":-1.5,""home_spread_price"":-105.0,""last_update"":null,""market_total"":46.5,""over_price"":-110.0,""provider"":""ActionNetwork book 30"",""source"":""action_network"",""under_price"":-110.0},{""away_ml"":130.0,""away_spread_price"":-110.0,""home_ml"":-155.0,""home_spread"":-3.5,""home_spread_price"":-110.0,""last_update"":null,""market_total"":44.5,""over_price"":-110.0,""provider"":""ActionNetwork book 68"",""source"":""action_network"",""under_price"":-110.0},{""away_ml"":118.0,""away_spread_price"":-112.0,""home_ml"":-142.0,""home_spread"":-3.5,""home_spread_price"":-108.0,""last_update"":null,""market_total"":43.5,""over_price"":-110.0,""provider"":""ActionNetwork book 69"",""source"":""action_network"",""under_price"":-110.0},{""away_ml"":130.0,""away_spread_price"":104.0,""home_ml"":-165.0,""home_spread"":-2.5,""home_spread_price"":-129.0,""last_update"":null,""market_total"":44.5,""over_price"":-117.0,""provider"":""ActionNetwork book 71"",""source"":""action_network"",""under_price"":-107.0},{""away_ml"":130.0,""away_spread_price"":-108.0,""home_ml"":-160.0,""home_spread"":-3.5,""home_spread_price"":-110.0,""last_update"":null,""market_total"":43.5,""over_price"":-112.0,""provider"":""ActionNetwork book 75"",""source"":""action_network"",""under_price"":-105.0},{""away_ml"":130.0,""away_spread_price"":null,""home_ml"":-155.0,""home_spread"":-3.5,""home_spread_price"":null,""last_update"":null,""market_total"":44.5,""over_price"":null,""provider"":""DraftKings"",""source"":""espn_core"",""under_price"":null}]",-3.5,44.5,0.7284313590846836,0.9897433186107869,2.0,3.0,-1.5,3.5,-105.0,-108.0,ActionNetwork book 30,ActionNetwork book 75,43.5,46.5,-110.0,-110.0,ActionNetwork book 69,ActionNetwork book 30,-111.0,130.0,ActionNetwork book 30,DraftKings,0.5694760310693324,0.02827611441059583,7.0,0.751940471386035,,,,,,,0.0,0.0,0.0,0.0,,,98.0,105.0,5.0,4.0,0.0,0.0,0.0,0.0,0.0,0.0,6.0625,5.979166666666667,0.08333333333333304,433.94013658427406,False,1427.914429,653.9617923,74.2,1.0,0.0,0.0,3.8,8.1,0.0,0.35,0.0525,1.0,,-3.5,44.5,-155.0,130.0,-3.5,44.5,-155.0,130.0,-3.5,44.5,0.5694760310693324,7.0,-3.5,44.5,0.5694760310693324,7.0,0.0,0.0,0.0,0.0,0.0,0.0,0.0,1.0,2026-10-04T15:22:29.487688+00:00,2026-10-04T15:22:29.487688+00:00,hourly_market_snapshots,DraftKings | ActionNetwork book 15 | ActionNetwork book 30 | ActionNetwork book 68 | ActionNetwork book 69 | ActionNetwork book 71 | ActionNetwork book 75,0.9330239272742294,0.7003283948269022,1.5781101957517976,-105.0,-110.0,BET,moneyline,Utah State,ActionNetwork book 30,,0.1560580989152417,0.1,0.6081632653061224,-111.0,,-111.0,3.868723423678999,1.0
401864519,2026,6,2026-10-10T01:00:00.000Z,Wyoming,San José State,19,24,18.597318726979164,23.854147511358715,5.256828784379552,42.45146623833788,-5.256828784379552,42.45146623833788,San José State,0.6081632653061224,61,0.6081632653061224,0.6081632653061224,DraftKings,True,185.0,-225.0,San José State,-225.0,,-8.414442700156988,-0.12154195011337876,-155,0.6636481241914618,Wyoming,5.548485888533938,0.1167346938775512,-6.0,Wyoming,6.0,,0.743171215620448,0.5181953249054287,44.5,U,42,,2.048533761662121,0.5506147779065286,3.45751305640718,41.87730956887113,28.13028402931559,1.057513056407183,15.069221693495187,1.0,DraftKings,espn_core,"[{""away_ml"":185.0,""away_spread_price"":null,""home_ml"":-225.0,""home_spread"":-6.0,""home_spread_price"":null,""last_update"":null,""market_total"":44.5,""over_price"":null,""provider"":""DraftKings"",""source"":""espn_core"",""under_price"":null}]",-6.0,44.5,0.0,0.0,0.0,0.0,-6.0,6.0,,,DraftKings,DraftKings,44.5,44.5,,,DraftKings,DraftKings,-225.0,185.0,DraftKings,DraftKings,0.6636481241914618,0.0,1.0,0.25,,,,,,,0.0,0.0,0.0,0.0,,,102.0,113.0,5.0,5.0,0.0196078431372549,0.0,0.004901960784313725,0.0,-0.004901960784313725,0.004901960784313725,5.875694444444444,6.229166666666667,-0.35347222222222285,912.3060254903314,False,28.30708694,-2171.8464770600003,88.2,1.0,0.0,0.0,6.6,5.4,0.0,0.0510481934046961,0.0107944839126652,1.0,,,,,,,,,,,,,1.0,,,,1.0,,,,,,,,1.0,2026-10-04T15:22:29.487688+00:00,2026-10-04T15:22:29.487688+00:00,hourly_market_snapshots,primary,0.7975,0.6765669407634992,2.048533761662121,-110.0,-110.0,PASS,,,,,0.0,0.0,,,,,,
401856826,2026,6,2026-10-10T02:15:00.000Z,Iowa State,BYU,22,30,21.608180604044833,29.904869675292453,8.296689071247624,51.513050279337286,-8.296689071247624,51.513050279337286,BYU,0.7763157894736842,78,0.7763157894736842,0.7763157894736842,DraftKings,True,470.0,-395.0,BYU,-395.0,,-2.166400850611383,-0.02714856762158563,-347,0.7659021045164341,Iowa State,0.18879742468174143,0.27500000000000024,-11.5,Iowa State,14.5,LEAN,6.203310928752376,0.6483365761488713,47.5,O,52,LEAN,4.0130502793372855,0.5984015875324358,5.337660766402532,51.266556432166496,98.1875764539252,2.9376607664025345,13.448394685200327,7.0,DraftKings | ActionNetwork book 15 | ActionNetwork book 30 | ActionNetwork book 68 | ActionNetwork book 69 | ActionNetwork book 71 | ActionNetwork book 75,action_network | espn_core,"[{""away_ml"":310.0,""away_spread_price"":-110.0,""home_ml"":-410.0,""home_spread"":-10.5,""home_spread_price"":-110.0,""last_update"":null,""market_total"":47.5,""over_price"":-118.0,""provider"":""ActionNetwork book 15"",""source"":""action_network"",""under_price"":-106.0},{""away_ml"":470.0,""away_spread_price"":-110.0,""home_ml"":-650.0,""home_spread"":-14.5,""home_spread_price"":-110.0,""last_update"":null,""market_total"":50.5,""over_price"":-110.0,""provider"":""ActionNetwork book 30"",""source"":""action_network"",""under_price"":-110.0},{""away_ml"":310.0,""away_spread_price"":-115.0,""home_ml"":-395.0,""home_spread"":-11.5,""home_spread_price"":-105.0,""last_update"":null,""market_total"":47.5,""over_price"":-118.0,""provider"":""ActionNetwork book 68"",""source"":""action_network"",""under_price"":-102.0},{""away_ml"":315.0,""away_spread_price"":-120.0,""home_ml"":-410.0,""home_spread"":-10.5,""home_spread_price"":-102.0,""last_update"":null,""market_total"":47.5,""over_price"":-114.0,""provider"":""ActionNetwork book 69"",""source"":""action_network"",""under_price"":-106.0},{""away_ml"":335.0,""away_spread_price"":-112.0,""home_ml"":-455.0,""home_spread"":-10.5,""home_spread_price"":-112.0,""last_update"":null,""market_total"":47.5,""over_price"":-112.0,""provider"":""ActionNetwork book 71"",""source"":""action_network"",""under_price"":-112.0},{""away_ml"":310.0,""away_spread_price"":-105.0,""home_ml"":-400.0,""home_spread"":-10.0,""home_spread_price"":-112.0,""last_update"":null,""market_total"":47.5,""over_price"":-112.0,""provider"":""ActionNetwork book 75"",""source"":""action_network"",""under_price"":-105.0},{""away_ml"":310.0,""away_spread_price"":null,""home_ml"":-395.0,""home_spread"":-11.5,""home_spread_price"":null,""last_update"":null,""market_total"":47.5,""over_price"":null,""provider"":""DraftKings"",""source"":""espn_core"",""under_price"":null}]",-10.5,47.5,1.410601261295107,1.049781318335648,4.5,3.0,-10.0,14.5,-112.0,-110.0,ActionNetwork book 75,ActionNetwork book 30,47.5,50.5,-112.0,-110.0,ActionNetwork book 71,ActionNetwork book 30,-395.0,470.0,DraftKings,ActionNetwork book 30,0.7782037637205016,0.022378297004157135,7.0,0.6780851071490734,,,,,,,0.0,0.0,0.0,0.0,,,118.0,126.0,5.0,5.0,0.0,0.0,0.0,0.0,0.0,0.0,6.135416666666667,6.427083333333333,-0.2916666666666661,943.6925927674365,False,1412.097046,1137.1835023,75.2,2.0,0.0,0.0,3.1,5.1,0.0,0.06531481489428932,0.009797222234143399,1.0,,-11.5,47.5,-395.0,310.0,-11.5,47.5,-395.0,310.0,-10.5,47.5,0.7782037637205016,7.0,-10.5,47.5,0.7782037637205016,7.0,0.0,0.0,0.0,0.0,0.0,0.0,0.0,1.0,2026-10-04T15:22:29.487688+00:00,2026-10-04T15:22:29.487688+00:00,hourly_market_snapshots,DraftKings | ActionNetwork book 15 | ActionNetwork book 30 | ActionNetwork book 68 | ActionNetwork book 69 | ActionNetwork book 71 | ActionNetwork book 75,0.9130829789302498,0.741496954906078,4.0130502793372855,-110.0,-112.0,STRONG,spread,Iowa State,ActionNetwork book 30,,0.23773346355693614,0.16,0.6483365761488713,-110.0,,14.5,6.203310928752376,1.0
401856716,2026,6,2026-10-10T16:00:00.000Z,Texas A&M,Missouri,25,24,24.857943035730848,24.340207306247578,-0.5177357294832676,49.198150341978426,0.5177357294832676,49.198150341978426,Texas A&M,0.54,54,0.46,0.54,DraftKings,True,130.0,-155.0,Texas A&M,130.0,STRONG,10.521739130434787,0.2420000000000001,-117,0.4170073589533933,Texas A&M,11.23591876829707,0.2420000000000001,-3.0,Texas A&M,3.5,LEAN,4.017735729483268,0.5974130337565975,50.5,U,49,,1.301849658021574,0.5322175345988719,2.185436198409235,49.38116919301315,-0.6443179098712335,-0.2145638015907636,20.47933912952436,7.0,DraftKings | ActionNetwork book 15 | ActionNetwork book 30 | ActionNetwork book 68 | ActionNetwork book 69 | ActionNetwork book 71 | ActionNetwork book 75,action_network | espn_core,"[{""away_ml"":130.0,""away_spread_price"":-112.0,""home_ml"":-155.0,""home_spread"":-3.5,""home_spread_price"":-110.0,""last_update"":null,""market_total"":49.5,""over_price"":-110.0,""provider"":""ActionNetwork book 15"",""source"":""action_network"",""under_price"":-110.0},{""away_ml"":-102.0,""away_spread_price"":-110.0,""home_ml"":-118.0,""home_spread"":-1.5,""home_spread_price"":-110.0,""last_update"":null,""market_total"":50.5,""over_price"":-110.0,""provider"":""ActionNetwork book 30"",""source"":""action_network"",""under_price"":-110.0},{""away_ml"":130.0,""away_spread_price"":-105.0,""home_ml"":-155.0,""home_spread"":-3.0,""home_spread_price"":-115.0,""last_update"":null,""market_total"":50.5,""over_price"":-110.0,""provider"":""ActionNetwork book 68"",""source"":""action_network"",""under_price"":-110.0},{""away_ml"":130.0,""away_spread_price"":-120.0,""home_ml"":-156.0,""home_spread"":-3.5,""home_spread_price"":-102.0,""last_update"":null,""market_total"":49.5,""over_price"":-110.0,""provider"":""ActionNetwork book 69"",""source"":""action_network"",""under_price"":-110.0},{""away_ml"":123.0,""away_spread_price"":-107.0,""home_ml"":-152.0,""home_spread"":-3.0,""home_spread_price"":-120.0,""last_update"":null,""market_total"":49.5,""over_price"":-113.0,""provider"":""ActionNetwork book 71"",""source"":""action_network"",""under_price"":-110.0},{""away_ml"":130.0,""away_spread_price"":-112.0,""home_ml"":-155.0,""home_spread"":-3.5,""home_spread_price"":-105.0,""last_update"":null,""market_total"":49.5,""over_price"":-110.0,""provider"":""ActionNetwork book 75"",""source"":""action_network"",""under_price"":-108.0},{""away_ml"":130.0,""away_spread_price"":null,""home_ml"":-155.0,""home_spread"":-3.0,""home_spread_price"":null,""last_update"":null,""market_total"":50.5,""over_price"":null,""provider"":""DraftKings"",""source"":""espn_core"",""under_price"":null}]",-3.0,49.5,0.6546536707079771,0.4948716593053935,2.0,1.0,-1.5,3.5,-110.0,-112.0,ActionNetwork book 30,ActionNetwork book 15,49.5,50.5,-110.0,-110.0,ActionNetwork book 15,ActionNetwork book 30,-118.0,130.0,ActionNetwork book 30,DraftKings,0.5723591876829707,0.02269257963055631,7.0,0.8144151369304904,,,,,,,0.0,0.0,0.0,0.0,,,113.0,122.0,5.0,5.0,0.0,0.0,0.0,0.0,0.0,0.0,6.854166666666667,6.708333333333333,0.14583333333333393,618.4071534910728,False,212.6865692,103.86198420000001,80.0,0.0,0.0,0.0,7.9,13.2,0.0,0.0,0.0,1.0,,-3.0,50.5,-148.0,124.0,-3.0,50.5,-148.0,124.0,-3.0,49.5,0.5677060748315551,7.0,-3.0,49.5,0.5677060748315551,7.0,0.0,0.0,0.011068943706514789,-0.01164596273291929,0.0,0.0,0.0,1.0,2026-10-04T15:22:29.487688+00:00,2026-10-04T15:22:29.487688+00:00,hourly_market_snapshots,DraftKings | ActionNetwork book 15 | ActionNetwork book 30 | ActionNetwork book 68 | ActionNetwork book 69 | ActionNetwork book 71 | ActionNetwork book 75,0.9498920869712324,0.6438254473915649,3.5177357294832676,-112.0,-110.0,BET,moneyline,Texas A&M,DraftKings,,0.2420000000000001,0.1,0.54,130.0,,130.0,11.23591876829707,1.0
401856823,2026,6,2026-10-10T16:00:00.000Z,Arizona,West Virginia,34,25,33.87935951153533,25.145372241277542,-8.733987270257783,59.02473175281287,8.733987270257783,59.02473175281287,Arizona,0.7692307692307692,77,0.23076923076923078,0.7692307692307692,DraftKings,True,-135.0,114.0,Arizona,-135.0,STRONG,19.476268412438614,0.33903133903133886,-333,0.551441114716549,Arizona,20.36086135841507,0.33903133903133886,2.5,Arizona,-2.5,STRONG,6.233987270257783,0.6490350906161224,57.5,O,59,,1.524731752812869,0.5362714404809433,-7.959649255851335,59.4206574033681,-102.36232186502343,-10.359649255851334,14.07138092985643,7.0,DraftKings | ActionNetwork book 15 | ActionNetwork book 30 | ActionNetwork book 68 | ActionNetwork book 69 | ActionNetwork book 71 | ActionNetwork book 75,action_network | espn_core,"[{""away_ml"":-142.0,""away_spread_price"":-112.0,""home_ml"":115.0,""home_spread"":3.0,""home_spread_price"":-107.0,""last_update"":null,""market_total"":59.5,""over_price"":-109.0,""provider"":""ActionNetwork book 15"",""source"":""action_network"",""under_price"":-110.0},{""away_ml"":-172.0,""away_spread_price"":-110.0,""home_ml"":142.0,""home_spread"":3.5,""home_spread_price"":-110.0,""last_update"":null,""market_total"":57.5,""over_price"":-110.0,""provider"":""ActionNetwork book 30"",""source"":""action_network"",""under_price"":-110.0},{""away_ml"":-135.0,""away_spread_price"":-115.0,""home_ml"":114.0,""home_spread"":2.5,""home_spread_price"":-105.0,""last_update"":null,""market_total"":58.5,""over_price"":-110.0,""provider"":""ActionNetwork book 68"",""source"":""action_network"",""under_price"":-110.0},{""away_ml"":-146.0,""away_spread_price"":-115.0,""home_ml"":122.0,""home_spread"":2.5,""home_spread_price"":-105.0,""last_update"":null,""market_total"":59.5,""over_price"":-110.0,""provider"":""ActionNetwork book 69"",""source"":""action_network"",""under_price"":-110.0},{""away_ml"":-150.0,""away_spread_price"":-108.0,""home_ml"":120.0,""home_spread"":3.0,""home_spread_price"":-115.0,""last_update"":null,""market_total"":58.5,""over_price"":-114.0,""provider"":""ActionNetwork book 71"",""source"":""action_network"",""under_price"":-108.0},{""away_ml"":-140.0,""away_spread_price"":-108.0,""home_ml"":115.0,""home_spread"":3.0,""home_spread_price"":-110.0,""last_update"":null,""market_total"":59.5,""over_price"":-108.0,""provider"":""ActionNetwork book 75"",""source"":""action_network"",""under_price"":-110.0},{""away_ml"":-135.0,""away_spread_price"":null,""home_ml"":114.0,""home_spread"":2.5,""home_spread_price"":null,""last_update"":null,""market_total"":58.5,""over_price"":null,""provider"":""DraftKings"",""source"":""espn_core"",""under_price"":null}]",3.0,58.5,0.3499271061118826,0.6998542122237651,1.0,2.0,3.5,-2.5,-110.0,-115.0,ActionNetwork book 30,ActionNetwork book 68,57.5,59.5,-110.0,-110.0,ActionNetwork book 30,ActionNetwork book 15,142.0,-135.0,ActionNetwork book 30,DraftKings,0.43437784435338156,0.017328653611839995,7.0,0.8461373907737839,,,,,,,0.0,0.0,0.0,0.0,,,123.0,109.0,7.0,5.0,0.0,0.0,0.0,0.0,0.0,0.0,7.0,6.541666666666667,0.45833333333333304,1797.9135048463042,False,327.409668,-414.74334709999994,69.2,0.0,0.0,2.0,3.1,4.7,0.0,0.45359704765741105,0.06803955714861165,1.0,,2.5,58.5,114.0,-135.0,2.5,58.5,114.0,-135.0,2.5,58.5,0.4350514851146457,7.0,2.5,58.5,0.4350514851146457,7.0,0.0,0.0,0.0,0.0,0.0,0.0,0.0,1.0,2026-10-04T15:22:29.487688+00:00,2026-10-04T15:22:29.487688+00:00,hourly_market_snapshots,DraftKings | ActionNetwork book 15 | ActionNetwork book 30 | ActionNetwork book 68 | ActionNetwork book 69 | ActionNetwork book 71 | ActionNetwork book 75,0.9584570955089217,0.723056937114381,5.733987270257783,-115.0,-110.0,STRONG,moneyline,Arizona,DraftKings,,0.33903133903133886,0.26,0.7692307692307692,-135.0,,-135.0,20.36086135841507,1.0
401856824,2026,6,2026-10-10T16:00:00.000Z,UCF,Oklahoma State,22,25,22.13552606919359,24.7948695226345,2.6593434534409077,46.93039559182809,-2.6593434534409077,46.93039559182809,Oklahoma State,0.6081632653061224,61,0.6081632653061224,0.6081632653061224,DraftKings,True,340.0,-440.0,Oklahoma State,-440.0,,-20.665154950869237,-0.2536178107606679,-155,0.7819063004846527,UCF,16.646395583951357,0.7240816326530612,-10.5,UCF,10.5,STRONG,7.840656546559092,0.684867288184021,52.5,U,47,BET,5.569604408171912,0.6352815112266366,-1.2682373307446504,46.97009256747886,-43.93569290132291,-3.6682373307446445,13.884994811163812,7.0,DraftKings | ActionNetwork book 15 | ActionNetwork book 30 | ActionNetwork book 68 | ActionNetwork book 69 | ActionNetwork book 71 | ActionNetwork book 75,action_network | espn_core,"[{""away_ml"":340.0,""away_spread_price"":-110.0,""home_ml"":-450.0,""home_spread"":-10.5,""home_spread_price"":-110.0,""last_update"":null,""market_total"":52.5,""over_price"":-105.0,""provider"":""ActionNetwork book 15"",""source"":""action_network"",""under_price"":-110.0},{""away_ml"":270.0,""away_spread_price"":-110.0,""home_ml"":-345.0,""home_spread"":-9.5,""home_spread_price"":-110.0,""last_update"":null,""market_total"":51.5,""over_price"":-110.0,""provider"":""ActionNetwork book 30"",""source"":""action_network"",""under_price"":-110.0},{""away_ml"":340.0,""away_spread_price"":-110.0,""home_ml"":-440.0,""home_spread"":-10.5,""home_spread_price"":-110.0,""last_update"":null,""market_total"":52.5,""over_price"":-110.0,""provider"":""ActionNetwork book 68"",""source"":""action_network"",""under_price"":-110.0},{""away_ml"":340.0,""away_spread_price"":-106.0,""home_ml"":-450.0,""home_spread"":-10.5,""home_spread_price"":-114.0,""last_update"":null,""market_total"":51.5,""over_price"":-115.0,""provider"":""ActionNetwork book 69"",""source"":""action_network"",""under_price"":-105.0},{""away_ml"":310.0,""away_spread_price"":-112.0,""home_ml"":-435.0,""home_spread"":-10.0,""home_spread_price"":-112.0,""last_update"":null,""market_total"":51.5,""over_price"":-109.0,""provider"":""ActionNetwork book 71"",""source"":""action_network"",""under_price"":-113.0},{""away_ml"":340.0,""away_spread_price"":-110.0,""home_ml"":-450.0,""home_spread"":-10.5,""home_spread_price"":-108.0,""last_update"":null,""market_total"":52.5,""over_price"":-105.0,""provider"":""ActionNetwork book 75"",""source"":""action_network"",""under_price"":-115.0},{""away_ml"":340.0,""away_spread_price"":null,""home_ml"":-440.0,""home_spread"":-10.5,""home_spread_price"":null,""last_update"":null,""market_total"":52.5,""over_price"":null,""provider"":""DraftKings"",""source"":""espn_core"",""under_price"":null}]",-10.5,52.5,0.36421567954234174,0.4948716593053935,1.0,1.0,-9.5,10.5,-110.0,-106.0,ActionNetwork book 30,ActionNetwork book 69,51.5,52.5,-109.0,-110.0,ActionNetwork book 71,ActionNetwork book 15,-345.0,340.0,ActionNetwork book 30,DraftKings,0.774627221145636,0.014258527544809373,7.0,0.8698913798660346,,,,,,,0.0,0.0,0.0,0.0,,,115.0,110.0,4.0,5.0,0.0,0.01818181818181818,0.0,0.004545454545454545,0.004545454545454545,0.004545454545454545,13.708333333333334,7.0,6.708333333333334,1060.0352647939321,False,276.4808655,255.53972819,77.7,1.0,0.0,3.0,9.6,13.9,0.0,0.11819784763360551,0.020638768054131736,1.0,,-10.5,52.5,-440.0,340.0,-10.5,52.5,-440.0,340.0,-10.5,52.5,0.7762058700845343,7.0,-10.5,52.5,0.7762058700845343,7.0,0.0,0.0,0.0,0.0,0.0,0.0,0.0,1.0,2026-10-04T15:22:29.487688+00:00,2026-10-04T15:22:29.487688+00:00,hourly_market_snapshots,DraftKings | ActionNetwork book 15 | ActionNetwork book 30 | ActionNetwork book 68 | ActionNetwork book 69 | ActionNetwork book 71 | ActionNetwork book 75,0.9648706725638293,0.7478469808649548,7.840656546559092,-106.0,-110.0,STRONG,spread,UCF,ActionNetwork book 69,,0.33096850345196527,0.21,0.684867288184021,-106.0,,10.5,7.840656546559092,1.0
401858256,2026,6,2026-10-10T16:00:00.000Z,North Carolina,Pittsburgh,22,29,21.906130468922626,29.087723362298817,7.181592893376193,50.99385383122144,-7.181592893376193,50.99385383122144,Pittsburgh,0.6081632653061224,61,0.6081632653061224,0.6081632653061224,,False,,-155.0,Pittsburgh,,,,,-155,,Pittsburgh,0.8217152862388222,0.0005266622778142827,,Pittsburgh,-3.0,,4.181592893376193,0.6013010662132544,46.5,O,51,,4.493853831221443,0.6099044664670559,9.669801222954597,50.566377207319285,115.26595685058942,7.269801222954596,12.142735281072495,6.0,ActionNetwork book 15 | ActionNetwork book 30 | ActionNetwork book 69 | ActionNetwork book 71 | ActionNetwork book 75 | primary,action_network | primary,"[{""away_ml"":130.0,""away_spread_price"":-110.0,""home_ml"":-158.0,""home_spread"":-3.5,""home_spread_price"":-112.0,""last_update"":null,""market_total"":46.5,""over_price"":-113.0,""provider"":""ActionNetwork book 15"",""source"":""action_network"",""under_price"":-107.0},{""away_ml"":168.0,""away_spread_price"":-108.0,""home_ml"":-205.0,""home_spread"":-4.5,""home_spread_price"":-112.0,""last_update"":null,""market_total"":49.5,""over_price"":-110.0,""provider"":""ActionNetwork book 30"",""source"":""action_network"",""under_price"":-110.0},{""away_ml"":130.0,""away_spread_price"":-118.0,""home_ml"":-156.0,""home_spread"":-3.5,""home_spread_price"":-104.0,""last_update"":null,""market_total"":46.5,""over_price"":-115.0,""provider"":""ActionNetwork book 69"",""source"":""action_network"",""under_price"":-105.0},{""away_ml"":140.0,""away_spread_price"":-112.0,""home_ml"":-177.0,""home_spread"":-3.5,""home_spread_price"":-112.0,""last_update"":null,""market_total"":46.5,""over_price"":-113.0,""provider"":""ActionNetwork book 71"",""source"":""action_network"",""under_price"":-110.0},{""away_ml"":130.0,""away_spread_price"":-102.0,""home_ml"":-155.0,""home_spread"":-3.0,""home_spread_price"":-118.0,""last_update"":null,""market_total"":46.5,""over_price"":-112.0,""provider"":""ActionNetwork book 75"",""source"":""action_network"",""under_price"":-105.0},{""away_ml"":null,""away_spread_price"":null,""home_ml"":null,""home_spread"":null,""home_spread_price"":null,""last_update"":null,""market_total"":null,""over_price"":null,""provider"":""primary"",""source"":""primary"",""under_price"":null}]",-3.5,46.5,0.4898979485566356,1.2000000000000002,1.5,3.0,-3.0,4.5,-118.0,-108.0,ActionNetwork book 75,ActionNetwork book 30,46.5,49.5,-112.0,-110.0,ActionNetwork book 75,ActionNetwork book 30,-155.0,168.0,ActionNetwork book 75,ActionNetwork book 30,0.5999461124437342,0.02309988564467655,5.0,0.7723103329890137,,,,,,,0.0,0.0,0.0,0.0,,,113.0,111.0,6.0,6.0,0.0,0.0,0.0,0.0,0.0,0.0,7.708333333333333,7.0,0.708333333333333,318.0409053728959,False,220.5887146,92.8317337,65.2,0.0,0.0,2.0,4.1,5.4,0.0,0.0,0.0,1.0,,,,,,,,,,-3.5,46.5,0.6001818652845561,6.0,-3.5,46.5,0.6001818652845561,6.0,,,,,0.0,0.0,0.0,1.0,2026-10-04T15:22:29.487688+00:00,2026-10-04T15:22:29.487688+00:00,hourly_market_snapshots,ActionNetwork book 15 | ActionNetwork book 30 | ActionNetwork book 69 | ActionNetwork book 71 | ActionNetwork book 75 | primary,0.9385237899070337,0.7755554541962756,4.493853831221443,-118.0,-112.0,PASS,total,O,ActionNetwork book 75,,0.15446202581264146,0.0,0.6099044664670559,-112.0,,46.5,4.493853831221443,0.65
401858260,2026,6,2026-10-10T16:00:00.000Z,Wake Forest,NC State,30,29,29.523043267952445,28.713283194384502,-0.8097600735679404,58.23632646233695,0.8097600735679404,58.23632646233695,Wake Forest,0.54,54,0.46,0.54,DraftKings,True,-148.0,128.0,Wake Forest,-148.0,,-5.677419354838708,-0.09513513513513511,-117,0.5720596355604638,NC State,2.944030368839212,0.048799999999999955,3.0,NC State,3.0,LEAN,2.1902399264320596,0.55348181731635,61.5,U,58,,3.2636735376630526,0.5772566222607595,-3.2857018767640866,58.57182459523132,-19.073728928877472,-5.685701876764084,17.17383762960074,7.0,DraftKings | ActionNetwork book 15 | ActionNetwork book 30 | ActionNetwork book 68 | ActionNetwork book 69 | ActionNetwork book 71 | ActionNetwork book 75,action_network | espn_core,"[{""away_ml"":-151.0,""away_spread_price"":-110.0,""home_ml"":124.0,""home_spread"":3.0,""home_spread_price"":-110.0,""last_update"":null,""market_total"":60.5,""over_price"":-115.0,""provider"":""ActionNetwork book 15"",""source"":""action_network"",""under_price"":-110.0},{""away_ml"":-126.0,""away_spread_price"":-108.0,""home_ml"":105.0,""home_spread"":2.5,""home_spread_price"":-112.0,""last_update"":null,""market_total"":58.5,""over_price"":-110.0,""provider"":""ActionNetwork book 30"",""source"":""action_network"",""under_price"":-110.0},{""away_ml"":-148.0,""away_spread_price"":-110.0,""home_ml"":124.0,""home_spread"":3.0,""home_spread_price"":-110.0,""last_update"":null,""market_total"":60.5,""over_price"":-110.0,""provider"":""ActionNetwork book 68"",""source"":""action_network"",""under_price"":-110.0},{""away_ml"":-152.0,""away_spread_price"":-124.0,""home_ml"":126.0,""home_spread"":2.5,""home_spread_price"":102.0,""last_update"":null,""market_total"":61.5,""over_price"":-110.0,""provider"":""ActionNetwork book 69"",""source"":""action_network"",""under_price"":-110.0},{""away_ml"":-159.0,""away_spread_price"":-114.0,""home_ml"":128.0,""home_spread"":3.0,""home_spread_price"":-109.0,""last_update"":null,""market_total"":61.5,""over_price"":-109.0,""provider"":""ActionNetwork book 71"",""source"":""action_network"",""under_price"":-114.0},{""away_ml"":-150.0,""away_spread_price"":-108.0,""home_ml"":125.0,""home_spread"":3.0,""home_spread_price"":-110.0,""last_update"":null,""market_total"":60.5,""over_price"":-112.0,""provider"":""ActionNetwork book 75"",""source"":""action_network"",""under_price"":-105.0},{""away_ml"":-148.0,""away_spread_price"":null,""home_ml"":124.0,""home_spread"":3.0,""home_spread_price"":null,""last_update"":null,""market_total"":60.5,""over_price"":null,""provider"":""DraftKings"",""source"":""espn_core"",""under_price"":null}]",3.0,60.5,0.2258769757263128,0.9258200997725514,0.5,3.0,3.0,-2.5,-109.0,-108.0,ActionNetwork book 71,ActionNetwork book 30,58.5,61.5,-110.0,-110.0,ActionNetwork book 30,ActionNetwork book 69,128.0,-126.0,ActionNetwork book 71,ActionNetwork book 30,0.4305596963116079,0.015161291045801408,7.0,0.8454164790341335,,,,,,,0.0,0.0,0.0,0.0,,,127.0,118.0,5.0,5.0,0.0,0.0,0.0,0.0,0.0,0.0,6.854166666666667,7.0,-0.14583333333333304,88.81242208351284,False,117.0089951,-166.5395889,72.7,2.0,0.0,3.0,7.1,11.2,0.0,0.0,0.0,1.0,,3.0,60.5,124.0,-148.0,3.0,60.5,124.0,-148.0,3.0,60.5,0.4347202568099994,7.0,3.0,60.5,0.4347202568099994,7.0,0.0,0.0,0.0,0.0,0.0,0.0,0.0,1.0,2026-10-04T15:22:29.487688+00:00,2026-10-04T15:22:29.487688+00:00,hourly_market_snapshots,DraftKings | ActionNetwork book 15 | ActionNetwork book 30 | ActionNetwork book 68 | ActionNetwork book 69 | ActionNetwork book 71 | ActionNetwork book 75,0.9582624493392161,0.7003634294284266,2.2636735376630526,-109.0,-110.0,PASS,total,U,ActionNetwork book 69,,0.10203536977054073,0.0,0.5772566222607595,-110.0,,61.5,3.2636735376630526,1.0
401858481,2026,6,2026-10-10T16:00:00.000Z,Indiana,Nebraska,34,23,34.179853513735196,22.858361653349107,-11.32149186038609,57.0382151670843,11.32149186038609,57.0382151670843,Indiana,0.8135593220338984,81,0.1864406779661017,0.8135593220338984,DraftKings,True,-325.0,260.0,Indiana,-325.0,BET,4.885343968095723,0.06388526727509786,-436,0.7335423197492164,Indiana,7.024419285410866,0.06388526727509786,9.5,Indiana,-8.5,,2.8214918603860895,0.5687595393628595,48.5,O,57,BET,8.538215167084303,0.694915809363385,-8.534890558397557,57.16511708399137,-152.80958268435802,-10.934890558397552,18.030777082022684,7.0,DraftKings | ActionNetwork book 15 | ActionNetwork book 30 | ActionNetwork book 68 | ActionNetwork book 69 | ActionNetwork book 71 | ActionNetwork book 75,action_network | espn_core,"[{""away_ml"":-350.0,""away_spread_price"":-112.0,""home_ml"":265.0,""home_spread"":9.5,""home_spread_price"":-108.0,""last_update"":null,""market_total"":51.5,""over_price"":-115.0,""provider"":""ActionNetwork book 15"",""source"":""action_network"",""under_price"":-110.0},{""away_ml"":-345.0,""away_spread_price"":-110.0,""home_ml"":270.0,""home_spread"":8.5,""home_spread_price"":-110.0,""last_update"":null,""market_total"":48.5,""over_price"":-115.0,""provider"":""ActionNetwork book 30"",""source"":""action_network"",""under_price"":-105.0},{""away_ml"":-325.0,""away_spread_price"":-110.0,""home_ml"":260.0,""home_spread"":9.5,""home_spread_price"":-110.0,""last_update"":null,""market_total"":51.5,""over_price"":-110.0,""provider"":""ActionNetwork book 68"",""source"":""action_network"",""under_price"":-110.0},{""away_ml"":-360.0,""away_spread_price"":-112.0,""home_ml"":285.0,""home_spread"":9.5,""home_spread_price"":-108.0,""last_update"":null,""market_total"":52.5,""over_price"":-105.0,""provider"":""ActionNetwork book 69"",""source"":""action_network"",""under_price"":-115.0},{""away_ml"":-400.0,""away_spread_price"":-112.0,""home_ml"":295.0,""home_spread"":9.5,""home_spread_price"":-112.0,""last_update"":null,""market_total"":52.5,""over_price"":-108.0,""provider"":""ActionNetwork book 71"",""source"":""action_network"",""under_price"":-115.0},{""away_ml"":-350.0,""away_spread_price"":-112.0,""home_ml"":275.0,""home_spread"":9.5,""home_spread_price"":-105.0,""last_update"":null,""market_total"":51.5,""over_price"":-115.0,""provider"":""ActionNetwork book 75"",""source"":""action_network"",""under_price"":-105.0},{""away_ml"":-325.0,""away_spread_price"":null,""home_ml"":260.0,""home_spread"":9.5,""home_spread_price"":null,""last_update"":null,""market_total"":51.5,""over_price"":null,""provider"":""DraftKings"",""source"":""espn_core"",""under_price"":null}]",9.5,51.5,0.34992710611188255,1.2453996981544782,1.0,4.0,9.5,-8.5,-105.0,-110.0,ActionNetwork book 75,ActionNetwork book 30,48.5,52.5,-115.0,-115.0,ActionNetwork book 30,ActionNetwork book 69,295.0,-325.0,ActionNetwork book 71,DraftKings,0.25668487082021035,0.008722414711185773,7.0,0.8144163398334062,,,,,,,0.0,0.0,0.0,0.0,,,115.0,106.0,4.0,5.0,0.0,0.0,0.0,0.0,0.0,0.0,6.833333333333333,6.666666666666667,0.16666666666666607,550.2458462529231,False,354.9318848,123.28179939999998,74.5,1.0,0.0,1.0,13.4,26.8,0.007714285714285717,0.0,0.0016200000000000006,1.0,,9.5,51.5,260.0,-325.0,9.5,51.5,260.0,-325.0,9.5,51.5,0.2566848708202103,7.0,9.5,51.5,0.2566848708202103,7.0,0.0,0.0,0.0,0.0,0.0,0.0,0.0,1.0,2026-10-04T15:22:29.487688+00:00,2026-10-04T15:22:29.487688+00:00,hourly_market_snapshots,DraftKings | ActionNetwork book 15 | ActionNetwork book 30 | ActionNetwork book 68 | ActionNetwork book 69 | ActionNetwork book 71 | ActionNetwork book 75,0.9498924117550197,0.6831055347563396,5.538215167084303,-110.0,-115.0,STRONG,total,O,ActionNetwork book 30,,0.29919042620111114,0.12,0.694915809363385,-115.0,,48.5,8.538215167084303,0.65
401862795,2026,6,2026-10-10T16:00:00.000Z,Tulane,Army,21,23,21.20454137474619,23.20350085285396,1.9989594781077726,44.40804222760015,-1.9989594781077726,44.40804222760015,Army,0.6081632653061224,61,0.6081632653061224,0.6081632653061224,DraftKings,True,205.0,-218.0,Army,-218.0,,-7.737132588884609,-0.11286275978281224,-155,0.6574752261956054,Tulane,5.629146894732329,0.19510204081632654,-5.5,Tulane,6.5,LEAN,4.501040521892227,0.6088518139735575,45.5,U,44,,1.0919577723998515,0.5270319553380626,3.6024913186428265,42.89159591591156,-42.60680765103257,1.202491318642826,9.840775062734902,4.0,DraftKings | ActionNetwork book 15 | ActionNetwork book 30 | ActionNetwork book 68,action_network | espn_core,"[{""away_ml"":180.0,""away_spread_price"":-110.0,""home_ml"":-218.0,""home_spread"":-5.5,""home_spread_price"":-110.0,""last_update"":null,""market_total"":45.5,""over_price"":-110.0,""provider"":""ActionNetwork book 15"",""source"":""action_network"",""under_price"":-110.0},{""away_ml"":205.0,""away_spread_price"":-110.0,""home_ml"":-250.0,""home_spread"":-6.5,""home_spread_price"":-110.0,""last_update"":null,""market_total"":44.5,""over_price"":-110.0,""provider"":""ActionNetwork book 30"",""source"":""action_network"",""under_price"":-110.0},{""away_ml"":180.0,""away_spread_price"":-110.0,""home_ml"":-218.0,""home_spread"":-5.5,""home_spread_price"":-110.0,""last_update"":null,""market_total"":45.5,""over_price"":-110.0,""provider"":""ActionNetwork book 68"",""source"":""action_network"",""under_price"":-110.0},{""away_ml"":180.0,""away_spread_price"":null,""home_ml"":-218.0,""home_spread"":-5.5,""home_spread_price"":null,""last_update"":null,""market_total"":45.5,""over_price"":null,""provider"":""DraftKings"",""source"":""espn_core"",""under_price"":null}]",-5.5,45.5,0.4330127018922193,0.4330127018922193,1.0,1.0,-5.5,6.5,-110.0,-110.0,ActionNetwork book 15,ActionNetwork book 30,44.5,45.5,-110.0,-110.0,ActionNetwork book 30,ActionNetwork book 15,-218.0,205.0,DraftKings,ActionNetwork book 30,0.6644547342534457,0.012088862568015654,4.0,0.8715412405912538,,,,,,,0.0,0.0,0.0,0.0,,,190.0,118.0,7.0,7.0,0.0,0.01694915254237288,0.0,0.00423728813559322,0.00423728813559322,0.00423728813559322,6.6875,13.708333333333334,-7.020833333333334,1199.3188709975454,False,99.21277618,99.21277618,62.0,1.0,0.0,0.0,5.9,14.3,0.0,0.18150857772615703,0.029938151065703213,1.0,,-5.5,45.5,-218.0,180.0,-5.5,45.5,-218.0,180.0,-5.5,45.5,0.6644547342534457,4.0,-5.5,45.5,0.6644547342534457,4.0,0.0,0.0,0.0,0.0,0.0,0.0,0.0,1.0,2026-10-04T15:22:29.487688+00:00,2026-10-04T15:22:29.487688+00:00,hourly_market_snapshots,DraftKings | ActionNetwork book 15 | ActionNetwork book 30 | ActionNetwork book 68,0.9653161349596385,0.8093887106992539,3.5010405218922274,-110.0,-110.0,BET,spread,Tulane,ActionNetwork book 30,,0.16235346304042786,0.12,0.6088518139735575,-110.0,,6.5,4.501040521892227,1.0
401866436,2026,6,2026-10-10T16:00:00.000Z,Sacramento State,Bowling Green,21,25,20.96129892401309,24.695623457622663,3.7343245336095747,45.65692238163575,-3.7343245336095747,45.65692238163575,Bowling Green,0.6081632653061224,61,0.6081632653061224,0.6081632653061224,DraftKings,True,225.0,-278.0,Bowling Green,-278.0,,-12.728647014361306,-0.1730729701952724,-155,0.705033164260632,Sacramento State,9.075049677824044,0.2734693877551022,-7.0,Sacramento State,7.0,LEAN,3.2656754663904253,0.5794498359157777,46.5,U,46,,0.8430776183642479,0.520877262075145,2.882029041096665,46.69924003174949,-2.852526464605944,0.48202904109666456,19.68391742993263,4.0,DraftKings | ActionNetwork book 15 | ActionNetwork book 30 | ActionNetwork book 68,action_network | espn_core,"[{""away_ml"":225.0,""away_spread_price"":-110.0,""home_ml"":-278.0,""home_spread"":-7.0,""home_spread_price"":-110.0,""last_update"":null,""market_total"":46.5,""over_price"":-110.0,""provider"":""ActionNetwork book 15"",""source"":""action_network"",""under_price"":-110.0},{""away_ml"":200.0,""away_spread_price"":-110.0,""home_ml"":-245.0,""home_spread"":-6.5,""home_spread_price"":-110.0,""last_update"":null,""market_total"":46.5,""over_price"":-110.0,""provider"":""ActionNetwork book 30"",""source"":""action_network"",""under_price"":-110.0},{""away_ml"":225.0,""away_spread_price"":-110.0,""home_ml"":-278.0,""home_spread"":-7.0,""home_spread_price"":-110.0,""last_update"":null,""market_total"":46.5,""over_price"":-110.0,""provider"":""ActionNetwork book 68"",""source"":""action_network"",""under_price"":-110.0},{""away_ml"":225.0,""away_spread_price"":null,""home_ml"":-278.0,""home_spread"":-7.0,""home_spread_price"":null,""last_update"":null,""market_total"":46.5,""over_price"":null,""provider"":""DraftKings"",""source"":""espn_core"",""under_price"":null}]",-7.0,46.5,0.21650635094610965,0.0,0.5,0.0,-6.5,7.0,-110.0,-110.0,ActionNetwork book 30,ActionNetwork book 15,46.5,46.5,-110.0,-110.0,ActionNetwork book 15,ActionNetwork book 15,-245.0,225.0,ActionNetwork book 30,DraftKings,0.6989137620843628,0.01059911548124565,4.0,0.9439944937000658,,,,,,,0.0,0.0,0.0,0.0,,,106.0,117.0,6.0,5.0,0.0,0.017094017094017096,0.0,0.004273504273504274,0.004273504273504274,0.004273504273504274,6.854166666666667,13.625,-6.770833333333333,1995.2823412161524,False,205.9057465,193.60558991,64.6,0.0,0.0,1.0,10.6,11.0,0.0,0.5,0.07773504273504274,1.0,,-7.0,46.5,-278.0,225.0,-7.0,46.5,-278.0,225.0,-7.0,46.5,0.6989137620843628,4.0,-7.0,46.5,0.6989137620843628,4.0,0.0,0.0,0.0,0.0,0.0,0.0,0.0,1.0,2026-10-04T15:22:29.487688+00:00,2026-10-04T15:22:29.487688+00:00,hourly_market_snapshots,DraftKings | ActionNetwork book 15 | ActionNetwork book 30 | ActionNetwork book 68,0.9848785132990178,0.6388298209341655,3.2656754663904253,-110.0,-110.0,PASS,spread,Sacramento State,ActionNetwork book 15,,0.10622241402103016,0.0,0.5794498359157777,-110.0,,7.0,3.2656754663904253,1.0
401858482,2026,6,2026-10-10T16:30:00.000Z,Ball State,Northwestern,8,43,8.064149243493507,42.8653575249803,34.801208281486794,50.92950676847381,-34.801208281486794,50.92950676847381,Northwestern,0.99,99,0.99,0.99,DraftKings,True,5000.0,-100000.0,Northwestern,-100000.0,,-0.9000999000999044,-0.00901000000000001,-9900,0.9807503701851887,Northwestern,0.9249629814811255,-0.00901000000000001,-34.5,Northwestern,-34.5,,0.3012082814867938,0.5068303588274244,52.5,U,51,,1.5704932315261928,0.5388465428894358,24.92771481873705,50.615639373768055,164.3592614574036,22.527714818737046,16.068562607342805,7.0,DraftKings | ActionNetwork book 15 | ActionNetwork book 30 | ActionNetwork book 68 | ActionNetwork book 69 | ActionNetwork book 71 | ActionNetwork book 75,action_network | espn_core,"[{""away_ml"":null,""away_spread_price"":-109.0,""home_ml"":null,""home_spread"":-34.5,""home_spread_price"":-114.0,""last_update"":null,""market_total"":51.5,""over_price"":-122.0,""provider"":""ActionNetwork book 15"",""source"":""action_network"",""under_price"":-106.0},{""away_ml"":null,""away_spread_price"":-110.0,""home_ml"":null,""home_spread"":-34.5,""home_spread_price"":-110.0,""last_update"":null,""market_total"":51.5,""over_price"":-110.0,""provider"":""ActionNetwork book 30"",""source"":""action_network"",""under_price"":-110.0},{""away_ml"":5000.0,""away_spread_price"":-110.0,""home_ml"":null,""home_spread"":-34.5,""home_spread_price"":-110.0,""last_update"":null,""market_total"":52.5,""over_price"":-110.0,""provider"":""ActionNetwork book 68"",""source"":""action_network"",""under_price"":-110.0},{""away_ml"":7000.0,""away_spread_price"":-104.0,""home_ml"":null,""home_spread"":-34.5,""home_spread_price"":-118.0,""last_update"":null,""market_total"":51.5,""over_price"":-112.0,""provider"":""ActionNetwork book 69"",""source"":""action_network"",""under_price"":-108.0},{""away_ml"":null,""away_spread_price"":-106.0,""home_ml"":null,""home_spread"":-34.5,""home_spread_price"":-118.0,""last_update"":null,""market_total"":51.5,""over_price"":-108.0,""provider"":""ActionNetwork book 71"",""source"":""action_network"",""under_price"":-114.0},{""away_ml"":5500.0,""away_spread_price"":-108.0,""home_ml"":null,""home_spread"":-34.5,""home_spread_price"":-110.0,""last_update"":null,""market_total"":51.5,""over_price"":-120.0,""provider"":""ActionNetwork book 75"",""source"":""action_network"",""under_price"":100.0},{""away_ml"":5000.0,""away_spread_price"":null,""home_ml"":-100000.0,""home_spread"":-34.5,""home_spread_price"":null,""last_update"":null,""market_total"":52.5,""over_price"":null,""provider"":""DraftKings"",""source"":""espn_core"",""under_price"":null}]",-34.5,51.5,0.0,0.45175395145262565,0.0,1.0,-34.5,34.5,-110.0,-104.0,ActionNetwork book 30,ActionNetwork book 69,51.5,52.5,-108.0,-110.0,ActionNetwork book 71,ActionNetwork book 68,-100000.0,7000.0,DraftKings,ActionNetwork book 69,0.9807503701851887,0.0,1.0,0.9548246048547374,,,,,,,0.0,0.0,0.0,0.0,,,124.0,115.0,7.0,5.0,0.0,0.017391304347826087,0.0,0.004347826086956522,0.004347826086956522,0.004347826086956522,7.6875,6.9375,0.75,173.1035367595512,False,179.0,-106.48178100000001,67.1,0.0,0.0,0.0,10.7,13.2,0.0,0.0,0.002782608695652174,1.0,,-34.5,52.5,-100000.0,5000.0,-34.5,52.5,-100000.0,5000.0,-34.5,51.5,0.9807503701851888,7.0,-34.5,51.5,0.9807503701851888,7.0,0.0,0.0,0.0,0.0,0.0,0.0,0.0,1.0,2026-10-04T15:22:29.487688+00:00,2026-10-04T15:22:29.487688+00:00,hourly_market_snapshots,DraftKings | ActionNetwork book 15 | ActionNetwork book 30 | ActionNetwork book 68 | ActionNetwork book 69 | ActionNetwork book 71 | ActionNetwork book 75,0.987802643310779,0.7270573482219563,0.5704932315261928,-110.0,-110.0,PASS,,,,,0.0,0.0,,,,,,
401856714,2026,6,2026-10-10T16:45:00.000Z,South Carolina,Florida,28,33,28.010580049483007,32.833863259996946,4.823283210513935,60.84444330947995,-4.823283210513935,60.84444330947995,Florida,0.6081632653061224,61,0.6081632653061224,0.6081632653061224,DraftKings,True,500.0,-575.0,Florida,-575.0,,-24.368858654572946,-0.28606921029281285,-155,0.817258883248731,South Carolina,21.651494967507457,1.3510204081632655,-14.0,South Carolina,14.5,STRONG,9.676716789486065,0.7237682351231243,57.5,O,61,,3.3444433094799493,0.5762490070642228,4.052766684690596,60.87645202455555,62.217128764279096,1.6527666846905928,22.120464578497543,7.0,DraftKings | ActionNetwork book 15 | ActionNetwork book 30 | ActionNetwork book 68 | ActionNetwork book 69 | ActionNetwork book 71 | ActionNetwork book 75,action_network | espn_core,"[{""away_ml"":450.0,""away_spread_price"":-108.0,""home_ml"":-650.0,""home_spread"":-14.0,""home_spread_price"":-115.0,""last_update"":null,""market_total"":58.5,""over_price"":-120.0,""provider"":""ActionNetwork book 15"",""source"":""action_network"",""under_price"":-110.0},{""away_ml"":490.0,""away_spread_price"":-110.0,""home_ml"":-675.0,""home_spread"":-14.5,""home_spread_price"":-110.0,""last_update"":null,""market_total"":57.5,""over_price"":-110.0,""provider"":""ActionNetwork book 30"",""source"":""action_network"",""under_price"":-110.0},{""away_ml"":425.0,""away_spread_price"":-110.0,""home_ml"":-575.0,""home_spread"":-14.0,""home_spread_price"":-110.0,""last_update"":null,""market_total"":58.5,""over_price"":-110.0,""provider"":""ActionNetwork book 68"",""source"":""action_network"",""under_price"":-110.0},{""away_ml"":500.0,""away_spread_price"":-110.0,""home_ml"":-720.0,""home_spread"":-14.5,""home_spread_price"":-110.0,""last_update"":null,""market_total"":59.5,""over_price"":-110.0,""provider"":""ActionNetwork book 69"",""source"":""action_network"",""under_price"":-110.0},{""away_ml"":375.0,""away_spread_price"":-114.0,""home_ml"":-560.0,""home_spread"":-14.0,""home_spread_price"":-109.0,""last_update"":null,""market_total"":58.5,""over_price"":-112.0,""provider"":""ActionNetwork book 71"",""source"":""action_network"",""under_price"":-112.0},{""away_ml"":475.0,""away_spread_price"":-102.0,""home_ml"":-650.0,""home_spread"":-14.0,""home_spread_price"":-115.0,""last_update"":null,""market_total"":58.5,""over_price"":-118.0,""provider"":""ActionNetwork book 75"",""source"":""action_network"",""under_price"":-102.0},{""away_ml"":425.0,""away_spread_price"":null,""home_ml"":-575.0,""home_spread"":-14.0,""home_spread_price"":null,""last_update"":null,""market_total"":58.5,""over_price"":null,""provider"":""DraftKings"",""source"":""espn_core"",""under_price"":null}]",-14.0,58.5,0.22587697572631282,0.5345224838248488,0.5,2.0,-14.0,14.5,-109.0,-110.0,ActionNetwork book 71,ActionNetwork book 30,57.5,59.5,-110.0,-110.0,ActionNetwork book 30,ActionNetwork book 69,-560.0,500.0,ActionNetwork book 71,ActionNetwork book 69,0.824678214981197,0.012735799375163797,7.0,0.8874307126373211,,,,,,,0.0,0.0,0.0,0.0,1.6597155111805555,,117.0,112.0,5.0,6.0,0.0,0.0,0.0,0.0,0.0,0.0,6.885416666666667,6.854166666666667,0.03125,308.7171017322343,False,44.97250748,-15.572978970000001,89.0,38.0,0.003937007874015749,51.0,4.8,8.3,0.0,0.0,0.0,1.0,,-14.0,58.5,-575.0,425.0,-14.0,58.5,-575.0,425.0,-14.0,58.5,0.824678214981197,7.0,-14.0,58.5,0.824678214981197,7.0,0.0,0.0,0.0,0.0,0.0,0.0,0.0,1.0,2026-10-04T15:22:29.487688+00:00,2026-10-04T15:22:29.487688+00:00,hourly_market_snapshots,DraftKings | ActionNetwork book 15 | ActionNetwork book 30 | ActionNetwork book 68 | ActionNetwork book 69 | ActionNetwork book 71 | ActionNetwork book 75,0.9696062924120766,0.6226908439346178,9.176716789486065,-110.0,-110.0,STRONG,spread,South Carolina,ActionNetwork book 30,,0.38173935796232816,0.21,0.7237682351231243,-110.0,,14.5,9.676716789486065,1.0
401869843,2026,6,2026-10-10T17:00:00.000Z,Old Dominion,App State,24,30,24.045926231318752,29.668899704132585,5.62297347281383,53.71482593545134,-5.62297347281383,53.71482593545134,App State,0.6081632653061224,61,0.6081632653061224,0.6081632653061224,DraftKings,True,290.0,-360.0,App State,-360.0,,-17.444543034605154,-0.2229024943310658,-155,0.7508125677139762,Old Dominion,12.560739294947144,0.5281632653061226,-8.5,Old Dominion,9.5,LEAN,3.87702652718617,0.5940665377437486,51.5,O,54,,2.214825935451337,0.5526073092114621,1.777774700245061,53.83426562228111,-6.473988761105602,-0.6222252997549385,15.202216835138742,5.0,DraftKings | ActionNetwork book 15 | ActionNetwork book 30 | ActionNetwork book 68 | ActionNetwork book 69,action_network | espn_core,"[{""away_ml"":287.0,""away_spread_price"":-110.0,""home_ml"":-390.0,""home_spread"":-6.5,""home_spread_price"":-110.0,""last_update"":null,""market_total"":51.5,""over_price"":-110.0,""provider"":""ActionNetwork book 15"",""source"":""action_network"",""under_price"":-110.0},{""away_ml"":180.0,""away_spread_price"":-110.0,""home_ml"":-218.0,""home_spread"":-5.5,""home_spread_price"":-110.0,""last_update"":null,""market_total"":51.5,""over_price"":-110.0,""provider"":""ActionNetwork book 30"",""source"":""action_network"",""under_price"":-110.0},{""away_ml"":285.0,""away_spread_price"":-110.0,""home_ml"":-360.0,""home_spread"":-8.5,""home_spread_price"":-110.0,""last_update"":null,""market_total"":51.5,""over_price"":-110.0,""provider"":""ActionNetwork book 68"",""source"":""action_network"",""under_price"":-110.0},{""away_ml"":290.0,""away_spread_price"":-110.0,""home_ml"":-375.0,""home_spread"":-9.5,""home_spread_price"":-110.0,""last_update"":null,""market_total"":51.5,""over_price"":-110.0,""provider"":""ActionNetwork book 69"",""source"":""action_network"",""under_price"":-110.0},{""away_ml"":285.0,""away_spread_price"":null,""home_ml"":-360.0,""home_spread"":-8.5,""home_spread_price"":null,""last_update"":null,""market_total"":51.5,""over_price"":null,""provider"":""DraftKings"",""source"":""espn_core"",""under_price"":null}]",-8.5,51.5,1.469693845669907,0.0,4.0,0.0,-5.5,9.5,-110.0,-110.0,ActionNetwork book 30,ActionNetwork book 69,51.5,51.5,-110.0,-110.0,ActionNetwork book 15,ActionNetwork book 15,-218.0,290.0,ActionNetwork book 30,ActionNetwork book 69,0.7337706582555938,0.03819099187550639,5.0,0.7184105549192585,,,,,,,0.0,0.0,0.0,0.0,,,111.0,110.0,5.0,5.0,0.0,0.0,0.0,0.0,0.0,0.0,13.729166666666666,6.895833333333333,6.833333333333333,302.249919112122,False,991.3414307,988.193442857,68.7,3.0,0.0,3.0,5.7,8.3,0.0,0.0,0.0,1.0,,-6.5,51.5,-258.0,210.0,-6.5,51.5,-258.0,210.0,-6.5,51.5,0.6993132075736342,5.0,-6.5,51.5,0.6993132075736342,5.0,-2.0,0.0,0.06193830459072147,-0.0628403854210306,0.0,0.0,0.0,1.0,2026-10-04T15:22:29.487688+00:00,2026-10-04T15:22:29.487688+00:00,hourly_market_snapshots,DraftKings | ActionNetwork book 15 | ActionNetwork book 30 | ActionNetwork book 68 | ActionNetwork book 69,0.9239708498281998,0.721085189037317,2.87702652718617,-110.0,-110.0,BET,spread,Old Dominion,ActionNetwork book 69,,0.13412702660170195,0.09,0.5940665377437486,-110.0,,9.5,3.87702652718617,1.0
401866440,2026,6,2026-10-10T18:00:00.000Z,Miami (OH),Massachusetts,28,25,27.830644367696895,24.523253339295128,-3.3073910284017654,52.35389770699202,3.3073910284017654,52.35389770699202,Miami (OH),0.5507246376811594,55,0.4492753623188406,0.5507246376811594,,False,,,Miami (OH),,,,,-123,,,,,,,,,,,,,52,,,,-3.84909917788098,52.7033505541602,-122.13683762472988,-6.2490991778809795,17.327343731192926,1.0,primary,primary,"[{""away_ml"":null,""away_spread_price"":null,""home_ml"":null,""home_spread"":null,""home_spread_price"":null,""last_update"":null,""market_total"":null,""over_price"":null,""provider"":""primary"",""source"":""primary"",""under_price"":null}]",,,,,,,,,,,,,,,,,,,,,,,,,0.0,0.25,,,,,,,0.0,0.0,0.0,0.0,,,102.0,118.0,5.0,5.0,0.0,0.0,0.0,0.0,0.0,0.0,6.9375,6.9375,0.0,665.732986139788,False,46.58664703,-195.67771147,60.8,1.0,0.0,0.0,11.1,17.7,0.0,0.0,0.0,1.0,,,,,,,,,,,,,1.0,,,,1.0,,,,,,,,1.0,2026-10-04T15:22:29.487688+00:00,2026-10-04T15:22:29.487688+00:00,hourly_market_snapshots,primary,0.7975,0.6464018411052006,0.0,,,PASS,,,,,0.0,0.0,,,,,,
401856717,2026,6,2026-10-10T19:30:00.000Z,Texas,Oklahoma,25,14,24.969043959656737,14.157240848812727,-10.811803110844012,39.126284808469464,10.811803110844012,39.126284808469464,Texas,0.8135593220338984,81,0.1864406779661017,0.8135593220338984,DraftKings,True,-219.0,260.0,Texas,-325.0,BET,4.885343968095723,0.06388526727509786,-436,0.7335423197492164,Texas,8.369600662952692,0.18504759693522177,9.5,Texas,-6.5,,4.3118031108440125,0.6043835853751088,48.5,U,39,,9.373715191530536,0.7197541482132577,-7.050196994309502,39.95766330756538,-106.88187644669279,-7.050196994309504,18.30321735613407,7.0,DraftKings | ActionNetwork book 15 | ActionNetwork book 30 | ActionNetwork book 68 | ActionNetwork book 69 | ActionNetwork book 71 | ActionNetwork book 75,action_network | espn_core,"[{""away_ml"":-345.0,""away_spread_price"":-110.0,""home_ml"":260.0,""home_spread"":9.5,""home_spread_price"":-110.0,""last_update"":null,""market_total"":41.5,""over_price"":100.0,""provider"":""ActionNetwork book 15"",""source"":""action_network"",""under_price"":-110.0},{""away_ml"":-219.0,""away_spread_price"":-110.0,""home_ml"":180.0,""home_spread"":6.5,""home_spread_price"":-110.0,""last_update"":null,""market_total"":48.5,""over_price"":-109.0,""provider"":""ActionNetwork book 30"",""source"":""action_network"",""under_price"":-110.0},{""away_ml"":-325.0,""away_spread_price"":-105.0,""home_ml"":260.0,""home_spread"":9.5,""home_spread_price"":-115.0,""last_update"":null,""market_total"":41.5,""over_price"":-110.0,""provider"":""ActionNetwork book 68"",""source"":""action_network"",""under_price"":-110.0},{""away_ml"":-360.0,""away_spread_price"":-110.0,""home_ml"":280.0,""home_spread"":9.5,""home_spread_price"":-110.0,""last_update"":null,""market_total"":40.5,""over_price"":-110.0,""provider"":""ActionNetwork book 69"",""source"":""action_network"",""under_price"":-110.0},{""away_ml"":-400.0,""away_spread_price"":-110.0,""home_ml"":285.0,""home_spread"":9.0,""home_spread_price"":-113.0,""last_update"":null,""market_total"":41.5,""over_price"":-107.0,""provider"":""ActionNetwork book 71"",""source"":""action_network"",""under_price"":-117.0},{""away_ml"":-350.0,""away_spread_price"":-108.0,""home_ml"":275.0,""home_spread"":9.5,""home_spread_price"":-110.0,""last_update"":null,""market_total"":41.5,""over_price"":100.0,""provider"":""ActionNetwork book 75"",""source"":""action_network"",""under_price"":-120.0},{""away_ml"":-325.0,""away_spread_price"":null,""home_ml"":260.0,""home_spread"":9.5,""home_spread_price"":null,""last_update"":null,""market_total"":41.5,""over_price"":null,""provider"":""DraftKings"",""source"":""espn_core"",""under_price"":null}]",9.5,41.5,1.0350983390135313,2.5314350209527645,3.0,8.0,9.5,-6.5,-110.0,-110.0,ActionNetwork book 15,ActionNetwork book 30,40.5,48.5,-110.0,-110.0,ActionNetwork book 69,ActionNetwork book 30,285.0,-219.0,ActionNetwork book 71,ActionNetwork book 30,0.27013668459562856,0.03035347255977768,7.0,0.5901653633179903,,,,,,,0.0,0.0,0.0,0.0,,,114.0,111.0,4.0,5.0,0.0,0.0,0.0,0.0,0.0,0.0,14.0,14.145833333333334,-0.14583333333333393,340.5070907151165,False,355.0962524,194.7873077,80.0,2.0,0.0,3.0,9.6,10.3,0.0,0.0,0.0,1.0,,9.5,41.5,260.0,-325.0,9.5,41.5,260.0,-325.0,9.0,41.5,0.2723292193139895,7.0,9.0,41.5,0.2723292193139895,7.0,0.0,0.0,0.0,0.0,0.0,0.0,0.0,1.0,2026-10-04T15:22:29.487688+00:00,2026-10-04T15:22:29.487688+00:00,hourly_market_snapshots,DraftKings | ActionNetwork book 15 | ActionNetwork book 30 | ActionNetwork book 68 | ActionNetwork book 69 | ActionNetwork book 71 | ActionNetwork book 75,0.8893446480958573,0.6603415862223091,2.373715191530536,-110.0,-110.0,STRONG,total,U,ActionNetwork book 30,,0.37407610113440104,0.22,0.7197541482132577,-110.0,,48.5,9.373715191530536,1.0
401856718,2026,6,2026-10-10T19:30:00.000Z,Ole Miss,Vanderbilt,31,31,31.40496336963725,30.773691954003574,-0.6312714156336772,62.178655323640825,0.6312714156336772,62.178655323640825,Ole Miss,0.54,54,0.46,0.54,DraftKings,True,-425.0,340.0,Ole Miss,-425.0,,-26.95238095238095,-0.3329411764705882,-117,0.7768331562167907,Vanderbilt,23.558957117193824,1.024,10.5,Vanderbilt,10.5,STRONG,9.868728584366323,0.7276963445050969,57.5,O,62,BET,4.678655323640825,0.6060445261456417,-0.4764489326965524,63.04398520845544,-91.42561687076841,-2.8764489326965457,15.084121726825131,7.0,DraftKings | ActionNetwork book 15 | ActionNetwork book 30 | ActionNetwork book 68 | ActionNetwork book 69 | ActionNetwork book 71 | ActionNetwork book 75,action_network | espn_core,"[{""away_ml"":-425.0,""away_spread_price"":-110.0,""home_ml"":330.0,""home_spread"":10.5,""home_spread_price"":-110.0,""last_update"":null,""market_total"":57.5,""over_price"":-110.0,""provider"":""ActionNetwork book 15"",""source"":""action_network"",""under_price"":-110.0},{""away_ml"":-410.0,""away_spread_price"":-110.0,""home_ml"":320.0,""home_spread"":10.5,""home_spread_price"":-110.0,""last_update"":null,""market_total"":57.5,""over_price"":-110.0,""provider"":""ActionNetwork book 30"",""source"":""action_network"",""under_price"":-110.0},{""away_ml"":-425.0,""away_spread_price"":-115.0,""home_ml"":330.0,""home_spread"":10.5,""home_spread_price"":-105.0,""last_update"":null,""market_total"":57.5,""over_price"":-110.0,""provider"":""ActionNetwork book 68"",""source"":""action_network"",""under_price"":-110.0},{""away_ml"":-450.0,""away_spread_price"":-110.0,""home_ml"":340.0,""home_spread"":10.5,""home_spread_price"":-110.0,""last_update"":null,""market_total"":57.5,""over_price"":-115.0,""provider"":""ActionNetwork book 69"",""source"":""action_network"",""under_price"":-105.0},{""away_ml"":-400.0,""away_spread_price"":-113.0,""home_ml"":300.0,""home_spread"":10.0,""home_spread_price"":-109.0,""last_update"":null,""market_total"":57.5,""over_price"":-113.0,""provider"":""ActionNetwork book 71"",""source"":""action_network"",""under_price"":-109.0},{""away_ml"":-450.0,""away_spread_price"":-118.0,""home_ml"":340.0,""home_spread"":10.0,""home_spread_price"":-102.0,""last_update"":null,""market_total"":57.5,""over_price"":-110.0,""provider"":""ActionNetwork book 75"",""source"":""action_network"",""under_price"":-108.0},{""away_ml"":-425.0,""away_spread_price"":null,""home_ml"":330.0,""home_spread"":10.5,""home_spread_price"":null,""last_update"":null,""market_total"":57.5,""over_price"":null,""provider"":""DraftKings"",""source"":""espn_core"",""under_price"":null}]",10.5,57.5,0.22587697572631282,0.0,0.5,0.0,10.5,-10.0,-105.0,-113.0,ActionNetwork book 68,ActionNetwork book 71,57.5,57.5,-110.0,-105.0,ActionNetwork book 15,ActionNetwork book 69,340.0,-400.0,ActionNetwork book 69,ActionNetwork book 71,0.22441042882806178,0.006623878668448383,7.0,0.9523411903156177,,,,,,,0.0,0.0,0.0,0.0,,,117.0,121.0,5.0,7.0,0.0,0.0,0.0,0.0,0.0,0.0,7.114583333333333,14.0,-6.885416666666667,196.97539966742943,False,159.9194641,13.067748999999992,79.5,20.0,0.0,3.0,7.2,13.4,0.0,0.0,0.0,1.0,,10.5,57.5,330.0,-425.0,10.5,57.5,330.0,-425.0,10.5,57.5,0.2260201512304234,7.0,10.5,57.5,0.2260201512304234,7.0,0.0,0.0,0.0,0.0,0.0,0.0,0.0,1.0,2026-10-04T15:22:29.487688+00:00,2026-10-04T15:22:29.487688+00:00,hourly_market_snapshots,DraftKings | ActionNetwork book 15 | ActionNetwork book 30 | ActionNetwork book 68 | ActionNetwork book 69 | ActionNetwork book 71 | ActionNetwork book 75,0.9871321213852168,0.7442631806983642,9.868728584366323,-105.0,-110.0,STRONG,spread,Vanderbilt,ActionNetwork book 68,,0.4207404821289987,0.26,0.7276963445050969,-105.0,,10.5,9.868728584366323,1.0
401856825,2026,6,2026-10-10T19:30:00.000Z,Houston,Kansas State,25,30,25.034848250925403,30.209851586967677,5.175003336042276,55.24469983789308,-5.175003336042276,55.24469983789308,Kansas State,0.6081632653061224,61,0.6081632653061224,0.6081632653061224,DraftKings,True,110.0,-128.0,Kansas State,-130.0,BET,4.294587400177463,0.07598116169544739,-155,0.5427435387673957,Kansas State,6.259873800675731,0.08329081632653057,-2.5,Kansas State,-2.5,LEAN,2.675003336042276,0.5652224800961942,51.5,O,55,,3.74469983789308,0.5884669524340795,3.697272780172444,55.2565120633551,-9.994105886712532,1.2972727801724435,10.793752074912287,7.0,DraftKings | ActionNetwork book 15 | ActionNetwork book 30 | ActionNetwork book 68 | ActionNetwork book 69 | ActionNetwork book 71 | ActionNetwork book 75,action_network | espn_core,"[{""away_ml"":110.0,""away_spread_price"":-110.0,""home_ml"":-135.0,""home_spread"":-2.5,""home_spread_price"":-110.0,""last_update"":null,""market_total"":54.5,""over_price"":-105.0,""provider"":""ActionNetwork book 15"",""source"":""action_network"",""under_price"":-110.0},{""away_ml"":106.0,""away_spread_price"":-115.0,""home_ml"":-128.0,""home_spread"":-2.5,""home_spread_price"":-105.0,""last_update"":null,""market_total"":51.5,""over_price"":-115.0,""provider"":""ActionNetwork book 30"",""source"":""action_network"",""under_price"":-105.0},{""away_ml"":110.0,""away_spread_price"":-118.0,""home_ml"":-130.0,""home_spread"":-2.5,""home_spread_price"":-102.0,""last_update"":null,""market_total"":54.5,""over_price"":-110.0,""provider"":""ActionNetwork book 68"",""source"":""action_network"",""under_price"":-110.0},{""away_ml"":114.0,""away_spread_price"":-110.0,""home_ml"":-137.0,""home_spread"":-2.5,""home_spread_price"":-110.0,""last_update"":null,""market_total"":53.5,""over_price"":-115.0,""provider"":""ActionNetwork book 69"",""source"":""action_network"",""under_price"":-105.0},{""away_ml"":112.0,""away_spread_price"":-110.0,""home_ml"":-137.0,""home_spread"":-2.5,""home_spread_price"":-113.0,""last_update"":null,""market_total"":52.5,""over_price"":-114.0,""provider"":""ActionNetwork book 71"",""source"":""action_network"",""under_price"":-109.0},{""away_ml"":110.0,""away_spread_price"":-110.0,""home_ml"":-135.0,""home_spread"":-2.5,""home_spread_price"":-108.0,""last_update"":null,""market_total"":54.5,""over_price"":-105.0,""provider"":""ActionNetwork book 75"",""source"":""action_network"",""under_price"":-112.0},{""away_ml"":110.0,""away_spread_price"":null,""home_ml"":-130.0,""home_spread"":-2.5,""home_spread_price"":null,""last_update"":null,""market_total"":54.5,""over_price"":null,""provider"":""DraftKings"",""source"":""espn_core"",""under_price"":null}]",-2.5,54.5,0.0,1.1248582677159729,0.0,3.0,-2.5,2.5,-102.0,-110.0,ActionNetwork book 68,ActionNetwork book 15,51.5,54.5,-115.0,-110.0,ActionNetwork book 30,ActionNetwork book 15,-128.0,114.0,ActionNetwork book 30,ActionNetwork book 69,0.5455645272993651,0.0051538239993941404,7.0,0.8760789436139352,,,,,,,0.0,0.0,0.0,0.0,,,112.0,117.0,4.0,6.0,0.0,0.03418803418803419,0.0,0.008547008547008548,0.008547008547008548,0.008547008547008548,13.854166666666666,7.145833333333333,6.708333333333333,658.8127084132894,False,328.0574646,318.48305893,80.9,0.0,0.0,3.0,12.3,16.3,0.0,0.0,0.005470085470085471,1.0,,,,,,,,,,-2.5,53.0,0.5484825512891442,6.0,-2.5,53.0,0.5484825512891442,6.0,,,,,0.0,0.0,0.0,1.0,2026-10-04T15:22:29.487688+00:00,2026-10-04T15:22:29.487688+00:00,hourly_market_snapshots,ActionNetwork book 15 | ActionNetwork book 30 | ActionNetwork book 69 | ActionNetwork book 71 | ActionNetwork book 75 | primary,0.9665413147757626,0.8053261365536347,2.675003336042276,-102.0,-115.0,LEAN,spread,Kansas State,ActionNetwork book 68,,0.11936216646501208,0.08,0.5652224800961942,-102.0,,-2.5,2.675003336042276,1.0
401858255,2026,6,2026-10-10T19:30:00.000Z,Duke,Georgia Tech,30,26,30.185667279546536,25.740711969937138,-4.444955309609401,55.926379249483674,4.444955309609401,55.926379249483674,Duke,0.5507246376811594,55,0.4492753623188406,0.5507246376811594,DraftKings,True,-290.0,235.0,Duke,-290.0,,-19.28651059085842,-0.25937031484257866,-123,0.7135512302607419,Georgia Tech,14.34113376020964,0.5050724637681159,7.0,Georgia Tech,7.0,LEAN,2.5550446903905986,0.562322095922875,49.5,O,56,BET,6.426379249483674,0.6494112189647969,-5.311137572978932,55.7220031135642,-121.80803519807068,-7.711137572978929,10.84786042699264,7.0,DraftKings | ActionNetwork book 15 | ActionNetwork book 30 | ActionNetwork book 68 | ActionNetwork book 69 | ActionNetwork book 71 | ActionNetwork book 75,action_network | espn_core,"[{""away_ml"":-275.0,""away_spread_price"":-114.0,""home_ml"":215.0,""home_spread"":7.0,""home_spread_price"":-107.0,""last_update"":null,""market_total"":50.5,""over_price"":-110.0,""provider"":""ActionNetwork book 15"",""source"":""action_network"",""under_price"":-110.0},{""away_ml"":-205.0,""away_spread_price"":-110.0,""home_ml"":168.0,""home_spread"":5.5,""home_spread_price"":-110.0,""last_update"":null,""market_total"":50.5,""over_price"":-115.0,""provider"":""ActionNetwork book 30"",""source"":""action_network"",""under_price"":-105.0},{""away_ml"":-290.0,""away_spread_price"":-110.0,""home_ml"":235.0,""home_spread"":7.0,""home_spread_price"":-110.0,""last_update"":null,""market_total"":50.5,""over_price"":-110.0,""provider"":""ActionNetwork book 68"",""source"":""action_network"",""under_price"":-110.0},{""away_ml"":-260.0,""away_spread_price"":-122.0,""home_ml"":210.0,""home_spread"":6.5,""home_spread_price"":-100.0,""last_update"":null,""market_total"":49.5,""over_price"":-114.0,""provider"":""ActionNetwork book 69"",""source"":""action_network"",""under_price"":-106.0},{""away_ml"":-278.0,""away_spread_price"":-109.0,""home_ml"":215.0,""home_spread"":7.0,""home_spread_price"":-113.0,""last_update"":null,""market_total"":50.5,""over_price"":-112.0,""provider"":""ActionNetwork book 71"",""source"":""action_network"",""under_price"":-112.0},{""away_ml"":-275.0,""away_spread_price"":-110.0,""home_ml"":220.0,""home_spread"":7.0,""home_spread_price"":-108.0,""last_update"":null,""market_total"":50.5,""over_price"":-108.0,""provider"":""ActionNetwork book 75"",""source"":""action_network"",""under_price"":-110.0},{""away_ml"":-290.0,""away_spread_price"":null,""home_ml"":235.0,""home_spread"":7.0,""home_spread_price"":null,""last_update"":null,""market_total"":50.5,""over_price"":null,""provider"":""DraftKings"",""source"":""espn_core"",""under_price"":null}]",7.0,50.5,0.5248906591678238,0.3499271061118826,1.5,1.0,7.0,-5.5,-107.0,-110.0,ActionNetwork book 15,ActionNetwork book 30,49.5,50.5,-114.0,-105.0,ActionNetwork book 69,ActionNetwork book 30,235.0,-205.0,DraftKings,ActionNetwork book 30,0.3058640247167442,0.022224465572664387,7.0,0.8444171209458007,,,,,,,0.0,0.0,0.0,0.0,,,108.0,101.0,5.0,6.0,0.0,0.0,0.0,0.0,0.0,0.0,13.708333333333334,20.979166666666668,-7.270833333333334,344.94969626272075,False,279.300415,176.2975998,69.3,42.0,0.0,3.0,11.5,30.2,0.030619047619047615,0.0,0.006429999999999999,1.0,,6.5,50.5,205.0,-250.0,6.5,50.5,205.0,-250.0,6.5,50.5,0.3194602626233014,7.0,6.5,50.5,0.3194602626233014,7.0,0.5,0.0,-0.02936138977244923,0.02930402930402931,0.0,0.0,0.0,1.0,2026-10-04T15:22:29.487688+00:00,2026-10-04T15:22:29.487688+00:00,hourly_market_snapshots,DraftKings | ActionNetwork book 15 | ActionNetwork book 30 | ActionNetwork book 68 | ActionNetwork book 69 | ActionNetwork book 71 | ActionNetwork book 75,0.9579926226553662,0.8008743386110192,5.426379249483674,-107.0,-114.0,STRONG,total,O,ActionNetwork book 69,,0.2190701829690047,0.1,0.6494112189647969,-114.0,,49.5,6.426379249483674,0.65
401858257,2026,6,2026-10-10T19:30:00.000Z,Stanford,Notre Dame,10,46,9.561274897638626,45.6689660579175,36.107691160278875,55.23024095555613,-36.107691160278875,55.23024095555613,Notre Dame,0.99,99,0.99,0.99,DraftKings,True,,,Notre Dame,,,,,-9900,,,,,-36.5,Stanford,36.5,,0.3923088397211245,0.5088959007532668,55.5,U,55,,0.2697590444438731,0.5064258154547562,30.353202839738557,55.19759928810113,259.28847207237413,27.95320283973856,21.01266899539053,7.0,DraftKings | ActionNetwork book 15 | ActionNetwork book 30 | ActionNetwork book 68 | ActionNetwork book 69 | ActionNetwork book 71 | ActionNetwork book 75,action_network | espn_core,"[{""away_ml"":null,""away_spread_price"":-108.0,""home_ml"":null,""home_spread"":-36.5,""home_spread_price"":-115.0,""last_update"":null,""market_total"":55.5,""over_price"":-105.0,""provider"":""ActionNetwork book 15"",""source"":""action_network"",""under_price"":-110.0},{""away_ml"":null,""away_spread_price"":-110.0,""home_ml"":null,""home_spread"":-35.5,""home_spread_price"":-110.0,""last_update"":null,""market_total"":55.5,""over_price"":-110.0,""provider"":""ActionNetwork book 30"",""source"":""action_network"",""under_price"":-110.0},{""away_ml"":null,""away_spread_price"":-110.0,""home_ml"":null,""home_spread"":-36.5,""home_spread_price"":-110.0,""last_update"":null,""market_total"":55.5,""over_price"":-110.0,""provider"":""ActionNetwork book 68"",""source"":""action_network"",""under_price"":-110.0},{""away_ml"":6500.0,""away_spread_price"":-105.0,""home_ml"":null,""home_spread"":-36.5,""home_spread_price"":-115.0,""last_update"":null,""market_total"":54.5,""over_price"":-114.0,""provider"":""ActionNetwork book 69"",""source"":""action_network"",""under_price"":-106.0},{""away_ml"":null,""away_spread_price"":-110.0,""home_ml"":null,""home_spread"":-36.0,""home_spread_price"":-113.0,""last_update"":null,""market_total"":55.5,""over_price"":-112.0,""provider"":""ActionNetwork book 71"",""source"":""action_network"",""under_price"":-112.0},{""away_ml"":8000.0,""away_spread_price"":-108.0,""home_ml"":null,""home_spread"":-36.5,""home_spread_price"":-110.0,""last_update"":null,""market_total"":55.5,""over_price"":-105.0,""provider"":""ActionNetwork book 75"",""source"":""action_network"",""under_price"":-112.0},{""away_ml"":null,""away_spread_price"":null,""home_ml"":null,""home_spread"":-36.5,""home_spread_price"":null,""last_update"":null,""market_total"":55.5,""over_price"":null,""provider"":""DraftKings"",""source"":""espn_core"",""under_price"":null}]",-36.5,55.5,0.3642156795423418,0.3499271061118826,1.0,1.0,-35.5,36.5,-110.0,-105.0,ActionNetwork book 30,ActionNetwork book 69,54.5,55.5,-114.0,-110.0,ActionNetwork book 69,ActionNetwork book 15,,8000.0,,ActionNetwork book 75,,,0.0,0.9158013793952835,,,,,,,0.0,0.0,0.0,0.0,,,111.0,112.0,4.0,6.0,0.0,0.0,0.0,0.0,0.0,0.0,7.145833333333333,7.145833333333333,0.0,1921.9555241083344,False,222.645401,204.26114464,72.3,0.0,0.0,2.0,11.3,13.6,0.0,0.5,0.075,1.0,,-36.5,55.5,,,-36.5,55.5,,,-36.5,55.5,,7.0,-36.5,55.5,,7.0,0.0,0.0,,,0.0,0.0,,1.0,2026-10-04T15:22:29.487688+00:00,2026-10-04T15:22:29.487688+00:00,hourly_market_snapshots,DraftKings | ActionNetwork book 15 | ActionNetwork book 30 | ActionNetwork book 68 | ActionNetwork book 69 | ActionNetwork book 71 | ActionNetwork book 75,0.9772663724367265,0.6166118403618558,0.3923088397211245,-105.0,-110.0,PASS,,,,,0.0,0.0,,,,,,
401858259,2026,6,2026-10-10T19:30:00.000Z,Virginia Tech,California,30,25,30.108060092231348,25.340092803015473,-4.767967289215878,55.44815289524682,4.767967289215878,55.44815289524682,Virginia Tech,0.5507246376811594,55,0.4492753623188406,0.5507246376811594,DraftKings,True,-455.0,370.0,Virginia Tech,-455.0,,-26.909518213866036,-0.32823698041089344,-123,0.7867435158501441,California,23.745703081108136,1.1115942028985508,10.5,California,11.5,BET,6.732032710784122,0.6603039124318248,49.5,O,55,LEAN,5.948152895246821,0.6387709629191477,-3.4134715726555633,55.959267709437924,-24.252091774135124,-5.8134715726555655,9.94896082506381,7.0,DraftKings | ActionNetwork book 15 | ActionNetwork book 30 | ActionNetwork book 68 | ActionNetwork book 69 | ActionNetwork book 71 | ActionNetwork book 75,action_network | espn_core,"[{""away_ml"":-452.0,""away_spread_price"":-112.0,""home_ml"":345.0,""home_spread"":10.5,""home_spread_price"":-110.0,""last_update"":null,""market_total"":52.5,""over_price"":-108.0,""provider"":""ActionNetwork book 15"",""source"":""action_network"",""under_price"":-110.0},{""away_ml"":-480.0,""away_spread_price"":-110.0,""home_ml"":360.0,""home_spread"":11.5,""home_spread_price"":-110.0,""last_update"":null,""market_total"":49.5,""over_price"":-110.0,""provider"":""ActionNetwork book 30"",""source"":""action_network"",""under_price"":-110.0},{""away_ml"":-455.0,""away_spread_price"":-115.0,""home_ml"":350.0,""home_spread"":10.5,""home_spread_price"":-105.0,""last_update"":null,""market_total"":52.5,""over_price"":-110.0,""provider"":""ActionNetwork book 68"",""source"":""action_network"",""under_price"":-110.0},{""away_ml"":-450.0,""away_spread_price"":-110.0,""home_ml"":340.0,""home_spread"":10.5,""home_spread_price"":-110.0,""last_update"":null,""market_total"":52.5,""over_price"":-110.0,""provider"":""ActionNetwork book 69"",""source"":""action_network"",""under_price"":-110.0},{""away_ml"":-530.0,""away_spread_price"":-110.0,""home_ml"":370.0,""home_spread"":11.5,""home_spread_price"":-113.0,""last_update"":null,""market_total"":51.5,""over_price"":-114.0,""provider"":""ActionNetwork book 71"",""source"":""action_network"",""under_price"":-109.0},{""away_ml"":-450.0,""away_spread_price"":-110.0,""home_ml"":350.0,""home_spread"":10.5,""home_spread_price"":-108.0,""last_update"":null,""market_total"":52.5,""over_price"":-108.0,""provider"":""ActionNetwork book 75"",""source"":""action_network"",""under_price"":-110.0},{""away_ml"":-455.0,""away_spread_price"":null,""home_ml"":350.0,""home_spread"":10.5,""home_spread_price"":null,""last_update"":null,""market_total"":52.5,""over_price"":null,""provider"":""DraftKings"",""source"":""espn_core"",""under_price"":null}]",10.5,52.5,0.45175395145262565,1.049781318335648,1.0,3.0,11.5,-10.5,-110.0,-110.0,ActionNetwork book 30,ActionNetwork book 69,49.5,52.5,-110.0,-110.0,ActionNetwork book 30,ActionNetwork book 15,370.0,-450.0,ActionNetwork book 71,ActionNetwork book 69,0.21181833150775922,0.0048440684054032335,7.0,0.8282623572962549,,,,,,,0.0,0.0,0.0,0.0,,,113.0,120.0,6.0,4.0,0.017699115044247787,0.0,0.004424778761061947,0.0,-0.004424778761061947,0.004424778761061947,7.0,7.854166666666667,-0.854166666666667,2272.5900625099594,False,125.3108063,-506.9523163,67.4,1.0,0.0,2.0,8.9,10.1,0.0,0.5,0.07783185840707964,1.0,,10.5,52.5,350.0,-455.0,10.5,52.5,350.0,-455.0,11.0,52.5,0.2092735262174543,7.0,11.0,52.5,0.2092735262174543,7.0,0.0,0.0,0.0,0.0,0.0,0.0,0.0,1.0,2026-10-04T15:22:29.487688+00:00,2026-10-04T15:22:29.487688+00:00,hourly_market_snapshots,DraftKings | ActionNetwork book 15 | ActionNetwork book 30 | ActionNetwork book 68 | ActionNetwork book 69 | ActionNetwork book 71 | ActionNetwork book 75,0.9536308364699888,0.7818135663483862,5.732032710784122,-110.0,-110.0,STRONG,spread,California,ActionNetwork book 30,,0.2605801964607565,0.18,0.6603039124318248,-110.0,,11.5,6.732032710784122,1.0
401858480,2026,6,2026-10-10T19:30:00.000Z,Illinois,Michigan State,24,25,23.505479287259682,24.785978933839964,1.280499646580278,48.291458221099646,-1.280499646580278,48.291458221099646,Michigan State,0.5909090909090909,59,0.5909090909090909,0.5909090909090909,DraftKings,True,-162.0,138.0,Michigan State,136.0,STRONG,16.718027734976893,0.39454545454545464,-144,0.4066302458405761,Michigan State,17.21552080511277,0.40636363636363637,3.0,Michigan State,3.5,BET,4.780499646580278,0.6154239846998005,51.5,U,48,,3.2085417789003543,0.5789670615370768,0.4720223171457363,48.42549176388713,-78.08628730323153,-1.9279776828542623,16.592596350855658,7.0,DraftKings | ActionNetwork book 15 | ActionNetwork book 30 | ActionNetwork book 68 | ActionNetwork book 69 | ActionNetwork book 71 | ActionNetwork book 75,action_network | espn_core,"[{""away_ml"":-163.0,""away_spread_price"":-113.0,""home_ml"":128.0,""home_spread"":3.0,""home_spread_price"":-107.0,""last_update"":null,""market_total"":50.5,""over_price"":-110.0,""provider"":""ActionNetwork book 15"",""source"":""action_network"",""under_price"":-110.0},{""away_ml"":-125.0,""away_spread_price"":-115.0,""home_ml"":104.0,""home_spread"":1.5,""home_spread_price"":-105.0,""last_update"":null,""market_total"":51.5,""over_price"":-106.0,""provider"":""ActionNetwork book 30"",""source"":""action_network"",""under_price"":-114.0},{""away_ml"":-162.0,""away_spread_price"":-115.0,""home_ml"":136.0,""home_spread"":3.0,""home_spread_price"":-105.0,""last_update"":null,""market_total"":50.5,""over_price"":-110.0,""provider"":""ActionNetwork book 68"",""source"":""action_network"",""under_price"":-110.0},{""away_ml"":-152.0,""away_spread_price"":-100.0,""home_ml"":126.0,""home_spread"":3.5,""home_spread_price"":-122.0,""last_update"":null,""market_total"":50.5,""over_price"":-110.0,""provider"":""ActionNetwork book 69"",""source"":""action_network"",""under_price"":-110.0},{""away_ml"":-175.0,""away_spread_price"":-110.0,""home_ml"":138.0,""home_spread"":3.5,""home_spread_price"":-113.0,""last_update"":null,""market_total"":50.5,""over_price"":-113.0,""provider"":""ActionNetwork book 71"",""source"":""action_network"",""under_price"":-108.0},{""away_ml"":-160.0,""away_spread_price"":-112.0,""home_ml"":130.0,""home_spread"":3.0,""home_spread_price"":-105.0,""last_update"":null,""market_total"":50.5,""over_price"":-108.0,""provider"":""ActionNetwork book 75"",""source"":""action_network"",""under_price"":-110.0},{""away_ml"":-162.0,""away_spread_price"":null,""home_ml"":136.0,""home_spread"":3.0,""home_spread_price"":null,""last_update"":null,""market_total"":50.5,""over_price"":null,""provider"":""DraftKings"",""source"":""espn_core"",""under_price"":null}]",3.0,50.5,0.6226998490772392,0.3499271061118826,2.0,1.0,3.5,-1.5,-113.0,-115.0,ActionNetwork book 71,ActionNetwork book 30,50.5,51.5,-108.0,-114.0,ActionNetwork book 75,ActionNetwork book 30,138.0,-125.0,ActionNetwork book 71,ActionNetwork book 30,0.4187538828579632,0.02170647873779131,7.0,0.833077902020971,,,,,,,0.0,0.0,0.0,0.0,,,111.0,116.0,5.0,4.0,0.018018018018018018,0.0,0.0045045045045045045,0.0,-0.0045045045045045045,0.0045045045045045045,7.125,6.96875,0.15625,265.9750649683353,False,254.8794861,31.6323242,67.0,0.0,0.0,1.0,11.4,13.0,0.0,0.0,0.002882882882882883,1.0,,3.0,50.5,136.0,-162.0,3.0,50.5,136.0,-162.0,3.5,50.5,0.4139579350477159,7.0,3.5,50.5,0.4139579350477159,7.0,0.0,0.0,0.0,0.0,0.0,0.0,0.0,1.0,2026-10-04T15:22:29.487688+00:00,2026-10-04T15:22:29.487688+00:00,hourly_market_snapshots,DraftKings | ActionNetwork book 15 | ActionNetwork book 30 | ActionNetwork book 68 | ActionNetwork book 69 | ActionNetwork book 71 | ActionNetwork book 75,0.9549310335456621,0.7076604382118797,4.280499646580278,-113.0,-114.0,STRONG,moneyline,Michigan State,ActionNetwork book 71,,0.40636363636363637,0.17,0.5909090909090909,138.0,,138.0,17.21552080511277,1.0
401858484,2026,6,2026-10-10T19:30:00.000Z,UCLA,Oregon,24,35,24.112597020950645,34.95534453465495,10.8427475137043,59.06794155560559,-10.8427475137043,59.06794155560559,Oregon,0.7922077922077922,79,0.7922077922077922,0.7922077922077922,DraftKings,True,340.0,-440.0,Oregon,-440.0,,-2.260702260702252,-0.027744982290436787,-381,0.7819063004846527,Oregon,0.3125691834255373,-0.027744982290436787,-11.5,UCLA,12.5,,1.6572524862957003,0.5405192614482957,61.5,U,59,,2.432058444394407,0.5577325372813002,7.0373221958573,60.70103950012971,140.7979915003873,4.637322195857299,18.454340998748798,7.0,DraftKings | ActionNetwork book 15 | ActionNetwork book 30 | ActionNetwork book 68 | ActionNetwork book 69 | ActionNetwork book 71 | ActionNetwork book 75,action_network | espn_core,"[{""away_ml"":350.0,""away_spread_price"":-110.0,""home_ml"":-475.0,""home_spread"":-11.5,""home_spread_price"":-110.0,""last_update"":null,""market_total"":61.5,""over_price"":-105.0,""provider"":""ActionNetwork book 15"",""source"":""action_network"",""under_price"":-115.0},{""away_ml"":400.0,""away_spread_price"":-102.0,""home_ml"":-550.0,""home_spread"":-12.5,""home_spread_price"":-120.0,""last_update"":null,""market_total"":58.5,""over_price"":-114.0,""provider"":""ActionNetwork book 30"",""source"":""action_network"",""under_price"":-106.0},{""away_ml"":340.0,""away_spread_price"":-110.0,""home_ml"":-440.0,""home_spread"":-11.5,""home_spread_price"":-110.0,""last_update"":null,""market_total"":60.5,""over_price"":-115.0,""provider"":""ActionNetwork book 68"",""source"":""action_network"",""under_price"":-105.0},{""away_ml"":360.0,""away_spread_price"":-110.0,""home_ml"":-480.0,""home_spread"":-11.5,""home_spread_price"":-110.0,""last_update"":null,""market_total"":61.5,""over_price"":-105.0,""provider"":""ActionNetwork book 69"",""source"":""action_network"",""under_price"":-115.0},{""away_ml"":340.0,""away_spread_price"":-110.0,""home_ml"":-480.0,""home_spread"":-12.0,""home_spread_price"":-113.0,""last_update"":null,""market_total"":61.5,""over_price"":-108.0,""provider"":""ActionNetwork book 71"",""source"":""action_network"",""under_price"":-115.0},{""away_ml"":350.0,""away_spread_price"":-110.0,""home_ml"":-450.0,""home_spread"":-11.5,""home_spread_price"":-108.0,""last_update"":null,""market_total"":61.5,""over_price"":-102.0,""provider"":""ActionNetwork book 75"",""source"":""action_network"",""under_price"":-118.0},{""away_ml"":340.0,""away_spread_price"":null,""home_ml"":-440.0,""home_spread"":-11.5,""home_spread_price"":null,""last_update"":null,""market_total"":60.5,""over_price"":null,""provider"":""DraftKings"",""source"":""espn_core"",""under_price"":null}]",-11.5,61.5,0.36421567954234174,1.0301575072754254,1.0,3.0,-11.5,12.5,-108.0,-102.0,ActionNetwork book 75,ActionNetwork book 30,58.5,61.5,-114.0,-115.0,ActionNetwork book 30,ActionNetwork book 15,-440.0,400.0,DraftKings,ActionNetwork book 30,0.7890821003735369,0.008700369077584189,7.0,0.8327314429976178,,,,,,,0.0,0.0,0.0,0.0,,,113.0,120.0,6.0,5.0,0.0,0.0,0.0,0.0,0.0,0.0,13.833333333333334,14.083333333333334,-0.25,732.19286273498,False,127.4198303,-117.75741579999999,59.2,2.0,0.003937007874015749,51.0,5.7,8.9,0.0,0.0,0.0,1.0,,-11.5,60.5,-440.0,340.0,-11.5,60.5,-440.0,340.0,-11.5,60.5,0.7890821003735369,7.0,-11.5,60.5,0.7890821003735369,7.0,0.0,0.0,0.0,0.0,0.0,0.0,0.0,1.0,2026-10-04T15:22:29.487688+00:00,2026-10-04T15:22:29.487688+00:00,hourly_market_snapshots,DraftKings | ActionNetwork book 15 | ActionNetwork book 30 | ActionNetwork book 68 | ActionNetwork book 69 | ActionNetwork book 71 | ActionNetwork book 75,0.9548374896093568,0.6783553530983775,2.432058444394407,-102.0,-115.0,PASS,,,,,0.0,0.0,,,,,,
401862796,2026,6,2026-10-10T19:30:00.000Z,Charlotte,North Texas,19,44,18.799581435072792,44.218760586153735,25.41917915108094,63.01834202122652,-25.41917915108094,63.01834202122652,North Texas,0.9523809523809523,95,0.9523809523809523,0.9523809523809523,DraftKings,True,1800.0,-4500.0,North Texas,-5000.0,,-2.801120448179273,-0.028571428571428626,-2000,0.949050949050949,North Texas,0.4027320031992798,-0.02645502645502651,-24.5,North Texas,-23.5,,1.9191791510809395,0.543436273808965,62.5,O,63,,0.5183420212265233,0.511888654893464,22.607893723892975,64.13046940078364,230.2610983895372,20.20789372389298,18.274544990002425,4.0,DraftKings | ActionNetwork book 15 | ActionNetwork book 30 | ActionNetwork book 68,action_network | espn_core,"[{""away_ml"":1800.0,""away_spread_price"":-118.0,""home_ml"":-5000.0,""home_spread"":-24.5,""home_spread_price"":-102.0,""last_update"":null,""market_total"":62.5,""over_price"":-110.0,""provider"":""ActionNetwork book 15"",""source"":""action_network"",""under_price"":-110.0},{""away_ml"":1700.0,""away_spread_price"":-110.0,""home_ml"":-4500.0,""home_spread"":-23.5,""home_spread_price"":-110.0,""last_update"":null,""market_total"":62.5,""over_price"":-110.0,""provider"":""ActionNetwork book 30"",""source"":""action_network"",""under_price"":-110.0},{""away_ml"":1800.0,""away_spread_price"":-118.0,""home_ml"":-5000.0,""home_spread"":-24.5,""home_spread_price"":-102.0,""last_update"":null,""market_total"":62.5,""over_price"":-110.0,""provider"":""ActionNetwork book 68"",""source"":""action_network"",""under_price"":-110.0},{""away_ml"":1800.0,""away_spread_price"":null,""home_ml"":-5000.0,""home_spread"":-24.5,""home_spread_price"":null,""last_update"":null,""market_total"":62.5,""over_price"":null,""provider"":""DraftKings"",""source"":""espn_core"",""under_price"":null}]",-24.5,62.5,0.4330127018922193,0.0,1.0,0.0,-23.5,24.5,-110.0,-118.0,ActionNetwork book 30,ActionNetwork book 15,62.5,62.5,-110.0,-110.0,ActionNetwork book 15,ActionNetwork book 15,-4500.0,1800.0,ActionNetwork book 30,DraftKings,0.9483536323489595,0.0012077879568122719,4.0,0.9365417974773309,,,,,,,0.0,0.0,0.0,0.0,,,104.0,112.0,4.0,5.0,0.0,0.0,0.0,0.0,0.0,0.0,8.770833333333334,7.1875,1.583333333333334,947.7423375406391,False,198.6871948,8.321685799999983,71.9,5.0,0.003937007874015749,51.0,4.9,9.4,0.0,0.0671556079730178,0.010073341195952669,1.0,,,,,,,,,,,,,1.0,,,,1.0,,,,,,,,1.0,2026-10-04T15:22:29.487688+00:00,2026-10-04T15:22:29.487688+00:00,hourly_market_snapshots,primary,0.9828662853188793,0.6862392311029636,0.9191791510809395,-110.0,-110.0,PASS,,,,,0.0,0.0,,,,,,
401862799,2026,6,2026-10-10T19:30:00.000Z,Tulsa,Navy,22,28,21.759402525816274,28.270237919701326,6.510835393885055,50.0296404455176,-6.510835393885055,50.0296404455176,Navy,0.6081632653061224,61,0.6081632653061224,0.6081632653061224,DraftKings,True,136.0,-143.0,Navy,-162.0,,-1.0157345380900518,-0.016427311665407007,-155,0.593369754159424,Navy,2.375350933750209,0.033452262023690504,-3.0,Navy,-2.5,LEAN,4.010835393885055,0.5972490868062578,54.5,U,50,,4.4703595544824,0.609344524201865,8.325320777287647,49.53321507295375,118.7859032818294,5.925320777287648,11.38598593358091,7.0,DraftKings | ActionNetwork book 15 | ActionNetwork book 30 | ActionNetwork book 68 | ActionNetwork book 69 | ActionNetwork book 71 | ActionNetwork book 75,action_network | espn_core,"[{""away_ml"":122.0,""away_spread_price"":-110.0,""home_ml"":-150.0,""home_spread"":-3.0,""home_spread_price"":-111.0,""last_update"":null,""market_total"":53.5,""over_price"":-109.0,""provider"":""ActionNetwork book 15"",""source"":""action_network"",""under_price"":-110.0},{""away_ml"":158.0,""away_spread_price"":-110.0,""home_ml"":-192.0,""home_spread"":-4.5,""home_spread_price"":-110.0,""last_update"":null,""market_total"":53.5,""over_price"":-110.0,""provider"":""ActionNetwork book 30"",""source"":""action_network"",""under_price"":-110.0},{""away_ml"":136.0,""away_spread_price"":-110.0,""home_ml"":-162.0,""home_spread"":-3.0,""home_spread_price"":-110.0,""last_update"":null,""market_total"":52.5,""over_price"":-110.0,""provider"":""ActionNetwork book 68"",""source"":""action_network"",""under_price"":-110.0},{""away_ml"":122.0,""away_spread_price"":-100.0,""home_ml"":-146.0,""home_spread"":-2.5,""home_spread_price"":-122.0,""last_update"":null,""market_total"":53.5,""over_price"":-110.0,""provider"":""ActionNetwork book 69"",""source"":""action_network"",""under_price"":-110.0},{""away_ml"":117.0,""away_spread_price"":-110.0,""home_ml"":-143.0,""home_spread"":-2.5,""home_spread_price"":-112.0,""last_update"":null,""market_total"":54.5,""over_price"":-108.0,""provider"":""ActionNetwork book 71"",""source"":""action_network"",""under_price"":-114.0},{""away_ml"":125.0,""away_spread_price"":-110.0,""home_ml"":-150.0,""home_spread"":-3.0,""home_spread_price"":-108.0,""last_update"":null,""market_total"":53.5,""over_price"":-108.0,""provider"":""ActionNetwork book 75"",""source"":""action_network"",""under_price"":-110.0},{""away_ml"":136.0,""away_spread_price"":null,""home_ml"":-162.0,""home_spread"":-3.0,""home_spread_price"":null,""last_update"":null,""market_total"":52.5,""over_price"":null,""provider"":""DraftKings"",""source"":""espn_core"",""under_price"":null}]",-3.0,53.5,0.6226998490772392,0.6388765649999399,2.0,2.0,-2.5,4.5,-112.0,-110.0,ActionNetwork book 71,ActionNetwork book 30,52.5,54.5,-110.0,-114.0,ActionNetwork book 68,ActionNetwork book 71,-143.0,158.0,ActionNetwork book 71,ActionNetwork book 30,0.5844097559686203,0.021527904705130586,7.0,0.8085147617698416,,,,,,,0.0,0.0,0.0,0.0,,,194.0,112.0,9.0,7.0,0.020618556701030927,0.0,0.005154639175257732,0.0,-0.005154639175257732,0.005154639175257732,7.145833333333333,8.770833333333334,-1.6250000000000009,1080.1553362763298,False,10.74990082,-224.84293368000002,69.7,0.0,0.0,3.0,5.3,7.4,0.0,0.127343334671059,0.022400469272823798,1.0,,,,,,,,,,-3.0,53.5,0.5780741103714764,6.0,-3.0,53.5,0.5780741103714764,6.0,,,,,0.0,0.0,0.0,1.0,2026-10-04T15:22:29.487688+00:00,2026-10-04T15:22:29.487688+00:00,hourly_market_snapshots,ActionNetwork book 15 | ActionNetwork book 30 | ActionNetwork book 69 | ActionNetwork book 71 | ActionNetwork book 75 | primary,0.9482989856778572,0.781633069771956,3.5108353938850554,-112.0,-114.0,BET,total,U,ActionNetwork book 71,,0.14385726472981675,0.1,0.609344524201865,-114.0,,54.5,4.4703595544824,1.0
401866435,2026,6,2026-10-10T19:30:00.000Z,Eastern Michigan,Akron,27,26,27.410224184940464,25.967087493574486,-1.443136691365976,53.37731167851495,1.443136691365976,53.37731167851495,Eastern Michigan,0.5507246376811594,55,0.4492753623188406,0.5507246376811594,DraftKings,True,-205.0,170.0,Eastern Michigan,-205.0,,-12.140650985982415,-0.1806291975963238,-123,0.644729178800233,Akron,6.327538522553228,0.21304347826086956,3.5,Akron,5.5,LEAN,4.056863308634024,0.5983423517807579,50.5,O,53,LEAN,2.8773116785149497,0.5682064578829394,-4.282058438459643,53.26061339658039,-62.41012013619934,-6.682058438459643,20.327492276692368,4.0,DraftKings | ActionNetwork book 15 | ActionNetwork book 30 | ActionNetwork book 68,action_network | espn_core,"[{""away_ml"":-170.0,""away_spread_price"":-110.0,""home_ml"":142.0,""home_spread"":3.5,""home_spread_price"":-110.0,""last_update"":null,""market_total"":50.5,""over_price"":-110.0,""provider"":""ActionNetwork book 15"",""source"":""action_network"",""under_price"":-110.0},{""away_ml"":-170.0,""away_spread_price"":-110.0,""home_ml"":142.0,""home_spread"":3.5,""home_spread_price"":-110.0,""last_update"":null,""market_total"":50.5,""over_price"":-110.0,""provider"":""ActionNetwork book 30"",""source"":""action_network"",""under_price"":-110.0},{""away_ml"":-170.0,""away_spread_price"":-110.0,""home_ml"":142.0,""home_spread"":3.5,""home_spread_price"":-110.0,""last_update"":null,""market_total"":50.5,""over_price"":-110.0,""provider"":""ActionNetwork book 68"",""source"":""action_network"",""under_price"":-110.0},{""away_ml"":-205.0,""away_spread_price"":null,""home_ml"":170.0,""home_spread"":5.5,""home_spread_price"":null,""last_update"":null,""market_total"":50.5,""over_price"":null,""provider"":""DraftKings"",""source"":""espn_core"",""under_price"":null}]",3.5,50.5,0.8660254037844386,0.0,2.0,0.0,5.5,-3.5,,-110.0,DraftKings,ActionNetwork book 15,50.5,50.5,-110.0,-110.0,ActionNetwork book 15,ActionNetwork book 15,170.0,-170.0,DraftKings,ActionNetwork book 15,0.3859999770933083,0.01774148642710604,4.0,0.8397803296837832,,,,,,,0.0,0.0,0.0,0.0,,,105.0,113.0,5.0,5.0,0.0,0.0,0.0,0.0,0.0,0.0,7.0,7.0,0.0,137.3847465005266,False,321.2875061,80.03874209999998,70.2,0.0,0.0,1.0,5.9,5.6,0.0,0.0,0.0,1.0,,3.5,50.5,142.0,-170.0,3.5,50.5,142.0,-170.0,3.5,50.5,0.3962430290578221,4.0,3.5,50.5,0.3962430290578221,4.0,0.0,0.0,-0.04285277012549743,0.042501517911353925,0.0,0.0,0.0,1.0,2026-10-04T15:22:29.487688+00:00,2026-10-04T15:22:29.487688+00:00,hourly_market_snapshots,DraftKings | ActionNetwork book 15 | ActionNetwork book 30 | ActionNetwork book 68,0.9567406890146215,0.6483369219363343,2.8773116785149497,-110.0,-110.0,PASS,total,O,ActionNetwork book 15,,0.0847577832310662,0.0,0.5682064578829394,-110.0,,50.5,2.8773116785149497,0.65
401866437,2026,6,2026-10-10T19:30:00.000Z,Buffalo,Toledo,19,37,19.45188043866365,36.71910295257031,17.267222513906656,56.17098339123396,-17.267222513906656,56.17098339123396,Toledo,0.9054054054054054,91,0.9054054054054054,0.9054054054054054,DraftKings,True,850.0,-1300.0,Toledo,-1450.0,,-3.007846556233651,-0.03215284249767012,-957,0.8988580750407831,Toledo,1.068340077608887,-0.024948024948024977,-19.5,Buffalo,19.5,LEAN,2.232777486093344,0.5545140825991763,54.5,O,56,,1.6709833912339604,0.5397395566333327,13.035625828736379,56.33221816673491,121.94968261661802,10.635625828736378,14.779223091559754,5.0,DraftKings | ActionNetwork book 15 | ActionNetwork book 30 | ActionNetwork book 68 | ActionNetwork book 69,action_network | espn_core,"[{""away_ml"":803.0,""away_spread_price"":-110.0,""home_ml"":-1371.0,""home_spread"":-19.5,""home_spread_price"":-110.0,""last_update"":null,""market_total"":55.0,""over_price"":-108.0,""provider"":""ActionNetwork book 15"",""source"":""action_network"",""under_price"":-111.0},{""away_ml"":800.0,""away_spread_price"":-110.0,""home_ml"":-1350.0,""home_spread"":-19.5,""home_spread_price"":-110.0,""last_update"":null,""market_total"":55.5,""over_price"":-102.0,""provider"":""ActionNetwork book 30"",""source"":""action_network"",""under_price"":-118.0},{""away_ml"":850.0,""away_spread_price"":-110.0,""home_ml"":-1450.0,""home_spread"":-19.5,""home_spread_price"":-110.0,""last_update"":null,""market_total"":55.5,""over_price"":-102.0,""provider"":""ActionNetwork book 68"",""source"":""action_network"",""under_price"":-118.0},{""away_ml"":760.0,""away_spread_price"":-110.0,""home_ml"":-1300.0,""home_spread"":-17.5,""home_spread_price"":-110.0,""last_update"":null,""market_total"":54.5,""over_price"":-115.0,""provider"":""ActionNetwork book 69"",""source"":""action_network"",""under_price"":-105.0},{""away_ml"":850.0,""away_spread_price"":null,""home_ml"":-1450.0,""home_spread"":-19.5,""home_spread_price"":null,""last_update"":null,""market_total"":55.5,""over_price"":null,""provider"":""DraftKings"",""source"":""espn_core"",""under_price"":null}]",-19.5,55.5,0.8,0.4,2.0,1.0,-17.5,19.5,-110.0,-110.0,ActionNetwork book 69,ActionNetwork book 15,54.5,55.5,-115.0,-118.0,ActionNetwork book 69,ActionNetwork book 30,-1300.0,850.0,ActionNetwork book 69,DraftKings,0.8947220046293165,0.0038204056887598758,5.0,0.8443379513961149,,,,,,,0.0,0.0,0.0,0.0,,,106.0,117.0,4.0,5.0,0.0,0.0,0.0,0.0,0.0,0.0,7.0625,7.104166666666667,-0.04166666666666696,263.7997302592339,False,181.4839783,-0.09199520000001371,70.8,0.0,0.0,1.0,8.7,12.3,0.0,0.0,0.0,1.0,,-19.5,55.5,-1450.0,850.0,-19.5,55.5,-1450.0,850.0,-19.5,55.5,0.8974891445158815,4.0,-19.5,55.5,0.8974891445158815,4.0,0.0,0.0,0.0,0.0,0.0,0.0,0.0,1.0,2026-10-04T15:22:29.487688+00:00,2026-10-04T15:22:29.487688+00:00,hourly_market_snapshots,DraftKings | ActionNetwork book 15 | ActionNetwork book 30 | ActionNetwork book 68,0.957971246876951,0.739425318625291,2.232777486093344,-110.0,-115.0,PASS,spread,Buffalo,ActionNetwork book 15,,0.05861779405297296,0.0,0.5545140825991763,-110.0,,19.5,2.232777486093344,1.0
401866438,2026,6,2026-10-10T19:30:00.000Z,Central Michigan,Ohio,20,29,19.683174787329435,28.67139921388972,8.988224426560283,48.354574001219156,-8.988224426560283,48.354574001219156,Ohio,0.7763157894736842,78,0.7763157894736842,0.7763157894736842,DraftKings,True,142.0,-170.0,Ohio,-170.0,STRONG,14.668615984405452,0.2329721362229102,-347,0.6037569709421778,Ohio,17.255881853150633,0.2329721362229102,-3.5,Ohio,-3.5,BET,5.488224426560283,0.6319162474814743,48.5,U,48,,0.14542599878084417,0.5036028029147531,6.651277857355854,49.30421212537816,92.35630050344957,4.251277857355854,19.33845848034033,4.0,DraftKings | ActionNetwork book 15 | ActionNetwork book 30 | ActionNetwork book 68,action_network | espn_core,"[{""away_ml"":142.0,""away_spread_price"":-110.0,""home_ml"":-170.0,""home_spread"":-3.5,""home_spread_price"":-110.0,""last_update"":null,""market_total"":48.5,""over_price"":-110.0,""provider"":""ActionNetwork book 15"",""source"":""action_network"",""under_price"":-110.0},{""away_ml"":142.0,""away_spread_price"":-110.0,""home_ml"":-170.0,""home_spread"":-3.5,""home_spread_price"":-110.0,""last_update"":null,""market_total"":48.5,""over_price"":-110.0,""provider"":""ActionNetwork book 30"",""source"":""action_network"",""under_price"":-110.0},{""away_ml"":142.0,""away_spread_price"":-110.0,""home_ml"":-170.0,""home_spread"":-3.5,""home_spread_price"":-110.0,""last_update"":null,""market_total"":48.5,""over_price"":-110.0,""provider"":""ActionNetwork book 68"",""source"":""action_network"",""under_price"":-110.0},{""away_ml"":142.0,""away_spread_price"":null,""home_ml"":-170.0,""home_spread"":-3.5,""home_spread_price"":null,""last_update"":null,""market_total"":48.5,""over_price"":null,""provider"":""DraftKings"",""source"":""espn_core"",""under_price"":null}]",-3.5,48.5,0.0,0.0,0.0,0.0,-3.5,3.5,-110.0,-110.0,ActionNetwork book 15,ActionNetwork book 15,48.5,48.5,-110.0,-110.0,ActionNetwork book 15,ActionNetwork book 15,-170.0,142.0,DraftKings,DraftKings,0.6037569709421778,0.0,4.0,1.0,,,,,,,0.0,0.0,0.0,0.0,,,117.0,109.0,5.0,6.0,0.17094017094017094,0.0,0.042735042735042736,0.0,-0.042735042735042736,0.042735042735042736,7.0,7.0,0.0,324.8763871193377,False,194.230896,-46.66987610000001,73.5,1.0,0.0,3.0,5.4,7.6,0.0,0.0,0.02735042735042735,1.0,,-3.5,48.5,-170.0,142.0,-3.5,48.5,-170.0,142.0,-3.5,48.5,0.6037569709421778,4.0,-3.5,48.5,0.6037569709421778,4.0,0.0,0.0,0.0,0.0,0.0,0.0,0.0,1.0,2026-10-04T15:22:29.487688+00:00,2026-10-04T15:22:29.487688+00:00,hourly_market_snapshots,DraftKings | ActionNetwork book 15 | ActionNetwork book 30 | ActionNetwork book 68,1.0,0.667498012069171,5.488224426560283,-110.0,-110.0,STRONG,moneyline,Ohio,DraftKings,,0.2329721362229102,0.21,0.7763157894736842,-170.0,,-170.0,17.255881853150633,1.0
401866439,2026,6,2026-10-10T19:30:00.000Z,Kent State,Western Michigan,12,33,11.629952028004144,32.70171205520545,21.071760027201307,44.331664083209596,-21.071760027201307,44.331664083209596,Western Michigan,0.9310344827586207,93,0.9310344827586207,0.9310344827586207,,False,,,Western Michigan,,,,,-1350,,,,,,,,,,,,,44,,,,15.204826153045286,44.57094714566405,143.14608614285612,12.804826153045285,19.24270096826935,1.0,primary,primary,"[{""away_ml"":null,""away_spread_price"":null,""home_ml"":null,""home_spread"":null,""home_spread_price"":null,""last_update"":null,""market_total"":null,""over_price"":null,""provider"":""primary"",""source"":""primary"",""under_price"":null}]",,,,,,,,,,,,,,,,,,,,,,,,,0.0,0.25,,,,,,,0.0,0.0,0.0,0.0,,,104.0,110.0,4.0,6.0,0.038461538461538464,0.0,0.009615384615384616,0.0,-0.009615384615384616,0.009615384615384616,7.104166666666667,7.0,0.10416666666666696,234.86600354289882,False,243.8211212,-77.54304510000003,69.4,0.0,0.0,2.0,12.9,14.5,0.0,0.0,0.006153846153846155,1.0,,,,,,,,,,,,,1.0,,,,1.0,,,,,,,,1.0,2026-10-04T15:22:29.487688+00:00,2026-10-04T15:22:29.487688+00:00,hourly_market_snapshots,primary,0.7975,0.6152985477950078,0.0,,,PASS,,,,,0.0,0.0,,,,,,
401861964,2026,6,2026-10-10T19:45:00.000Z,UConn,Temple,25,34,25.02771034509601,33.79408510526076,8.766374760164751,58.821795450356774,-8.766374760164751,58.821795450356774,Temple,0.7763157894736842,78,0.7763157894736842,0.7763157894736842,,False,,,Temple,,,,,-347,,,,,,,,,,,,,59,,,,1.1904043217914442,59.45682224400046,-68.79580573965404,-1.209595678208554,12.269235294009528,1.0,primary,primary,"[{""away_ml"":null,""away_spread_price"":null,""home_ml"":null,""home_spread"":null,""home_spread_price"":null,""last_update"":null,""market_total"":null,""over_price"":null,""provider"":""primary"",""source"":""primary"",""under_price"":null}]",,,,,,,,,,,,,,,,,,,,,,,,,0.0,0.25,,,,,,,0.0,0.0,0.0,0.0,,,115.0,115.0,6.0,5.0,0.0,0.0,0.0,0.0,0.0,0.0,6.84375,7.15625,-0.3125,185.0480955528986,False,3.198706865,-3.316908121,71.3,0.0,0.0,3.0,7.2,8.7,0.0,0.0,0.0,1.0,,,,,,,,,,,,,1.0,,,,1.0,,,,,,,,1.0,2026-10-04T15:22:29.487688+00:00,2026-10-04T15:22:29.487688+00:00,hourly_market_snapshots,primary,0.7975,0.7230216462026182,0.0,,,PASS,,,,,0.0,0.0,,,,,,
401862797,2026,6,2026-10-10T20:00:00.000Z,Rice,East Carolina,17,30,17.492290202759033,30.19494858569234,12.702658382933306,47.687238788451374,-12.702658382933306,47.687238788451374,East Carolina,0.8285714285714286,83,0.8285714285714286,0.8285714285714286,,False,,,East Carolina,,,,,-483,,,,,,,,,,,,,48,,,,11.655662041416331,48.8475040994183,135.47371746025624,9.255662041416333,16.232670277152664,1.0,primary,primary,"[{""away_ml"":null,""away_spread_price"":null,""home_ml"":null,""home_spread"":null,""home_spread_price"":null,""last_update"":null,""market_total"":null,""over_price"":null,""provider"":""primary"",""source"":""primary"",""under_price"":null}]",,,,,,,,,,,,,,,,,,,,,,,,,0.0,0.25,,,,,,,0.0,0.0,0.0,0.0,,1.6597155111805555,120.0,104.0,5.0,5.0,0.0,0.038461538461538464,0.0,0.009615384615384616,0.009615384615384616,0.009615384615384616,20.916666666666668,6.875,14.041666666666668,1123.427464381873,False,19.0564537,11.908152098999999,74.6,4.0,0.0,3.0,9.1,13.9,0.0,0.1470124838099423,0.0282057187253375,1.0,,,,,,,,,,,,,1.0,,,,1.0,,,,,,,,1.0,2026-10-04T15:22:29.487688+00:00,2026-10-04T15:22:29.487688+00:00,hourly_market_snapshots,primary,0.7975,0.6526988983609958,0.0,,,PASS,,,,,0.0,0.0,,,,,,
401856713,2026,6,2026-10-10T20:15:00.000Z,Tennessee,Arkansas,33,23,33.00076696568658,22.980729535572195,-10.020037430114385,55.981496501258775,10.020037430114385,55.981496501258775,Tennessee,0.8135593220338984,81,0.1864406779661017,0.8135593220338984,,False,,480.0,Tennessee,,,,,-436,,Arkansas,0.2876148685548502,0.08135593220338977,,Arkansas,14.5,,4.479962569885615,0.6083548249333883,50.5,O,56,,5.481496501258775,0.6282835175858295,-9.048812035198008,57.20625146698404,-157.10840238092828,-11.448812035198006,18.080644530234743,6.0,ActionNetwork book 15 | ActionNetwork book 30 | ActionNetwork book 69 | ActionNetwork book 71 | ActionNetwork book 75 | primary,action_network | primary,"[{""away_ml"":-600.0,""away_spread_price"":-110.0,""home_ml"":425.0,""home_spread"":13.5,""home_spread_price"":-110.0,""last_update"":null,""market_total"":50.5,""over_price"":-106.0,""provider"":""ActionNetwork book 15"",""source"":""action_network"",""under_price"":-114.0},{""away_ml"":-690.0,""away_spread_price"":-106.0,""home_ml"":480.0,""home_spread"":14.5,""home_spread_price"":-114.0,""last_update"":null,""market_total"":54.5,""over_price"":-110.0,""provider"":""ActionNetwork book 30"",""source"":""action_network"",""under_price"":-110.0},{""away_ml"":-580.0,""away_spread_price"":-110.0,""home_ml"":420.0,""home_spread"":13.5,""home_spread_price"":-110.0,""last_update"":null,""market_total"":50.5,""over_price"":-106.0,""provider"":""ActionNetwork book 69"",""source"":""action_network"",""under_price"":-114.0},{""away_ml"":-530.0,""away_spread_price"":-110.0,""home_ml"":360.0,""home_spread"":13.5,""home_spread_price"":-113.0,""last_update"":null,""market_total"":51.5,""over_price"":-113.0,""provider"":""ActionNetwork book 71"",""source"":""action_network"",""under_price"":-110.0},{""away_ml"":-600.0,""away_spread_price"":-108.0,""home_ml"":425.0,""home_spread"":13.5,""home_spread_price"":-110.0,""last_update"":null,""market_total"":50.5,""over_price"":-105.0,""provider"":""ActionNetwork book 75"",""source"":""action_network"",""under_price"":-112.0},{""away_ml"":null,""away_spread_price"":null,""home_ml"":null,""home_spread"":null,""home_spread_price"":null,""last_update"":null,""market_total"":null,""over_price"":null,""provider"":""primary"",""source"":""primary"",""under_price"":null}]",13.5,50.5,0.39999999999999997,1.5491933384829668,1.0,4.0,14.5,-13.5,-114.0,-108.0,ActionNetwork book 30,ActionNetwork book 75,50.5,54.5,-105.0,-110.0,ActionNetwork book 75,ActionNetwork book 30,480.0,-530.0,ActionNetwork book 30,ActionNetwork book 71,0.1835645292805532,0.012888876584466226,5.0,0.7720506974797311,,,,,,,0.0,0.0,0.0,0.0,,,121.0,112.0,5.0,4.0,0.0,0.0,0.0,0.0,0.0,0.0,6.885416666666667,7.03125,-0.14583333333333304,572.8764458253364,False,403.7972412,131.84551999999996,82.2,4.0,0.0,2.0,11.5,14.3,0.0,0.0,0.0,1.0,,,,,,,,,,13.5,50.5,0.1835645292805532,6.0,13.5,50.5,0.1835645292805532,6.0,,,,,0.0,0.0,0.0,1.0,2026-10-04T15:22:29.487688+00:00,2026-10-04T15:22:29.487688+00:00,hourly_market_snapshots,ActionNetwork book 15 | ActionNetwork book 30 | ActionNetwork book 69 | ActionNetwork book 71 | ActionNetwork book 75 | primary,0.9384536883195274,0.6793060616171874,5.481496501258775,-114.0,-105.0,BET,total,O,ActionNetwork book 75,,0.22664877242947656,0.08,0.6282835175858295,-105.0,,50.5,5.481496501258775,0.65
401858483,2026,6,2026-10-10T20:15:00.000Z,Maryland,Ohio State,9,44,9.079277827225013,43.96483616736453,34.88555834013952,53.044113994589544,-34.88555834013952,53.044113994589544,Ohio State,0.99,99,0.99,0.99,DraftKings,True,,,Ohio State,,,,,-9900,,,,,-35.5,Maryland,37.5,,2.614441659860482,0.5590718320211627,55.5,U,53,,2.4558860054104557,0.5582941358944529,28.84166284361493,53.20526873216832,277.50839886425683,26.44166284361493,18.870862600524724,7.0,DraftKings | ActionNetwork book 15 | ActionNetwork book 30 | ActionNetwork book 68 | ActionNetwork book 69 | ActionNetwork book 71 | ActionNetwork book 75,action_network | espn_core,"[{""away_ml"":null,""away_spread_price"":-107.0,""home_ml"":null,""home_spread"":-34.5,""home_spread_price"":-115.0,""last_update"":null,""market_total"":55.5,""over_price"":-110.0,""provider"":""ActionNetwork book 15"",""source"":""action_network"",""under_price"":-110.0},{""away_ml"":null,""away_spread_price"":-110.0,""home_ml"":null,""home_spread"":-37.5,""home_spread_price"":-110.0,""last_update"":null,""market_total"":54.5,""over_price"":-110.0,""provider"":""ActionNetwork book 30"",""source"":""action_network"",""under_price"":-110.0},{""away_ml"":null,""away_spread_price"":-110.0,""home_ml"":null,""home_spread"":-35.5,""home_spread_price"":-110.0,""last_update"":null,""market_total"":55.5,""over_price"":-110.0,""provider"":""ActionNetwork book 68"",""source"":""action_network"",""under_price"":-110.0},{""away_ml"":null,""away_spread_price"":-104.0,""home_ml"":null,""home_spread"":-34.5,""home_spread_price"":-118.0,""last_update"":null,""market_total"":55.5,""over_price"":-110.0,""provider"":""ActionNetwork book 69"",""source"":""action_network"",""under_price"":-110.0},{""away_ml"":null,""away_spread_price"":-112.0,""home_ml"":null,""home_spread"":-35.5,""home_spread_price"":-112.0,""last_update"":null,""market_total"":55.5,""over_price"":-115.0,""provider"":""ActionNetwork book 71"",""source"":""action_network"",""under_price"":-108.0},{""away_ml"":6600.0,""away_spread_price"":-105.0,""home_ml"":null,""home_spread"":-34.5,""home_spread_price"":-112.0,""last_update"":null,""market_total"":55.5,""over_price"":-110.0,""provider"":""ActionNetwork book 75"",""source"":""action_network"",""under_price"":-108.0},{""away_ml"":null,""away_spread_price"":null,""home_ml"":null,""home_spread"":-35.5,""home_spread_price"":null,""last_update"":null,""market_total"":55.5,""over_price"":null,""provider"":""DraftKings"",""source"":""espn_core"",""under_price"":null}]",-35.5,55.5,0.9897433186107869,0.3499271061118826,3.0,1.0,-34.5,37.5,-112.0,-110.0,ActionNetwork book 75,ActionNetwork book 30,54.5,55.5,-110.0,-108.0,ActionNetwork book 30,ActionNetwork book 71,,6600.0,,ActionNetwork book 75,,,0.0,0.8312919569971522,,,,,,,0.0,0.0,0.0,0.0,,,119.0,110.0,6.0,5.0,0.0,0.0,0.0,0.0,0.0,0.0,7.03125,7.010416666666667,0.020833333333333037,331.1429572957566,False,216.6770325,183.98955157,72.9,0.0,0.0,3.0,6.8,8.5,0.0,0.0,0.0,1.0,,-35.5,55.5,,,-35.5,55.5,,,-35.5,55.5,,7.0,-35.5,55.5,,7.0,0.0,0.0,,,0.0,0.0,,1.0,2026-10-04T15:22:29.487688+00:00,2026-10-04T15:22:29.487688+00:00,hourly_market_snapshots,DraftKings | ActionNetwork book 15 | ActionNetwork book 30 | ActionNetwork book 68 | ActionNetwork book 69 | ActionNetwork book 71 | ActionNetwork book 75,0.9544488283892311,0.67143452035544,2.4558860054104557,-110.0,-108.0,PASS,spread,Maryland,ActionNetwork book 30,,0.0673189520404015,0.0,0.5590718320211627,-110.0,,37.5,2.614441659860482,1.0
401860902,2026,6,2026-10-10T22:00:00.000Z,San Diego State,Oregon State,22,26,21.973151026271903,25.87174487347613,3.898593847204225,47.84489589974803,-3.898593847204225,47.84489589974803,Oregon State,0.6081632653061224,61,0.6081632653061224,0.6081632653061224,,False,575.0,,Oregon State,,,,,-155,,San Diego State,23.518503717294635,1.6448979591836739,,San Diego State,15.5,,11.601406152795775,0.7618397776641241,57.5,U,48,,9.655104100251968,0.7256088018639497,3.335080930861416,47.89346683257171,-43.448893300756936,0.9350809308614185,16.72006913621254,6.0,ActionNetwork book 15 | ActionNetwork book 30 | ActionNetwork book 69 | ActionNetwork book 71 | ActionNetwork book 75 | primary,action_network | primary,"[{""away_ml"":550.0,""away_spread_price"":-110.0,""home_ml"":-800.0,""home_spread"":-15.5,""home_spread_price"":-112.0,""last_update"":null,""market_total"":57.5,""over_price"":-112.0,""provider"":""ActionNetwork book 15"",""source"":""action_network"",""under_price"":-108.0},{""away_ml"":420.0,""away_spread_price"":-110.0,""home_ml"":-580.0,""home_spread"":-13.5,""home_spread_price"":-110.0,""last_update"":null,""market_total"":51.5,""over_price"":-110.0,""provider"":""ActionNetwork book 30"",""source"":""action_network"",""under_price"":-110.0},{""away_ml"":540.0,""away_spread_price"":-108.0,""home_ml"":-800.0,""home_spread"":-15.5,""home_spread_price"":-112.0,""last_update"":null,""market_total"":57.5,""over_price"":-112.0,""provider"":""ActionNetwork book 69"",""source"":""action_network"",""under_price"":-108.0},{""away_ml"":500.0,""away_spread_price"":100.0,""home_ml"":-770.0,""home_spread"":-13.5,""home_spread_price"":-122.0,""last_update"":null,""market_total"":57.5,""over_price"":-108.0,""provider"":""ActionNetwork book 71"",""source"":""action_network"",""under_price"":-115.0},{""away_ml"":575.0,""away_spread_price"":-110.0,""home_ml"":-750.0,""home_spread"":-15.5,""home_spread_price"":-110.0,""last_update"":null,""market_total"":57.5,""over_price"":-110.0,""provider"":""ActionNetwork book 75"",""source"":""action_network"",""under_price"":-108.0},{""away_ml"":null,""away_spread_price"":null,""home_ml"":null,""home_spread"":null,""home_spread_price"":null,""last_update"":null,""market_total"":null,""over_price"":null,""provider"":""primary"",""source"":""primary"",""under_price"":null}]",-15.5,57.5,0.9797958971132713,2.4000000000000004,2.0,6.0,-13.5,15.5,-110.0,-108.0,ActionNetwork book 30,ActionNetwork book 69,51.5,57.5,-110.0,-108.0,ActionNetwork book 30,ActionNetwork book 15,-580.0,575.0,ActionNetwork book 30,ActionNetwork book 75,0.8433483024790688,0.014495033591918904,5.0,0.6319869311240425,,,,,,,0.0,0.0,0.0,0.0,,,108.0,111.0,5.0,4.0,0.0,0.018018018018018018,0.0,0.0045045045045045045,0.0045045045045045045,0.0045045045045045045,7.0,6.8125,0.1875,878.1201670998319,False,66.90744781,4.907447809999994,62.7,3.0,0.0,3.0,10.7,12.1,0.0,0.035509166863559934,0.008209257912416872,1.0,,,,,,,,,,-15.5,57.5,0.8433483024790688,6.0,-15.5,57.5,0.8433483024790688,6.0,,,,,0.0,0.0,0.0,1.0,2026-10-04T15:22:29.487688+00:00,2026-10-04T15:22:29.487688+00:00,hourly_market_snapshots,ActionNetwork book 15 | ActionNetwork book 30 | ActionNetwork book 69 | ActionNetwork book 71 | ActionNetwork book 75 | primary,0.9006364714034915,0.6475196325426235,11.601406152795775,-108.0,-108.0,STRONG,spread,San Diego State,ActionNetwork book 69,,0.4672469792049798,0.26,0.7618397776641241,-108.0,,15.5,11.601406152795775,1.0
401856715,2026,6,2026-10-10T23:00:00.000Z,LSU,Kentucky,31,21,31.119246467313307,21.326064552648848,-9.793181914664457,52.445311019962155,9.793181914664457,52.445311019962155,LSU,0.8135593220338984,81,0.1864406779661017,0.8135593220338984,DraftKings,True,-365.0,320.0,LSU,-410.0,,0.9637753406447347,0.01198842496899552,-436,0.771505376344086,LSU,4.996477749590255,0.03645228697469241,10.0,Kentucky,10.5,,0.7068180853355432,0.5173058511623183,55.5,U,52,,3.054688980037845,0.5723661000352182,-6.316440191636957,52.233956429183266,-64.20485959165671,-8.71644019163696,18.60190739356115,7.0,DraftKings | ActionNetwork book 15 | ActionNetwork book 30 | ActionNetwork book 68 | ActionNetwork book 69 | ActionNetwork book 71 | ActionNetwork book 75,action_network | espn_core,"[{""away_ml"":-375.0,""away_spread_price"":-105.0,""home_ml"":290.0,""home_spread"":10.0,""home_spread_price"":-118.0,""last_update"":null,""market_total"":54.5,""over_price"":-120.0,""provider"":""ActionNetwork book 15"",""source"":""action_network"",""under_price"":-110.0},{""away_ml"":-425.0,""away_spread_price"":-110.0,""home_ml"":330.0,""home_spread"":10.5,""home_spread_price"":-110.0,""last_update"":null,""market_total"":49.5,""over_price"":-110.0,""provider"":""ActionNetwork book 30"",""source"":""action_network"",""under_price"":-110.0},{""away_ml"":-410.0,""away_spread_price"":-110.0,""home_ml"":320.0,""home_spread"":10.0,""home_spread_price"":-110.0,""last_update"":null,""market_total"":54.5,""over_price"":-110.0,""provider"":""ActionNetwork book 68"",""source"":""action_network"",""under_price"":-110.0},{""away_ml"":-365.0,""away_spread_price"":-100.0,""home_ml"":285.0,""home_spread"":10.5,""home_spread_price"":-122.0,""last_update"":null,""market_total"":55.5,""over_price"":-112.0,""provider"":""ActionNetwork book 69"",""source"":""action_network"",""under_price"":-108.0},{""away_ml"":-400.0,""away_spread_price"":-110.0,""home_ml"":295.0,""home_spread"":10.0,""home_spread_price"":-113.0,""last_update"":null,""market_total"":50.5,""over_price"":-109.0,""provider"":""ActionNetwork book 71"",""source"":""action_network"",""under_price"":-113.0},{""away_ml"":-375.0,""away_spread_price"":-105.0,""home_ml"":300.0,""home_spread"":10.0,""home_spread_price"":-112.0,""last_update"":null,""market_total"":54.5,""over_price"":-118.0,""provider"":""ActionNetwork book 75"",""source"":""action_network"",""under_price"":-102.0},{""away_ml"":-410.0,""away_spread_price"":null,""home_ml"":320.0,""home_spread"":10.0,""home_spread_price"":null,""last_update"":null,""market_total"":54.5,""over_price"":null,""provider"":""DraftKings"",""source"":""espn_core"",""under_price"":null}]",10.0,54.5,0.22587697572631282,2.166535841157586,0.5,6.0,10.5,-10.0,-110.0,-105.0,ActionNetwork book 30,ActionNetwork book 15,49.5,55.5,-110.0,-108.0,ActionNetwork book 30,ActionNetwork book 69,330.0,-365.0,ActionNetwork book 30,ActionNetwork book 69,0.23640545546200417,0.008937681102202064,7.0,0.7416250774294284,,,,,,,0.0,0.0,0.0,0.0,,,112.0,113.0,8.0,5.0,0.017857142857142856,0.0,0.004464285714285714,0.0,-0.004464285714285714,0.004464285714285714,7.114583333333333,13.979166666666666,-6.864583333333333,649.2321337571624,False,307.4248962,299.784161527,72.0,6.0,0.0,3.0,10.8,21.7,0.0,0.0,0.002857142857142857,1.0,,10.0,54.5,320.0,-410.0,10.0,54.5,320.0,-410.0,10.0,54.5,0.2357652434058003,7.0,10.0,54.5,0.2357652434058003,7.0,0.0,0.0,0.0,0.0,0.0,0.0,0.0,1.0,2026-10-04T15:22:29.487688+00:00,2026-10-04T15:22:29.487688+00:00,hourly_market_snapshots,DraftKings | ActionNetwork book 15 | ActionNetwork book 30 | ActionNetwork book 68 | ActionNetwork book 69 | ActionNetwork book 71 | ActionNetwork book 75,0.9302387709059456,0.667258147609385,2.054688980037845,-110.0,-108.0,PASS,total,U,ActionNetwork book 69,,0.10233471117893866,0.0,0.5723661000352182,-108.0,,55.5,3.054688980037845,1.0
401862798,2026,6,2026-10-10T23:00:00.000Z,UAB,Memphis,18,38,18.36463582474608,38.03460791327882,19.669972088532738,56.3992437380249,-19.669972088532738,56.3992437380249,Memphis,0.9054054054054054,91,0.9054054054054054,0.9054054054054054,DraftKings,True,600.0,-650.0,Memphis,-900.0,,0.540540540540535,0.006006006006005968,-957,0.863013698630137,Memphis,5.399129687931614,0.04469854469854467,-15.5,Memphis,-14.0,BET,5.669972088532738,0.636113972130817,59.5,U,56,LEAN,3.1007562619751,0.5734451202170254,14.109441936304645,55.86584953779956,137.48677011319137,11.709441936304648,18.011640779243344,5.0,DraftKings | ActionNetwork book 15 | ActionNetwork book 30 | ActionNetwork book 68 | ActionNetwork book 69,action_network | espn_core,"[{""away_ml"":558.0,""away_spread_price"":-110.0,""home_ml"":-797.0,""home_spread"":-15.5,""home_spread_price"":-110.0,""last_update"":null,""market_total"":59.5,""over_price"":-110.0,""provider"":""ActionNetwork book 15"",""source"":""action_network"",""under_price"":-110.0},{""away_ml"":470.0,""away_spread_price"":-110.0,""home_ml"":-650.0,""home_spread"":-14.0,""home_spread_price"":-110.0,""last_update"":null,""market_total"":59.5,""over_price"":-110.0,""provider"":""ActionNetwork book 30"",""source"":""action_network"",""under_price"":-110.0},{""away_ml"":600.0,""away_spread_price"":-110.0,""home_ml"":-900.0,""home_spread"":-15.5,""home_spread_price"":-110.0,""last_update"":null,""market_total"":58.5,""over_price"":-110.0,""provider"":""ActionNetwork book 68"",""source"":""action_network"",""under_price"":-110.0},{""away_ml"":520.0,""away_spread_price"":-110.0,""home_ml"":-750.0,""home_spread"":-14.5,""home_spread_price"":-110.0,""last_update"":null,""market_total"":58.5,""over_price"":-110.0,""provider"":""ActionNetwork book 69"",""source"":""action_network"",""under_price"":-110.0},{""away_ml"":600.0,""away_spread_price"":null,""home_ml"":-900.0,""home_spread"":-15.5,""home_spread_price"":null,""last_update"":null,""market_total"":58.5,""over_price"":null,""provider"":""DraftKings"",""source"":""espn_core"",""under_price"":null}]",-15.5,58.5,0.6324555320336759,0.4898979485566356,1.5,1.0,-14.0,15.5,-110.0,-110.0,ActionNetwork book 30,ActionNetwork book 15,58.5,59.5,-110.0,-110.0,ActionNetwork book 68,ActionNetwork book 15,-650.0,600.0,ActionNetwork book 30,DraftKings,0.8514141085260892,0.011845825597316756,5.0,0.8411341443858094,,,,,,,0.0,0.0,0.0,0.0,,,108.0,106.0,5.0,4.0,0.0,0.0,0.0,0.0,0.0,0.0,7.333333333333333,15.0,-7.666666666666667,212.2187387873923,False,90.62445831,-96.37554169,63.6,25.0,0.023622047244094488,53.0,12.8,37.8,0.05485714285714285,0.0,0.011519999999999997,1.0,,-14.0,59.5,-850.0,575.0,-14.0,59.5,-850.0,575.0,-15.5,59.5,0.8513704018376915,4.0,-15.5,59.5,0.8513704018376915,4.0,-1.5,0.0,0.0052631578947368585,-0.005291005291005291,0.0,0.0,0.0,1.0,2026-10-04T15:22:29.487688+00:00,2026-10-04T15:22:29.487688+00:00,hourly_market_snapshots,DraftKings | ActionNetwork book 15 | ActionNetwork book 30 | ActionNetwork book 68,0.9571062189841685,0.6819498055330372,4.169972088532738,-110.0,-110.0,STRONG,spread,Memphis,ActionNetwork book 30,,0.2143994013406506,0.13,0.636113972130817,-110.0,,-14.0,5.669972088532738,1.0
401864517,2026,6,2026-10-10T23:00:00.000Z,Nevada,UTEP,34,21,34.13522650291144,20.71538582429831,-13.419840678613134,54.85061232720975,13.419840678613134,54.85061232720975,Nevada,0.8714285714285714,87,0.12857142857142856,0.8714285714285714,,False,,,Nevada,,,,,-678,,,,,,,,,,,,,55,,,,-12.504312850883,56.36346804811107,-55.017887733150246,-14.904312850882999,18.998325620596063,1.0,primary,primary,"[{""away_ml"":null,""away_spread_price"":null,""home_ml"":null,""home_spread"":null,""home_spread_price"":null,""last_update"":null,""market_total"":null,""over_price"":null,""provider"":""primary"",""source"":""primary"",""under_price"":null}]",,,,,,,,,,,,,,,,,,,,,,,,,0.0,0.25,,,,,,,0.0,0.0,0.0,0.0,,,110.0,102.0,5.0,4.0,0.0,0.0,0.0,0.0,0.0,0.0,7.125,13.854166666666666,-6.729166666666666,918.5345260128622,False,1183.697876,-222.87817399999994,75.2,2.0,0.0,0.0,8.6,6.3,0.0,0.05387933000584646,0.008081899500876968,1.0,,,,,,,,,,,,,1.0,,,,1.0,,,,,,,,1.0,2026-10-04T15:22:29.487688+00:00,2026-10-04T15:22:29.487688+00:00,hourly_market_snapshots,primary,0.7975,0.6183291741014147,0.0,,,PASS,,,,,0.0,0.0,,,,,,
401864518,2026,6,2026-10-10T23:00:00.000Z,North Dakota State,UNLV,27,25,26.805972995286055,24.541237505561803,-2.2647354897242504,51.34721050084786,2.2647354897242504,51.34721050084786,North Dakota State,0.5507246376811594,55,0.4492753623188406,0.5507246376811594,,False,,,North Dakota State,,,,,-123,,,,,,,,,,,,,51,,,,-1.8451686100018456,50.98679805627265,3.7300340040112587,-4.245168610001841,17.129883826913197,1.0,primary,primary,"[{""away_ml"":null,""away_spread_price"":null,""home_ml"":null,""home_spread"":null,""home_spread_price"":null,""last_update"":null,""market_total"":null,""over_price"":null,""provider"":""primary"",""source"":""primary"",""under_price"":null}]",,,,,,,,,,,,,,,,,,,,,,,,,0.0,0.25,,,,,,,0.0,0.0,0.0,0.0,,,107.0,130.0,4.0,5.0,0.0,0.015384615384615385,0.0,0.0038461538461538464,0.0038461538461538464,0.0038461538461538464,7.145833333333333,7.145833333333333,0.0,1204.458807949627,False,666.0,391.5152283,93.7,4.0,0.0,2.0,21.5,20.1,0.13520000000000001,0.18384491270437592,0.05843027536719485,1.0,,,,,,,,,,,,,1.0,,,,1.0,,,,,,,,1.0,2026-10-04T15:22:29.487688+00:00,2026-10-04T15:22:29.487688+00:00,hourly_market_snapshots,primary,0.7975,0.6285236324781336,0.0,,,PASS,,,,,0.0,0.0,,,,,,
401869943,2026,6,2026-10-10T23:00:00.000Z,Coastal Carolina,Marshall,24,30,23.795973333046014,29.50789594331259,5.71192261026658,53.303869276358604,-5.71192261026658,53.303869276358604,Marshall,0.6081632653061224,61,0.6081632653061224,0.6081632653061224,DraftKings,True,,-142.0,Marshall,,,,,-155,,Marshall,4.4671201814058925,0.03644725495832124,-2.5,Marshall,-2.5,LEAN,3.21192261026658,0.5781590986706681,55.5,U,53,,2.196130723641396,0.5521658044728054,5.677045708181094,54.81151868259461,95.18020450908625,3.2770457081810953,13.90517807458551,4.0,DraftKings | ActionNetwork book 15 | ActionNetwork book 30 | ActionNetwork book 68,action_network | espn_core,"[{""away_ml"":120.0,""away_spread_price"":-110.0,""home_ml"":-142.0,""home_spread"":-2.5,""home_spread_price"":-110.0,""last_update"":null,""market_total"":55.5,""over_price"":-102.0,""provider"":""ActionNetwork book 15"",""source"":""action_network"",""under_price"":-118.0},{""away_ml"":120.0,""away_spread_price"":-110.0,""home_ml"":-142.0,""home_spread"":-2.5,""home_spread_price"":-110.0,""last_update"":null,""market_total"":55.5,""over_price"":-102.0,""provider"":""ActionNetwork book 30"",""source"":""action_network"",""under_price"":-118.0},{""away_ml"":120.0,""away_spread_price"":-110.0,""home_ml"":-142.0,""home_spread"":-2.5,""home_spread_price"":-110.0,""last_update"":null,""market_total"":55.5,""over_price"":-102.0,""provider"":""ActionNetwork book 68"",""source"":""action_network"",""under_price"":-118.0},{""away_ml"":120.0,""away_spread_price"":null,""home_ml"":-142.0,""home_spread"":-2.5,""home_spread_price"":null,""last_update"":null,""market_total"":55.5,""over_price"":null,""provider"":""DraftKings"",""source"":""espn_core"",""under_price"":null}]",-2.5,55.5,0.0,0.0,0.0,0.0,-2.5,2.5,-110.0,-110.0,ActionNetwork book 15,ActionNetwork book 15,55.5,55.5,-102.0,-118.0,ActionNetwork book 15,ActionNetwork book 15,-142.0,120.0,DraftKings,DraftKings,0.5634920634920635,0.0,4.0,1.0,,,,,,,0.0,0.0,0.0,0.0,,,106.0,104.0,5.0,5.0,0.0,0.0,0.0,0.0,0.0,0.0,7.135416666666667,7.0,0.13541666666666696,372.13657803068037,False,163.7328186,149.98386955,67.3,1.0,0.0,3.0,5.4,19.5,0.0,0.0,0.0,1.0,,,,,,,,,,,,,1.0,,,,1.0,,,,,,,,1.0,2026-10-04T15:22:29.487688+00:00,2026-10-04T15:22:29.487688+00:00,hourly_market_snapshots,primary,1.0,0.7682470320902415,3.21192261026658,-110.0,-118.0,PASS,spread,Marshall,ActionNetwork book 15,,0.1037582792803663,0.0,0.5781590986706681,-110.0,,-2.5,3.21192261026658,1.0
401856712,2026,6,2026-10-10T23:30:00.000Z,Georgia,Alabama,29,32,29.354976709107206,31.629846070113153,2.27486936100595,60.98482277922036,-2.27486936100595,60.98482277922036,Alabama,0.6081632653061224,61,0.6081632653061224,0.6081632653061224,DraftKings,True,-125.0,125.0,Alabama,105.0,STRONG,12.035838725734195,0.24673469387755098,-155,0.4675324675324675,Alabama,14.249646279133843,0.3683673469387754,2.5,Alabama,2.5,BET,4.774869361005949,0.61529189453439,50.0,O,61,LEAN,10.984822779220359,0.7361860589639225,1.5221562951614303,61.87169602977644,-29.471537480155348,-0.8778437048385754,15.72568074899651,7.0,DraftKings | ActionNetwork book 15 | ActionNetwork book 30 | ActionNetwork book 68 | ActionNetwork book 69 | ActionNetwork book 71 | ActionNetwork book 75,action_network | espn_core,"[{""away_ml"":-125.0,""away_spread_price"":-110.0,""home_ml"":-102.0,""home_spread"":1.5,""home_spread_price"":-110.0,""last_update"":null,""market_total"":57.5,""over_price"":-105.0,""provider"":""ActionNetwork book 15"",""source"":""action_network"",""under_price"":-114.0},{""away_ml"":-150.0,""away_spread_price"":-115.0,""home_ml"":125.0,""home_spread"":2.5,""home_spread_price"":-105.0,""last_update"":null,""market_total"":50.0,""over_price"":-114.0,""provider"":""ActionNetwork book 30"",""source"":""action_network"",""under_price"":-106.0},{""away_ml"":-125.0,""away_spread_price"":-105.0,""home_ml"":105.0,""home_spread"":2.5,""home_spread_price"":-115.0,""last_update"":null,""market_total"":56.5,""over_price"":-110.0,""provider"":""ActionNetwork book 68"",""source"":""action_network"",""under_price"":-110.0},{""away_ml"":-118.0,""away_spread_price"":-110.0,""home_ml"":-102.0,""home_spread"":1.5,""home_spread_price"":-110.0,""last_update"":null,""market_total"":57.5,""over_price"":-106.0,""provider"":""ActionNetwork book 69"",""source"":""action_network"",""under_price"":-114.0},{""away_ml"":-130.0,""away_spread_price"":-108.0,""home_ml"":106.0,""home_spread"":2.0,""home_spread_price"":-113.0,""last_update"":null,""market_total"":56.5,""over_price"":-114.0,""provider"":""ActionNetwork book 71"",""source"":""action_network"",""under_price"":-108.0},{""away_ml"":-120.0,""away_spread_price"":-110.0,""home_ml"":100.0,""home_spread"":1.5,""home_spread_price"":-108.0,""last_update"":null,""market_total"":57.5,""over_price"":-105.0,""provider"":""ActionNetwork book 75"",""source"":""action_network"",""under_price"":-115.0},{""away_ml"":-125.0,""away_spread_price"":null,""home_ml"":105.0,""home_spread"":2.5,""home_spread_price"":null,""last_update"":null,""market_total"":56.5,""over_price"":null,""provider"":""DraftKings"",""source"":""espn_core"",""under_price"":null}]",2.0,56.5,0.4629100498862757,2.49284690951645,1.0,7.5,2.5,-1.5,-105.0,-110.0,ActionNetwork book 30,ActionNetwork book 15,50.0,57.5,-114.0,-114.0,ActionNetwork book 30,ActionNetwork book 15,125.0,-118.0,ActionNetwork book 30,ActionNetwork book 69,0.465666802514784,0.01767664287411756,7.0,0.6710380866490115,,,,,,,0.0,0.0,0.0,0.0,,,127.0,128.0,6.0,7.0,0.0,0.0,0.0,0.0,0.0,0.0,7.3125,7.28125,0.03125,245.82084055468047,False,70.05136108,-116.06071472,65.3,49.0,0.2204724409448819,81.0,20.0,40.9,0.20964285714285713,0.0,0.044024999999999995,1.0,,2.5,56.5,105.0,-125.0,2.5,56.5,105.0,-125.0,2.0,56.5,0.465666802514784,7.0,2.0,56.5,0.465666802514784,7.0,0.0,0.0,0.0,0.0,0.0,0.0,0.0,1.0,2026-10-04T15:22:29.487688+00:00,2026-10-04T15:22:29.487688+00:00,hourly_market_snapshots,DraftKings | ActionNetwork book 15 | ActionNetwork book 30 | ActionNetwork book 68 | ActionNetwork book 69 | ActionNetwork book 71 | ActionNetwork book 75,0.911180283395233,0.691258764250559,4.484822779220359,-105.0,-114.0,STRONG,total,O,ActionNetwork book 30,,0.3819633036691177,0.16,0.7361860589639225,-114.0,,50.0,10.984822779220359,0.65
401858258,2026,6,2026-10-10T23:30:00.000Z,Syracuse,Virginia,17,33,17.161405536477954,33.44119194417313,16.27978640769517,50.60259748065108,-16.27978640769517,50.60259748065108,Virginia,0.8888888888888888,89,0.8888888888888888,0.8888888888888888,DraftKings,True,270.0,-260.0,Virginia,-340.0,STRONG,11.616161616161612,0.15032679738562088,-800,0.740871613663133,Virginia,15.585990233499015,0.23076923076923073,-8.5,Virginia,-6.5,STRONG,9.77978640769517,0.7258802512778282,50.5,O,51,,0.10259748065107743,0.5025417808998273,11.675759658164257,49.44306667739029,81.24029813421794,9.275759658164258,18.257041970498598,7.0,DraftKings | ActionNetwork book 15 | ActionNetwork book 30 | ActionNetwork book 68 | ActionNetwork book 69 | ActionNetwork book 71 | ActionNetwork book 75,action_network | espn_core,"[{""away_ml"":265.0,""away_spread_price"":-109.0,""home_ml"":-335.0,""home_spread"":-8.0,""home_spread_price"":-114.0,""last_update"":null,""market_total"":50.5,""over_price"":-110.0,""provider"":""ActionNetwork book 15"",""source"":""action_network"",""under_price"":-110.0},{""away_ml"":210.0,""away_spread_price"":-102.0,""home_ml"":-260.0,""home_spread"":-6.5,""home_spread_price"":-120.0,""last_update"":null,""market_total"":50.5,""over_price"":-110.0,""provider"":""ActionNetwork book 30"",""source"":""action_network"",""under_price"":-110.0},{""away_ml"":270.0,""away_spread_price"":-110.0,""home_ml"":-340.0,""home_spread"":-8.5,""home_spread_price"":-110.0,""last_update"":null,""market_total"":50.5,""over_price"":-110.0,""provider"":""ActionNetwork book 68"",""source"":""action_network"",""under_price"":-110.0},{""away_ml"":260.0,""away_spread_price"":-102.0,""home_ml"":-330.0,""home_spread"":-7.5,""home_spread_price"":-120.0,""last_update"":null,""market_total"":50.5,""over_price"":-110.0,""provider"":""ActionNetwork book 69"",""source"":""action_network"",""under_price"":-110.0},{""away_ml"":275.0,""away_spread_price"":-113.0,""home_ml"":-375.0,""home_spread"":-8.5,""home_spread_price"":-110.0,""last_update"":null,""market_total"":50.5,""over_price"":-114.0,""provider"":""ActionNetwork book 71"",""source"":""action_network"",""under_price"":-109.0},{""away_ml"":270.0,""away_spread_price"":-108.0,""home_ml"":-325.0,""home_spread"":-8.0,""home_spread_price"":-110.0,""last_update"":null,""market_total"":50.5,""over_price"":-108.0,""provider"":""ActionNetwork book 75"",""source"":""action_network"",""under_price"":-110.0},{""away_ml"":270.0,""away_spread_price"":null,""home_ml"":-340.0,""home_spread"":-8.5,""home_spread_price"":null,""last_update"":null,""market_total"":50.5,""over_price"":null,""provider"":""DraftKings"",""source"":""espn_core"",""under_price"":null}]",-8.0,50.5,0.6776309271789384,0.0,2.0,0.0,-6.5,8.5,-120.0,-110.0,ActionNetwork book 30,ActionNetwork book 68,50.5,50.5,-108.0,-109.0,ActionNetwork book 75,ActionNetwork book 71,-260.0,275.0,ActionNetwork book 30,ActionNetwork book 71,0.7330289865538987,0.017461520438198465,7.0,0.8656192322990242,,,,,,,0.0,0.0,0.0,0.0,1.6597155111805555,,122.0,111.0,6.0,7.0,0.0,0.0,0.0,0.0,0.0,0.0,7.166666666666667,7.3125,-0.14583333333333304,367.6177767429819,False,170.4677429,7.7687682999999765,63.1,1.0,0.0,3.0,2.0,3.4,0.0,0.0,0.0,1.0,,-8.5,50.5,-340.0,270.0,-8.5,50.5,-340.0,270.0,-8.0,50.5,0.7330289865538987,7.0,-8.0,50.5,0.7330289865538987,7.0,0.0,0.0,0.0,0.0,0.0,0.0,0.0,1.0,2026-10-04T15:22:29.487688+00:00,2026-10-04T15:22:29.487688+00:00,hourly_market_snapshots,DraftKings | ActionNetwork book 15 | ActionNetwork book 30 | ActionNetwork book 68 | ActionNetwork book 69 | ActionNetwork book 71 | ActionNetwork book 75,0.9637171927207365,0.6843568293974758,8.27978640769517,-120.0,-108.0,STRONG,spread,Virginia,ActionNetwork book 30,,0.3307804606760184,0.22,0.7258802512778282,-120.0,,-6.5,9.77978640769517,1.0
401858485,2026,6,2026-10-10T23:30:00.000Z,USC,Penn State,28,29,28.217439138039257,29.109714451270793,0.8922753132315391,57.32715358931005,-0.8922753132315391,57.32715358931005,Penn State,0.5909090909090909,59,0.5909090909090909,0.5909090909090909,DraftKings,True,-120.0,102.0,Penn State,100.0,STRONG,9.090909090909093,0.18181818181818188,-144,0.4782608695652174,Penn State,10.367428143806578,0.19363636363636372,1.5,Penn State,1.5,LEAN,2.392275313231539,0.5583812940329242,54.5,O,57,,2.8271535893100506,0.5670288160890287,3.865830347866268,57.07705466434358,-38.94485484335769,1.4658303478662695,18.467127882730445,7.0,DraftKings | ActionNetwork book 15 | ActionNetwork book 30 | ActionNetwork book 68 | ActionNetwork book 69 | ActionNetwork book 71 | ActionNetwork book 75,action_network | espn_core,"[{""away_ml"":-120.0,""away_spread_price"":-115.0,""home_ml"":-105.0,""home_spread"":1.5,""home_spread_price"":-105.0,""last_update"":null,""market_total"":55.5,""over_price"":-108.0,""provider"":""ActionNetwork book 15"",""source"":""action_network"",""under_price"":-110.0},{""away_ml"":105.0,""away_spread_price"":-108.0,""home_ml"":-125.0,""home_spread"":-1.5,""home_spread_price"":-112.0,""last_update"":null,""market_total"":56.5,""over_price"":-115.0,""provider"":""ActionNetwork book 30"",""source"":""action_network"",""under_price"":-105.0},{""away_ml"":-120.0,""away_spread_price"":-110.0,""home_ml"":100.0,""home_spread"":1.5,""home_spread_price"":-110.0,""last_update"":null,""market_total"":55.5,""over_price"":-110.0,""provider"":""ActionNetwork book 68"",""source"":""action_network"",""under_price"":-110.0},{""away_ml"":-122.0,""away_spread_price"":-114.0,""home_ml"":102.0,""home_spread"":1.5,""home_spread_price"":-106.0,""last_update"":null,""market_total"":54.5,""over_price"":-114.0,""provider"":""ActionNetwork book 69"",""source"":""action_network"",""under_price"":-106.0},{""away_ml"":-125.0,""away_spread_price"":-112.0,""home_ml"":102.0,""home_spread"":1.5,""home_spread_price"":-112.0,""last_update"":null,""market_total"":55.5,""over_price"":-115.0,""provider"":""ActionNetwork book 71"",""source"":""action_network"",""under_price"":-108.0},{""away_ml"":-112.0,""away_spread_price"":-108.0,""home_ml"":-105.0,""home_spread"":1.0,""home_spread_price"":-110.0,""last_update"":null,""market_total"":55.5,""over_price"":-105.0,""provider"":""ActionNetwork book 75"",""source"":""action_network"",""under_price"":-112.0},{""away_ml"":-120.0,""away_spread_price"":null,""home_ml"":100.0,""home_spread"":1.5,""home_spread_price"":null,""last_update"":null,""market_total"":55.5,""over_price"":null,""provider"":""DraftKings"",""source"":""espn_core"",""under_price"":null}]",1.5,55.5,1.0350983390135313,0.5345224838248488,3.0,2.0,1.5,1.5,-105.0,-108.0,ActionNetwork book 15,ActionNetwork book 30,54.5,56.5,-114.0,-105.0,ActionNetwork book 69,ActionNetwork book 30,102.0,105.0,ActionNetwork book 69,ActionNetwork book 30,0.48723480947102515,0.019550324039722646,7.0,0.7698208500722009,,,,,,,0.0,0.0,0.0,0.0,,,112.0,128.0,6.0,6.0,0.0,0.0,0.0,0.0,0.0,0.0,7.979166666666667,7.0,0.979166666666667,2247.3584420521815,False,354.1551514,311.65140918000003,57.9,0.0,0.0,3.0,2.7,3.4,0.0,0.5,0.075,1.0,,2.5,55.5,100.0,-120.0,2.5,55.5,100.0,-120.0,1.5,55.5,0.4838882636588049,7.0,1.5,55.5,0.4838882636588049,7.0,-1.0,0.0,0.0,0.0,0.0,0.0,0.0,1.0,2026-10-04T15:22:29.487688+00:00,2026-10-04T15:22:29.487688+00:00,hourly_market_snapshots,DraftKings | ActionNetwork book 15 | ActionNetwork book 30 | ActionNetwork book 68 | ActionNetwork book 69 | ActionNetwork book 71 | ActionNetwork book 75,0.9378516295194942,0.6451002421312981,2.392275313231539,-105.0,-114.0,STRONG,moneyline,Penn State,ActionNetwork book 69,,0.19363636363636372,0.1,0.5909090909090909,102.0,,102.0,10.367428143806578,1.0
401864516,2026,6,2026-10-10T23:30:00.000Z,Air Force,Northern Illinois,31,18,30.972579021050805,18.38238424322944,-12.590194777821369,49.354963264280244,12.590194777821369,49.354963264280244,Air Force,0.8135593220338984,81,0.1864406779661017,0.8135593220338984,,False,,,Air Force,,,,,-436,,,,,,,,,,,,,49,,,,-6.734683812505587,50.50765555849248,-83.38609611013476,-9.13468381250559,13.222884451850053,1.0,primary,primary,"[{""away_ml"":null,""away_spread_price"":null,""home_ml"":null,""home_spread"":null,""home_spread_price"":null,""last_update"":null,""market_total"":null,""over_price"":null,""provider"":""primary"",""source"":""primary"",""under_price"":null}]",,,,,,,,,,,,,,,,,,,,,,,,,0.0,0.25,,,,,,,0.0,0.0,0.0,0.0,,,113.0,120.0,7.0,7.0,0.0,0.0,0.0,0.0,0.0,0.0,14.229166666666666,7.3125,6.916666666666666,867.129143561219,False,267.4530029,-1757.4227291,68.9,0.0,0.0,1.0,8.8,16.6,0.0,0.030513247073281388,0.004576987060992208,1.0,,,,,,,,,,,,,1.0,,,,1.0,,,,,,,,1.0,2026-10-04T15:22:29.487688+00:00,2026-10-04T15:22:29.487688+00:00,hourly_market_snapshots,primary,0.7975,0.706792119861418,0.0,,,PASS,,,,,0.0,0.0,,,,,,
401869949,2026,6,2026-10-10T23:30:00.000Z,James Madison,Georgia Southern,35,21,35.04408494004431,20.74007307436716,-14.304011865677149,55.78415801441147,14.304011865677149,55.78415801441147,James Madison,0.8714285714285714,87,0.12857142857142856,0.8714285714285714,DraftKings,True,-355.0,285.0,James Madison,-360.0,STRONG,8.88198757763975,0.1134920634920635,-678,0.7508125677139762,James Madison,12.137346936814474,0.11690140845070426,9.5,James Madison,-9.5,BET,4.804011865677149,0.615975451691387,53.5,O,56,,2.2841580144114673,0.5542440771412949,-13.214839956382498,55.87816737022741,-180.1303226476448,-15.6148399563825,13.520349531522683,4.0,DraftKings | ActionNetwork book 15 | ActionNetwork book 30 | ActionNetwork book 68,action_network | espn_core,"[{""away_ml"":-360.0,""away_spread_price"":-110.0,""home_ml"":285.0,""home_spread"":9.5,""home_spread_price"":-110.0,""last_update"":null,""market_total"":54.5,""over_price"":-110.0,""provider"":""ActionNetwork book 15"",""source"":""action_network"",""under_price"":-110.0},{""away_ml"":-355.0,""away_spread_price"":-110.0,""home_ml"":280.0,""home_spread"":10.0,""home_spread_price"":-110.0,""last_update"":null,""market_total"":53.5,""over_price"":-110.0,""provider"":""ActionNetwork book 30"",""source"":""action_network"",""under_price"":-110.0},{""away_ml"":-360.0,""away_spread_price"":-110.0,""home_ml"":285.0,""home_spread"":9.5,""home_spread_price"":-110.0,""last_update"":null,""market_total"":54.5,""over_price"":-110.0,""provider"":""ActionNetwork book 68"",""source"":""action_network"",""under_price"":-110.0},{""away_ml"":-360.0,""away_spread_price"":null,""home_ml"":285.0,""home_spread"":9.5,""home_spread_price"":null,""last_update"":null,""market_total"":54.5,""over_price"":null,""provider"":""DraftKings"",""source"":""espn_core"",""under_price"":null}]",9.5,54.5,0.21650635094610965,0.4330127018922193,0.5,1.0,10.0,-9.5,-110.0,-110.0,ActionNetwork book 30,ActionNetwork book 15,53.5,54.5,-110.0,-110.0,ActionNetwork book 30,ActionNetwork book 15,285.0,-355.0,DraftKings,ActionNetwork book 30,0.24994489793957328,0.0013119689969360595,4.0,0.9246575554647803,,,,,,,0.0,0.0,0.0,0.0,,,121.0,109.0,6.0,4.0,0.0,0.0,0.0,0.0,0.0,0.0,7.020833333333333,7.15625,-0.13541666666666696,447.21367767629573,False,61.25376892,-338.04924008,72.0,54.0,0.027559055118110236,53.0,15.4,32.4,0.09836761904761905,0.0,0.0206572,1.0,,9.5,54.5,285.0,-360.0,9.5,54.5,285.0,-360.0,9.5,54.5,0.2499448979395732,4.0,9.5,54.5,0.2499448979395732,4.0,0.0,0.0,0.0,0.0,0.0,0.0,0.0,1.0,2026-10-04T15:22:29.487688+00:00,2026-10-04T15:22:29.487688+00:00,hourly_market_snapshots,DraftKings | ActionNetwork book 15 | ActionNetwork book 30 | ActionNetwork book 68,0.9796575399754907,0.7588488025861465,4.804011865677149,-110.0,-110.0,BET,spread,James Madison,ActionNetwork book 15,,0.17595313504719334,0.12,0.615975451691387,-110.0,,-9.5,4.804011865677149,1.0
401869965,2026,6,2026-10-10T23:30:00.000Z,Louisiana,Louisiana Tech,27,27,26.68590850208566,26.94603839597938,0.26012989389371644,53.63194689806504,-0.26012989389371644,53.63194689806504,Louisiana Tech,0.5909090909090909,59,0.5909090909090909,0.5909090909090909,,False,,,Louisiana Tech,,,,,-144,,,,,,,,,,,,,54,,,,0.7582721949667821,53.14665569730431,-45.64469110874802,-1.6417278050332176,14.027451146431641,1.0,primary,primary,"[{""away_ml"":null,""away_spread_price"":null,""home_ml"":null,""home_spread"":null,""home_spread_price"":null,""last_update"":null,""market_total"":null,""over_price"":null,""provider"":""primary"",""source"":""primary"",""under_price"":null}]",,,,,,,,,,,,,,,,,,,,,,,,,0.0,0.25,,,,,,,0.0,0.0,0.0,0.0,,,109.0,104.0,6.0,5.0,0.0,0.0,0.0,0.0,0.0,0.0,7.0,6.979166666666667,0.020833333333333037,164.091263270932,False,72.87982941,69.323321107,65.8,32.0,0.01968503937007874,53.0,7.3,22.8,0.0,0.0,0.0,1.0,,,,,,,,,,,,,1.0,,,,1.0,,,,,,,,1.0,2026-10-04T15:22:29.487688+00:00,2026-10-04T15:22:29.487688+00:00,hourly_market_snapshots,primary,0.7975,0.6963883389881158,0.0,,,PASS,,,,,0.0,0.0,,,,,,
401858486,2026,6,2026-10-11T00:00:00.000Z,Minnesota,Purdue,29,24,29.155166903855807,23.72652728968314,-5.428639614172664,52.88169419353895,5.428639614172664,52.88169419353895,Minnesota,0.5507246376811594,55,0.4492753623188406,0.5507246376811594,DraftKings,True,-175.0,188.0,Minnesota,-175.0,,-8.563899868247693,-0.13457556935817805,-123,0.6092362344582594,Purdue,6.534049688650184,0.29391304347826086,3.5,Minnesota,-3.5,,1.9286396141726643,0.5471258144522573,48.5,O,53,LEAN,4.381694193538948,0.6032002368581983,-5.9465541860496245,52.71979894365579,-166.261592305229,-8.346554186049623,16.188850896879554,7.0,DraftKings | ActionNetwork book 15 | ActionNetwork book 30 | ActionNetwork book 68 | ActionNetwork book 69 | ActionNetwork book 71 | ActionNetwork book 75,action_network | espn_core,"[{""away_ml"":-181.0,""away_spread_price"":-110.0,""home_ml"":143.0,""home_spread"":3.5,""home_spread_price"":-112.0,""last_update"":null,""market_total"":49.5,""over_price"":-111.0,""provider"":""ActionNetwork book 15"",""source"":""action_network"",""under_price"":-110.0},{""away_ml"":-230.0,""away_spread_price"":-105.0,""home_ml"":188.0,""home_spread"":6.5,""home_spread_price"":-115.0,""last_update"":null,""market_total"":50.5,""over_price"":-105.0,""provider"":""ActionNetwork book 30"",""source"":""action_network"",""under_price"":-115.0},{""away_ml"":-175.0,""away_spread_price"":-110.0,""home_ml"":145.0,""home_spread"":3.5,""home_spread_price"":-110.0,""last_update"":null,""market_total"":49.5,""over_price"":-110.0,""provider"":""ActionNetwork book 68"",""source"":""action_network"",""under_price"":-110.0},{""away_ml"":-172.0,""away_spread_price"":-110.0,""home_ml"":142.0,""home_spread"":3.5,""home_spread_price"":-110.0,""last_update"":null,""market_total"":49.5,""over_price"":-110.0,""provider"":""ActionNetwork book 69"",""source"":""action_network"",""under_price"":-110.0},{""away_ml"":-175.0,""away_spread_price"":-109.0,""home_ml"":138.0,""home_spread"":4.0,""home_spread_price"":-113.0,""last_update"":null,""market_total"":48.5,""over_price"":-110.0,""provider"":""ActionNetwork book 71"",""source"":""action_network"",""under_price"":-113.0},{""away_ml"":-175.0,""away_spread_price"":-105.0,""home_ml"":145.0,""home_spread"":3.5,""home_spread_price"":-115.0,""last_update"":null,""market_total"":49.5,""over_price"":-112.0,""provider"":""ActionNetwork book 75"",""source"":""action_network"",""under_price"":-105.0},{""away_ml"":-175.0,""away_spread_price"":null,""home_ml"":145.0,""home_spread"":3.5,""home_spread_price"":null,""last_update"":null,""market_total"":49.5,""over_price"":null,""provider"":""DraftKings"",""source"":""espn_core"",""under_price"":null}]",3.5,49.5,1.0350983390135313,0.5345224838248488,3.0,2.0,6.5,-3.5,-115.0,-105.0,ActionNetwork book 30,ActionNetwork book 75,48.5,50.5,-110.0,-115.0,ActionNetwork book 71,ActionNetwork book 30,188.0,-172.0,ActionNetwork book 30,ActionNetwork book 69,0.38393486543233873,0.02115801830356382,7.0,0.7665677613115848,,,,,,,0.0,0.0,0.0,0.0,,,118.0,114.0,5.0,6.0,0.0,0.017543859649122806,0.0,0.0043859649122807015,0.0043859649122807015,0.0043859649122807015,7.15625,7.333333333333333,-0.17708333333333304,448.0208133089039,False,197.5337677,-56.85646059999999,66.3,0.0,0.0,1.0,8.3,16.3,0.0,0.0,0.002807017543859649,1.0,,4.5,49.5,154.0,-185.0,4.5,49.5,154.0,-185.0,4.5,49.5,0.3731192495803772,7.0,4.5,49.5,0.3731192495803772,7.0,-1.0,0.0,0.014462477904547633,-0.012759170653907526,0.0,0.0,0.0,1.0,2026-10-04T15:22:29.487688+00:00,2026-10-04T15:22:29.487688+00:00,hourly_market_snapshots,DraftKings | ActionNetwork book 15 | ActionNetwork book 30 | ActionNetwork book 68 | ActionNetwork book 69 | ActionNetwork book 71 | ActionNetwork book 75,0.9369732955541279,0.7083809439964645,3.381694193538948,-105.0,-110.0,PASS,total,O,ActionNetwork book 71,,0.1515640885474695,0.0,0.6032002368581983,-110.0,,48.5,4.381694193538948,0.65
401856827,2026,6,2026-10-11T02:15:00.000Z,Kansas,Utah,19,34,18.897725304650706,34.20188502116836,15.30415971651765,53.099610325819064,-15.30415971651765,53.099610325819064,Utah,0.8888888888888888,89,0.8888888888888888,0.8888888888888888,DraftKings,True,550.0,-630.0,Utah,-800.0,,0.0,-5.551115123125783e-17,-800,0.8524590163934427,Utah,5.191777836311829,0.029982363315696592,-16.5,Utah,-14.5,,0.8041597165176508,0.5196873613051279,51.5,O,53,,1.5996103258190644,0.5380474233562194,13.897092418497074,53.70938832228142,160.2167143329782,11.497092418497079,18.188643354484082,7.0,DraftKings | ActionNetwork book 15 | ActionNetwork book 30 | ActionNetwork book 68 | ActionNetwork book 69 | ActionNetwork book 71 | ActionNetwork book 75,action_network | espn_core,"[{""away_ml"":475.0,""away_spread_price"":-112.0,""home_ml"":-650.0,""home_spread"":-15.0,""home_spread_price"":-112.0,""last_update"":null,""market_total"":52.5,""over_price"":-102.0,""provider"":""ActionNetwork book 15"",""source"":""action_network"",""under_price"":-110.0},{""away_ml"":460.0,""away_spread_price"":-112.0,""home_ml"":-650.0,""home_spread"":-14.5,""home_spread_price"":-108.0,""last_update"":null,""market_total"":51.5,""over_price"":-110.0,""provider"":""ActionNetwork book 30"",""source"":""action_network"",""under_price"":-110.0},{""away_ml"":550.0,""away_spread_price"":-110.0,""home_ml"":-800.0,""home_spread"":-16.5,""home_spread_price"":-110.0,""last_update"":null,""market_total"":52.5,""over_price"":-110.0,""provider"":""ActionNetwork book 68"",""source"":""action_network"",""under_price"":-110.0},{""away_ml"":450.0,""away_spread_price"":-115.0,""home_ml"":-630.0,""home_spread"":-14.5,""home_spread_price"":-105.0,""last_update"":null,""market_total"":51.5,""over_price"":-110.0,""provider"":""ActionNetwork book 69"",""source"":""action_network"",""under_price"":-110.0},{""away_ml"":450.0,""away_spread_price"":-113.0,""home_ml"":-670.0,""home_spread"":-14.5,""home_spread_price"":-110.0,""last_update"":null,""market_total"":51.5,""over_price"":-110.0,""provider"":""ActionNetwork book 71"",""source"":""action_network"",""under_price"":-113.0},{""away_ml"":500.0,""away_spread_price"":-110.0,""home_ml"":-650.0,""home_spread"":-15.0,""home_spread_price"":-108.0,""last_update"":null,""market_total"":52.5,""over_price"":-102.0,""provider"":""ActionNetwork book 75"",""source"":""action_network"",""under_price"":-118.0},{""away_ml"":550.0,""away_spread_price"":null,""home_ml"":-800.0,""home_spread"":-16.5,""home_spread_price"":null,""last_update"":null,""market_total"":52.5,""over_price"":null,""provider"":""DraftKings"",""source"":""espn_core"",""under_price"":null}]",-15.0,52.5,0.8390957231764807,0.4948716593053935,2.0,1.0,-14.5,16.5,-105.0,-110.0,ActionNetwork book 69,ActionNetwork book 68,51.5,52.5,-110.0,-110.0,ActionNetwork book 30,ActionNetwork book 15,-630.0,550.0,ActionNetwork book 69,DraftKings,0.8369711105257706,0.010539972794507113,7.0,0.8167491427559662,,,,,,,0.0,0.0,0.0,0.0,,,111.0,115.0,5.0,6.0,0.0,0.0,0.0,0.0,0.0,0.0,14.28125,7.427083333333333,6.854166666666667,887.8672767439668,False,1411.543579,1136.687622,78.3,40.0,0.0,2.0,13.0,26.6,0.006857142857142863,0.039939671247257655,0.007430950687088649,1.0,,-16.5,52.5,-800.0,550.0,-16.5,52.5,-800.0,550.0,-15.0,52.5,0.8369711105257706,7.0,-15.0,52.5,0.8369711105257706,7.0,0.0,0.0,0.0,0.0,0.0,0.0,0.0,1.0,2026-10-04T15:22:29.487688+00:00,2026-10-04T15:22:29.487688+00:00,hourly_market_snapshots,DraftKings | ActionNetwork book 15 | ActionNetwork book 30 | ActionNetwork book 68 | ActionNetwork book 69 | ActionNetwork book 71 | ActionNetwork book 75,0.9505222685441109,0.6785558069707454,0.5996103258190644,-105.0,-110.0,LEAN,moneyline,Utah,ActionNetwork book 69,,0.029982363315696592,0.1,0.8888888888888888,-630.0,,-630.0,5.191777836311829,1.0
401856808,2026,6,2026-10-11T02:30:00.000Z,Hawai'i,Arizona State,19,33,19.278893221145267,32.76302585529701,13.484132634151738,52.04191907644228,-13.484132634151738,52.04191907644228,Arizona State,0.8285714285714286,83,0.8285714285714286,0.8285714285714286,,False,1100.0,,Arizona State,,,,,-483,,Hawai'i,7.62615021434494,1.0571428571428565,,Hawai'i,21.5,,8.015867365848262,0.6886791493422734,52.5,U,52,,0.45808092355772345,0.5109108621343265,4.629697356866025,50.92727269098567,74.25673254083426,2.229697356866025,15.536244818910234,6.0,ActionNetwork book 15 | ActionNetwork book 30 | ActionNetwork book 69 | ActionNetwork book 71 | ActionNetwork book 75 | primary,action_network | primary,"[{""away_ml"":1050.0,""away_spread_price"":-110.0,""home_ml"":-2500.0,""home_spread"":-21.5,""home_spread_price"":-112.0,""last_update"":null,""market_total"":52.5,""over_price"":-110.0,""provider"":""ActionNetwork book 15"",""source"":""action_network"",""under_price"":-111.0},{""away_ml"":660.0,""away_spread_price"":-110.0,""home_ml"":-1050.0,""home_spread"":-17.5,""home_spread_price"":-110.0,""last_update"":null,""market_total"":52.5,""over_price"":-110.0,""provider"":""ActionNetwork book 30"",""source"":""action_network"",""under_price"":-110.0},{""away_ml"":1000.0,""away_spread_price"":-110.0,""home_ml"":-2100.0,""home_spread"":-21.5,""home_spread_price"":-110.0,""last_update"":null,""market_total"":52.5,""over_price"":-110.0,""provider"":""ActionNetwork book 69"",""source"":""action_network"",""under_price"":-110.0},{""away_ml"":850.0,""away_spread_price"":100.0,""home_ml"":-2000.0,""home_spread"":-19.5,""home_spread_price"":-122.0,""last_update"":null,""market_total"":52.5,""over_price"":-109.0,""provider"":""ActionNetwork book 71"",""source"":""action_network"",""under_price"":-114.0},{""away_ml"":1100.0,""away_spread_price"":-105.0,""home_ml"":-2000.0,""home_spread"":-21.5,""home_spread_price"":-112.0,""last_update"":null,""market_total"":52.5,""over_price"":-108.0,""provider"":""ActionNetwork book 75"",""source"":""action_network"",""under_price"":-110.0},{""away_ml"":null,""away_spread_price"":null,""home_ml"":null,""home_spread"":null,""home_spread_price"":null,""last_update"":null,""market_total"":null,""over_price"":null,""provider"":""primary"",""source"":""primary"",""under_price"":null}]",-21.5,52.5,1.5999999999999999,0.0,4.0,0.0,-17.5,21.5,-110.0,-105.0,ActionNetwork book 30,ActionNetwork book 75,52.5,52.5,-108.0,-110.0,ActionNetwork book 75,ActionNetwork book 30,-1050.0,1100.0,ActionNetwork book 30,ActionNetwork book 75,0.904832930714878,0.016735927975116548,5.0,0.743532299728274,,,,,,,0.0,0.0,0.0,0.0,,,107.0,111.0,4.0,4.0,0.0,0.0,0.0,0.0,0.0,0.0,7.0,6.938194444444444,0.06180555555555589,2912.6367287185503,False,360.1569519,340.1569519,95.0,7.0,0.0,2.0,9.4,11.6,0.0,0.5,0.075,1.0,,,,,,,,,,-21.5,52.5,0.904832930714878,6.0,-21.5,52.5,0.904832930714878,6.0,,,,,0.0,0.0,0.0,1.0,2026-10-04T15:22:29.487688+00:00,2026-10-04T15:22:29.487688+00:00,hourly_market_snapshots,ActionNetwork book 15 | ActionNetwork book 30 | ActionNetwork book 69 | ActionNetwork book 71 | ActionNetwork book 75 | primary,0.930753720926634,0.6883541826975753,8.015867365848262,-105.0,-110.0,STRONG,spread,Hawai'i,ActionNetwork book 75,,0.34456405347777175,0.2,0.6886791493422734,-105.0,,21.5,8.015867365848262,1.0
401860901,2026,6,2026-10-11T02:30:00.000Z,Boise State,Fresno State,25,23,24.61248861345074,22.59838835510715,-2.0141002583435865,47.21087696855789,2.0141002583435865,47.21087696855789,Boise State,0.5507246376811594,55,0.4492753623188406,0.5507246376811594,,False,,350.0,Boise State,,,,,-123,,Fresno State,19.688348843474156,1.0217391304347825,,Fresno State,10.5,,8.485899741656414,0.6988047867231229,49.5,U,47,,2.2891230314421094,0.5565213781019557,-0.2752669834928625,47.21565892906519,-27.768238882433707,-2.675266983492861,17.37894993164472,6.0,ActionNetwork book 15 | ActionNetwork book 30 | ActionNetwork book 69 | ActionNetwork book 71 | ActionNetwork book 75 | primary,action_network | primary,"[{""away_ml"":-330.0,""away_spread_price"":-110.0,""home_ml"":260.0,""home_spread"":8.0,""home_spread_price"":-110.0,""last_update"":null,""market_total"":48.5,""over_price"":-110.0,""provider"":""ActionNetwork book 15"",""source"":""action_network"",""under_price"":-110.0},{""away_ml"":-465.0,""away_spread_price"":-110.0,""home_ml"":350.0,""home_spread"":10.5,""home_spread_price"":-110.0,""last_update"":null,""market_total"":49.5,""over_price"":-110.0,""provider"":""ActionNetwork book 30"",""source"":""action_network"",""under_price"":-110.0},{""away_ml"":-330.0,""away_spread_price"":-106.0,""home_ml"":260.0,""home_spread"":8.5,""home_spread_price"":-114.0,""last_update"":null,""market_total"":48.5,""over_price"":-110.0,""provider"":""ActionNetwork book 69"",""source"":""action_network"",""under_price"":-110.0},{""away_ml"":-360.0,""away_spread_price"":-107.0,""home_ml"":270.0,""home_spread"":8.5,""home_spread_price"":-115.0,""last_update"":null,""market_total"":48.5,""over_price"":-110.0,""provider"":""ActionNetwork book 71"",""source"":""action_network"",""under_price"":-113.0},{""away_ml"":-325.0,""away_spread_price"":-110.0,""home_ml"":270.0,""home_spread"":8.0,""home_spread_price"":-108.0,""last_update"":null,""market_total"":48.5,""over_price"":-108.0,""provider"":""ActionNetwork book 75"",""source"":""action_network"",""under_price"":-110.0},{""away_ml"":null,""away_spread_price"":null,""home_ml"":null,""home_spread"":null,""home_spread_price"":null,""last_update"":null,""market_total"":null,""over_price"":null,""provider"":""primary"",""source"":""primary"",""under_price"":null}]",8.5,48.5,0.9273618495495703,0.4,2.5,1.0,10.5,-8.0,-110.0,-110.0,ActionNetwork book 30,ActionNetwork book 15,48.5,49.5,-108.0,-110.0,ActionNetwork book 75,ActionNetwork book 30,350.0,-325.0,ActionNetwork book 30,ActionNetwork book 75,0.252391873884099,0.02017599886118691,5.0,0.7932268818981503,,,,,,,0.0,0.0,0.0,0.0,,,118.0,114.0,5.0,4.0,0.0,0.017543859649122806,0.0,0.0043859649122807015,0.0043859649122807015,0.0043859649122807015,7.041666666666667,7.125,-0.08333333333333304,505.16897573023516,False,102.564064,-720.6580428999999,89.4,4.0,0.0,3.0,7.4,8.1,0.0,0.0,0.002807017543859649,1.0,,,,,,,,,,8.5,48.5,0.252391873884099,6.0,8.5,48.5,0.252391873884099,6.0,,,,,0.0,0.0,0.0,1.0,2026-10-04T15:22:29.487688+00:00,2026-10-04T15:22:29.487688+00:00,hourly_market_snapshots,ActionNetwork book 15 | ActionNetwork book 30 | ActionNetwork book 69 | ActionNetwork book 71 | ActionNetwork book 75 | primary,0.9441712581125006,0.6914356073273121,6.4858997416564135,-110.0,-110.0,STRONG,spread,Fresno State,ActionNetwork book 30,,0.33408186556232544,0.2,0.6988047867231229,-110.0,,10.5,8.485899741656414,1.0
